local_id,local_name,local_slug,supabase_id,supabase_name,supabase_slug,match_method,confidence,local_category,supabase_category,local_equipment,supabase_equipment,local_video_asset,supabase_media_path,status,reason
1,Partner plank band row,partner-plank-band-row,,,,UNMATCHED,0.00,Abdominals,,Bands,,,,UNMATCHED,no deterministic Supabase slug/name/alias/media match
2,Banded crunch isometric hold,banded-crunch-isometric-hold,,,,UNMATCHED,0.00,Abdominals,,Bands,,,,UNMATCHED,no deterministic Supabase slug/name/alias/media match
3,FYR Banded Plank Jack,banded-plank-jack,,,,UNMATCHED,0.00,Abdominals,,Bands,,,,UNMATCHED,no deterministic Supabase slug/name/alias/media match
4,Banded crunch,banded-crunch,,,,UNMATCHED,0.00,Abdominals,,Bands,,,,UNMATCHED,no deterministic Supabase slug/name/alias/media match
5,Crunch,crunch,2,Sit-Up,sit-up,ALIAS_MEDIA_MATCH,0.99,Abdominals,ABS,Bands,Body Only,sit-up.mp4,video/ABS/gif-male/conventional sit-up male.gif,CONFLICT,local linked video filename equals Supabase media filename: sit-up.mp4; incompatible  equipment
6,Decline band press sit-up,decline-band-press-sit-up,,,,UNMATCHED,0.00,Abdominals,,Bands,,,,UNMATCHED,no deterministic Supabase slug/name/alias/media match
7,FYR2 Banded Frog Pump,banded-frog-pump,,,,UNMATCHED,0.00,Abdominals,,Bands,,,,UNMATCHED,no deterministic Supabase slug/name/alias/media match
8,Band low-to-high twist,band-low-to-high-twist,,,,UNMATCHED,0.00,Abdominals,,Bands,,,,UNMATCHED,no deterministic Supabase slug/name/alias/media match
9,Barbell roll-out,barbell-roll-out,,,,UNMATCHED,0.00,Abdominals,,Barbell,,,,UNMATCHED,no deterministic Supabase slug/name/alias/media match
10,Barbell Ab Rollout - On Knees,barbell-ab-rollout-on-knees,,,,UNMATCHED,0.00,Abdominals,,Barbell,,,,UNMATCHED,no deterministic Supabase slug/name/alias/media match
11,Decline bar press sit-up,decline-bar-press-sit-up,,,,UNMATCHED,0.00,Abdominals,,Barbell,,,,UNMATCHED,no deterministic Supabase slug/name/alias/media match
12,Bench barbell roll-out,bench-barbell-roll-out,,,,UNMATCHED,0.00,Abdominals,,Barbell,,,,UNMATCHED,no deterministic Supabase slug/name/alias/media match
13,Barbell Side Bend,barbell-side-bend,10,Side Bend Abs,side-bend-abs,REVIEW,0.50,Abdominals,ABS,Barbell,Suspended,,video/ABS/gif-female/Abs with side bend FEMME.gif,CONFLICT,candidate similarity score 0.50; incompatible  equipment
14,Seated bar twist,seated-bar-twist,,,,UNMATCHED,0.00,Abdominals,,Barbell,,,,UNMATCHED,no deterministic Supabase slug/name/alias/media match
15,Single-arm landmine pull and press,single-arm-landmine-pull-and-press,,,,UNMATCHED,0.00,Abdominals,,Barbell,,,,UNMATCHED,no deterministic Supabase slug/name/alias/media match
16,Barbell Ab Roll Out - Gethin Variation,barbell-ab-roll-out,,,,UNMATCHED,0.00,Abdominals,,Barbell,,,,UNMATCHED,no deterministic Supabase slug/name/alias/media match
17,30 Barbell Floor Wiper,30-barbell-floor-wiper,,,,UNMATCHED,0.00,Abdominals,,Barbell,,,,UNMATCHED,no deterministic Supabase slug/name/alias/media match
18,30 Barbell Roll-Out,30-barbell-roll-out,,,,UNMATCHED,0.00,Abdominals,,Barbell,,,,UNMATCHED,no deterministic Supabase slug/name/alias/media match
19,Decline plate sit-up,decline-plate-sit-up,2,Sit-Up,sit-up,REVIEW,0.50,Abdominals,ABS,Barbell,Body Only,,video/ABS/gif-male/conventional sit-up male.gif,CONFLICT,candidate similarity score 0.50; incompatible  equipment
20,KV Barbell Hip Thrust,kv-barbell-hip-thrust,588,Barbell Hip Thrust,barbell-hip-thrust,REVIEW,0.74,Abdominals,full legs,Barbell,Barbell,,video/full legs/videos/Barbell Hip Thrust.mp4,CONFLICT,candidate similarity score 0.75; incompatible category
21,Advanced Kettlebell Windmill,advanced-kettlebell-windmill,,,,UNMATCHED,0.00,Abdominals,,Kettlebells,,,,UNMATCHED,no deterministic Supabase slug/name/alias/media match
22,Kettlebell Windmill,kettlebell-windmill,,,,UNMATCHED,0.00,Abdominals,,Kettlebells,,,,UNMATCHED,no deterministic Supabase slug/name/alias/media match
23,Kettlebell Pass Between The Legs,kettlebell-pass-between-the-legs,,,,UNMATCHED,0.00,Abdominals,,Kettlebells,,,,UNMATCHED,no deterministic Supabase slug/name/alias/media match
24,Kettlebell 3-point leg extension,kettlebell-3-point-leg-extension,,,,UNMATCHED,0.00,Abdominals,,Kettlebells,,,,UNMATCHED,no deterministic Supabase slug/name/alias/media match
25,Double Kettlebell Swing,double-kettlebell-swing,,,,UNMATCHED,0.00,Abdominals,,Kettlebells,,,,UNMATCHED,no deterministic Supabase slug/name/alias/media match
26,Burpee over kettlebell,burpee-over-kettlebell,,,,UNMATCHED,0.00,Abdominals,,Kettlebells,,,,UNMATCHED,no deterministic Supabase slug/name/alias/media match
27,Kettlebell toe-touch,kettlebell-toe-touch,9,Toe Touch Crunch,toe-touch-crunch,REVIEW,0.50,Abdominals,ABS,Kettlebells,Bodyweight,,video/ABS/gif-female/Full-range toe-touch crunches FEMME.gif,CONFLICT,candidate similarity score 0.50; incompatible  equipment
28,Kettlebell swing,kettlebell-swing,,,,UNMATCHED,0.00,Abdominals,,Kettlebells,,,,UNMATCHED,no deterministic Supabase slug/name/alias/media match
29,Two-way swing,two-way-swing,,,,UNMATCHED,0.00,Abdominals,,Kettlebells,,,,UNMATCHED,no deterministic Supabase slug/name/alias/media match
30,Kettlebell crab reach,kettlebell-crab-reach,,,,UNMATCHED,0.00,Abdominals,,Kettlebells,,,,UNMATCHED,no deterministic Supabase slug/name/alias/media match
31,Taylor Single-Arm Kettlebell Swing,taylor-single-arm-kettlebell-swing,,,,UNMATCHED,0.00,Abdominals,,Kettlebells,,,,UNMATCHED,no deterministic Supabase slug/name/alias/media match
32,Holman Kettlebell Up to Elbow Down,holman-kettlebell-up-to-elbow-down,,,,UNMATCHED,0.00,Abdominals,,Kettlebells,,,,UNMATCHED,no deterministic Supabase slug/name/alias/media match
33,FYR2 Double-Kettlebell Ski,double-kettlebell-ski,,,,UNMATCHED,0.00,Abdominals,,Kettlebells,,,,UNMATCHED,no deterministic Supabase slug/name/alias/media match
34,FYR2 Kettlebell Hike,kettlebell-hike,,,,UNMATCHED,0.00,Abdominals,,Kettlebells,,,,UNMATCHED,no deterministic Supabase slug/name/alias/media match
35,FYR2 Kettlebell Cross-Body Catch,kettlebell-cross-body-catch,,,,UNMATCHED,0.00,Abdominals,,Kettlebells,,,,UNMATCHED,no deterministic Supabase slug/name/alias/media match
36,FYR2 Kettlebell Duck Walk,kettlebell-duck-walk,,,,UNMATCHED,0.00,Abdominals,,Kettlebells,,,,UNMATCHED,no deterministic Supabase slug/name/alias/media match
37,FYR2 Kettlebell Get-Up Reach,kettlebell-get-up-reach,,,,UNMATCHED,0.00,Abdominals,,Kettlebells,,,,UNMATCHED,no deterministic Supabase slug/name/alias/media match
38,FYR2 Kettlebell Juggle,kettlebell-juggle,,,,UNMATCHED,0.00,Abdominals,,Kettlebells,,,,UNMATCHED,no deterministic Supabase slug/name/alias/media match
39,FYR2 Squat-Clean-Alternating-Press Complex,squat-clean-alternating-press-complex,,,,UNMATCHED,0.00,Abdominals,,Kettlebells,,,,UNMATCHED,no deterministic Supabase slug/name/alias/media match
40,Dumbbell V-Sit Cross Jab,dumbbell-v-sit-cross-jab,,,,UNMATCHED,0.00,Abdominals,,Dumbbell,,,,UNMATCHED,no deterministic Supabase slug/name/alias/media match
41,Dumbbell spell caster,dumbbell-spell-caster,,,,UNMATCHED,0.00,Abdominals,,Dumbbell,,,,UNMATCHED,no deterministic Supabase slug/name/alias/media match
42,Dumbbell side bend,dumbbell-side-bend,10,Side Bend Abs,side-bend-abs,REVIEW,0.50,Abdominals,ABS,Dumbbell,Suspended,,video/ABS/gif-female/Abs with side bend FEMME.gif,CONFLICT,candidate similarity score 0.50; incompatible  equipment
43,Dumbbell crunch,dumbbell-crunch,,,,UNMATCHED,0.00,Abdominals,,Dumbbell,,,,UNMATCHED,no deterministic Supabase slug/name/alias/media match
44,Dumbbell Fix Dumbbell Sprawl,dumbbell-fix-dumbbell-sprawl,,,,UNMATCHED,0.00,Abdominals,,Dumbbell,,,,UNMATCHED,no deterministic Supabase slug/name/alias/media match
45,Dumbbell Fix Alternating Renegade Row,dumbbell-fix-alternating-renegade-row,,,,UNMATCHED,0.00,Abdominals,,Dumbbell,,,,UNMATCHED,no deterministic Supabase slug/name/alias/media match
46,Dumbbell Fix Dumbbell Mountain Climber,dumbbell-fix-dumbbell-mountain-climber,13,Mountain Climber,mountain-climber,REVIEW,0.50,Abdominals,ABS,Dumbbell,Body Only,,video/ABS/gif-female/Climber abs femme.gif,CONFLICT,candidate similarity score 0.50; incompatible  equipment
47,Dumbbell Fix Dumbbell Russian Twist,dumbbell-fix-dumbbell-russian-twist,3,Russian Twist,russian-twist,REVIEW,0.50,Abdominals,ABS,Dumbbell,Body Only,,video/ABS/gif-male/Russian twist male.gif,CONFLICT,candidate similarity score 0.50; incompatible  equipment
48,Dumbbell Fix Dumbbell Pull-Over,dumbbell-fix-dumbbell-pullover,203,Dumbbell Pullover,dumbbell-pullover,REVIEW,0.67,Abdominals,Chest,Dumbbell,Dumbbell,,video/Chest/gif-male/dumbbell-pullover male.gif,CONFLICT,candidate similarity score 0.67; incompatible category
49,Dumbbell Fix Dumbbell Sit-Up,dumbbell-fix-dumbbell-sit-up,2,Sit-Up,sit-up,REVIEW,0.50,Abdominals,ABS,Dumbbell,Body Only,,video/ABS/gif-male/conventional sit-up male.gif,CONFLICT,candidate similarity score 0.50; incompatible  equipment
50,Dumbbell Fix Dumbbell Front Squat,dumbbell-fix-dumbbell-front-squat,,,,UNMATCHED,0.00,Abdominals,,Dumbbell,,,,UNMATCHED,no deterministic Supabase slug/name/alias/media match
51,Dumbbell Fix Full Man Maker,dumbbell-fix-full-man-maker,,,,UNMATCHED,0.00,Abdominals,,Dumbbell,,,,UNMATCHED,no deterministic Supabase slug/name/alias/media match
52,Dumbbell T-hold,dumbbell-t-hold,,,,UNMATCHED,0.00,Abdominals,,Dumbbell,,,,UNMATCHED,no deterministic Supabase slug/name/alias/media match
53,Dumbbell hollow-body floor press,dumbbell-hollow-body-floor-press,,,,UNMATCHED,0.00,Abdominals,,Dumbbell,,,,UNMATCHED,no deterministic Supabase slug/name/alias/media match
54,Dumbbell crusher,dumbbell-crusher,,,,UNMATCHED,0.00,Abdominals,,Dumbbell,,,,UNMATCHED,no deterministic Supabase slug/name/alias/media match
55,Dumbbell Crunch - Gethin Variation,dumbbell-crunch,,,,UNMATCHED,0.00,Abdominals,,Dumbbell,,,,UNMATCHED,no deterministic Supabase slug/name/alias/media match
56,Single-arm dumbbell crunch,single-arm-dumbbell-crunch,63,Single-Arm Dumbbell Row,single-arm-dumbbell-row,REVIEW,0.60,Abdominals,BACK and TRAPEZIUS,Dumbbell,Dumbbell,,video/BACK and TRAPEZIUS/gif-female/Single-arm row with bench support femme.gif,CONFLICT,candidate similarity score 0.60; incompatible category
57,HM Alternating Dumbbell Plank Row,hm-alternating-dumbbell-plank-row,,,,UNMATCHED,0.00,Abdominals,,Dumbbell,,,,UNMATCHED,no deterministic Supabase slug/name/alias/media match
58,Dumbbell straight-legged hip raise,dumbbell-straight-legged-hip-raise,,,,UNMATCHED,0.00,Abdominals,,Dumbbell,,,,UNMATCHED,no deterministic Supabase slug/name/alias/media match
59,Seated leg tuck with dumbbell,seated-leg-tuck-with-dumbbell,,,,UNMATCHED,0.00,Abdominals,,Dumbbell,,,,UNMATCHED,no deterministic Supabase slug/name/alias/media match
60,Dumbbell V-sit cross jab-,dumbbell-v-sit-cross-jab,,,,UNMATCHED,0.00,Abdominals,,Dumbbell,,,,UNMATCHED,no deterministic Supabase slug/name/alias/media match
61,30 Hanging Leg Raise With Dumbbell,30-hanging-leg-raise-with-dumbbell,,,,UNMATCHED,0.00,Abdominals,,Dumbbell,,,,UNMATCHED,no deterministic Supabase slug/name/alias/media match
62,Dumbbell Get-Up Sit-Up,dumbbell-get-up-sit-up,2,Sit-Up,sit-up,REVIEW,0.50,Abdominals,ABS,Dumbbell,Body Only,,video/ABS/gif-male/conventional sit-up male.gif,CONFLICT,candidate similarity score 0.50; incompatible  equipment
63,Holman Right Side Plank with Left Triceps Press,holman-right-side-plank-with-left-triceps-press,,,,UNMATCHED,0.00,Abdominals,,Dumbbell,,,,UNMATCHED,no deterministic Supabase slug/name/alias/media match
64,Holman Left Side Plank with Right Triceps Press,holman-left-side-plank-with-right-triceps-press,,,,UNMATCHED,0.00,Abdominals,,Dumbbell,,,,UNMATCHED,no deterministic Supabase slug/name/alias/media match
65,Holman Boat with Feet Push-Out and Overhead Press,holman-boat-with-feet-push-out-and-overhead-press,,,,UNMATCHED,0.00,Abdominals,,Dumbbell,,,,UNMATCHED,no deterministic Supabase slug/name/alias/media match
66,Holman Hovering Plank Row,holman-hovering-plank-row,,,,UNMATCHED,0.00,Abdominals,,Dumbbell,,,,UNMATCHED,no deterministic Supabase slug/name/alias/media match
67,Holman Weighted Seated Killer Abs to Russian Twist,holman-weighted-seated-killer-abs-to-russian-twist,,,,UNMATCHED,0.00,Abdominals,,Dumbbell,,,,UNMATCHED,no deterministic Supabase slug/name/alias/media match
68,Holman Straight Plank Dumbbell Reach-Under,holman-straight-plank-dumbbell-reach-under,,,,UNMATCHED,0.00,Abdominals,,Dumbbell,,,,UNMATCHED,no deterministic Supabase slug/name/alias/media match
69,Holman Straight-Arm Side Plank Overhead Press to Chest Press,holman-straight-arm-side-plank-overhead-press-to-chest-press,,,,UNMATCHED,0.00,Abdominals,,Dumbbell,,,,UNMATCHED,no deterministic Supabase slug/name/alias/media match
70,Holman Weighted Burpee to Pike,holman-weighted-burpee-to-pike,,,,UNMATCHED,0.00,Abdominals,,Dumbbell,,,,UNMATCHED,no deterministic Supabase slug/name/alias/media match
71,Holman Straight-Legged Boat Chest Press,holman-straight-legged-boat-chest-press,,,,UNMATCHED,0.00,Abdominals,,Dumbbell,,,,UNMATCHED,no deterministic Supabase slug/name/alias/media match
72,Holman Weighted Burpee to Side Delt Raise,holman-weighted-burpee-to-side-delt-raise,,,,UNMATCHED,0.00,Abdominals,,Dumbbell,,,,UNMATCHED,no deterministic Supabase slug/name/alias/media match
73,Holman Heavy Double Pike,holman-heavy-double-pike,,,,UNMATCHED,0.00,Abdominals,,Dumbbell,,,,UNMATCHED,no deterministic Supabase slug/name/alias/media match
74,Holman Heavy Double Split Pike,holman-heavy-double-split-pike,,,,UNMATCHED,0.00,Abdominals,,Dumbbell,,,,UNMATCHED,no deterministic Supabase slug/name/alias/media match
75,MetaBurn Alternating Dumbbell Sit-Through,metaburn-alternating-dumbbell-sit-through,,,,UNMATCHED,0.00,Abdominals,,Dumbbell,,,,UNMATCHED,no deterministic Supabase slug/name/alias/media match
76,MetaBurn Alternating Plank Row With Dumbbell Pull-Through,metaburn-alternating-plank-row-with-dumbbell-pull-through,,,,UNMATCHED,0.00,Abdominals,,Dumbbell,,,,UNMATCHED,no deterministic Supabase slug/name/alias/media match
77,MetaBurn Alternating Plank Row With Push-Up,metaburn-alternating-plank-row-with-push-up,,,,UNMATCHED,0.00,Abdominals,,Dumbbell,,,,UNMATCHED,no deterministic Supabase slug/name/alias/media match
78,MetaBurn Dumbbell Russian Twist,metaburn-dumbbell-russian-twist,3,Russian Twist,russian-twist,REVIEW,0.50,Abdominals,ABS,Dumbbell,Body Only,,video/ABS/gif-male/Russian twist male.gif,CONFLICT,candidate similarity score 0.50; incompatible  equipment
79,MetaBurn Dumbbell Toe-Touch,metaburn-dumbbell-toe-touch,,,,UNMATCHED,0.00,Abdominals,,Dumbbell,,,,UNMATCHED,no deterministic Supabase slug/name/alias/media match
80,MetaBurn Plank To Alternating Row,metaburn-plank-to-alternating-row,,,,UNMATCHED,0.00,Abdominals,,Dumbbell,,,,UNMATCHED,no deterministic Supabase slug/name/alias/media match
81,Standing dumbbell knee crunch-,standing-dumbbell-knee-crunch,,,,UNMATCHED,0.00,Abdominals,,Dumbbell,,,,UNMATCHED,no deterministic Supabase slug/name/alias/media match
82,MetaBurn Plank With Dumbbell Rotation,metaburn-plank-with-dumbbell-rotation,,,,UNMATCHED,0.00,Abdominals,,Dumbbell,,,,UNMATCHED,no deterministic Supabase slug/name/alias/media match
83,FYR2 Dumbbell Crab Reach,dumbbell-crab-reach,,,,UNMATCHED,0.00,Abdominals,,Dumbbell,,,,UNMATCHED,no deterministic Supabase slug/name/alias/media match
84,FYR2 Dumbbell Man-Maker,dumbbell-man-maker,,,,UNMATCHED,0.00,Abdominals,,Dumbbell,,,,UNMATCHED,no deterministic Supabase slug/name/alias/media match
85,FYR2 Dumbbell Sit-Up Reach,dumbbell-sit-up-reach,2,Sit-Up,sit-up,REVIEW,0.50,Abdominals,ABS,Dumbbell,Body Only,,video/ABS/gif-male/conventional sit-up male.gif,CONFLICT,candidate similarity score 0.50; incompatible  equipment
86,FYR2 Loaded Beast Sprawl,loaded-beast-sprawl,,,,UNMATCHED,0.00,Abdominals,,Dumbbell,,,,UNMATCHED,no deterministic Supabase slug/name/alias/media match
87,FYR2 Loaded to Unloaded Beast,loaded-to-unloaded-beast,,,,UNMATCHED,0.00,Abdominals,,Dumbbell,,,,UNMATCHED,no deterministic Supabase slug/name/alias/media match
88,Lying Leg Pullover,lying-leg-pullover,,,,UNMATCHED,0.00,Abdominals,,Dumbbell,,,,UNMATCHED,no deterministic Supabase slug/name/alias/media match
89,Landmine twist,landmine-twist,,,,UNMATCHED,0.00,Abdominals,,Other,,,,UNMATCHED,no deterministic Supabase slug/name/alias/media match
90,Suspended ab fall-out,suspended-ab-fall-out,,,,UNMATCHED,0.00,Abdominals,,Other,,,,UNMATCHED,no deterministic Supabase slug/name/alias/media match
91,Decline reverse crunch,decline-reverse-crunch,17,Decline Crunch,decline-crunch,REVIEW,0.67,Abdominals,ABS,Other,Body Only,,video/ABS/gif-male/Complete decline bench for abs MALE.gif,CONFLICT,candidate similarity score 0.67; incompatible  equipment
92,Plate Twist,plate-twist,,,,UNMATCHED,0.00,Abdominals,,Other,,,,UNMATCHED,no deterministic Supabase slug/name/alias/media match
93,Weighted Crunches,weighted-crunch,,,,UNMATCHED,0.00,Abdominals,,Other,,,,UNMATCHED,no deterministic Supabase slug/name/alias/media match
94,Ab Roller,ab-roller,,,,UNMATCHED,0.00,Abdominals,,Other,,,,UNMATCHED,no deterministic Supabase slug/name/alias/media match
95,Otis-Up,otis-up,,,,UNMATCHED,0.00,Abdominals,,Other,,,,UNMATCHED,no deterministic Supabase slug/name/alias/media match
96,Captain's chair knee raise,captain-s-chair-knee-raise,,,,UNMATCHED,0.00,Abdominals,,Other,,,,UNMATCHED,no deterministic Supabase slug/name/alias/media match
97,Sledgehammer swing,sledgehammer-swing,,,,UNMATCHED,0.00,Abdominals,,Other,,,,UNMATCHED,no deterministic Supabase slug/name/alias/media match
98,Decline bar press sit-up,decline-bar-press-sit-up,,,,UNMATCHED,0.00,Abdominals,,Barbell,,,,UNMATCHED,no deterministic Supabase slug/name/alias/media match
99,Pallof press,pallof-press,,,,UNMATCHED,0.00,Abdominals,,Other,,,,UNMATCHED,no deterministic Supabase slug/name/alias/media match
100,Weighted Sit-Ups - With Bands,weighted-sit-ups-with-bands,,,,UNMATCHED,0.00,Abdominals,,Other,,,,UNMATCHED,no deterministic Supabase slug/name/alias/media match
101,Suitcase crunch,suitcase-crunch,,,,UNMATCHED,0.00,Abdominals,,Other,,,,UNMATCHED,no deterministic Supabase slug/name/alias/media match
102,FYR Rope Jumping,rope-jumping,,,,UNMATCHED,0.00,Abdominals,,Other,,,,UNMATCHED,no deterministic Supabase slug/name/alias/media match
103,Barbell press sit-up,barbell-press-sit-up,2,Sit-Up,sit-up,REVIEW,0.50,Abdominals,ABS,Other,Body Only,,video/ABS/gif-male/conventional sit-up male.gif,CONFLICT,candidate similarity score 0.50; incompatible  equipment
104,Single-arm bent-over rear delt fly,single-arm-bent-over-rear-delt-fly,,,,UNMATCHED,0.00,Abdominals,,Other,,,,UNMATCHED,no deterministic Supabase slug/name/alias/media match
105,Captain's chair leg raise,captain-s-chair-leg-raise,52,Leg Raise,leg-raise,ALIAS_MEDIA_MATCH,0.99,Abdominals,ABS,Other,Bodyweight,leg raises.mp4,video/ABS/videos/leg raises.mp4,CONFLICT,local linked video filename equals Supabase media filename: leg raises.mp4; incompatible  equipment
106,Shoulder-Elevated One-Leg Hip Thrusts,shoulder-elevated-one-leg-hip-thrusts,,,,UNMATCHED,0.00,Abdominals,,Other,,,,UNMATCHED,no deterministic Supabase slug/name/alias/media match
107,Ab Twist - Gethin Variation,ab-twist,,,,UNMATCHED,0.00,Abdominals,,Other,,,,UNMATCHED,no deterministic Supabase slug/name/alias/media match
108,Weighted Crunch - Gethin Variation,weighted-crunch,,,,UNMATCHED,0.00,Abdominals,,Other,,,,UNMATCHED,no deterministic Supabase slug/name/alias/media match
109,Ab Wheel Roll-Out - Gethin Variation,ab-wheel-roll-out,,,,UNMATCHED,0.00,Abdominals,,Other,,,,UNMATCHED,no deterministic Supabase slug/name/alias/media match
110,Bench crunch,bench-crunch,,,,UNMATCHED,0.00,Abdominals,,Other,,,,UNMATCHED,no deterministic Supabase slug/name/alias/media match
111,Decline plate sit-up twist,decline-plate-sit-up-twist,,,,UNMATCHED,0.00,Abdominals,,Other,,,,UNMATCHED,no deterministic Supabase slug/name/alias/media match
112,Reverse ab roll-out,reverse-ab-roll-out,,,,UNMATCHED,0.00,Abdominals,,Other,,,,UNMATCHED,no deterministic Supabase slug/name/alias/media match
113,30 Seated Twist With PVC Pipe,30-seated-twist-with-pvc-pipe,,,,UNMATCHED,0.00,Abdominals,,Other,,,,UNMATCHED,no deterministic Supabase slug/name/alias/media match
114,Suspended crunch-,suspended-crunch,,,,UNMATCHED,0.00,Abdominals,,Other,,,,UNMATCHED,no deterministic Supabase slug/name/alias/media match
115,Suspended oblique crunch,suspended-oblique-crunch,43,Oblique Crunch,oblique-crunch,REVIEW,0.67,Abdominals,ABS,Other,Body Only,,video/ABS/gif-male/Oblique abs MALE.gif,CONFLICT,candidate similarity score 0.67; incompatible  equipment
116,Weighted sit-up,weighted-sit-up,47,Weighted Sit-Up,weighted-sit-up,EXACT_SLUG,1.00,Abdominals,ABS,Other,Other,,video/ABS/gif-male/weighted sit-ups male.gif,VERIFIED,local derived slug equals Supabase slug; normalized local name equals normalized Supabase name; local alias equals Supabase name: weighted sit up; local alias equals Supabase slug: weighted sit up
117,30 Decline Press Sit-Up,30-decline-press-sit-up,,,,UNMATCHED,0.00,Abdominals,,Other,,,,UNMATCHED,no deterministic Supabase slug/name/alias/media match
118,Holman Towel Reverse Plank Alternating Heel Pull-in,holman-towel-reverse-plank-alternating-heel-pull-in,,,,UNMATCHED,0.00,Abdominals,,Other,,,,UNMATCHED,no deterministic Supabase slug/name/alias/media match
119,Holman Boat with Weighted Cross Punch,holman-boat-with-weighted-cross-punch,,,,UNMATCHED,0.00,Abdominals,,Other,,,,UNMATCHED,no deterministic Supabase slug/name/alias/media match
120,Holman Weighted Hook Punch,holman-weighted-hook-punch,,,,UNMATCHED,0.00,Abdominals,,Other,,,,UNMATCHED,no deterministic Supabase slug/name/alias/media match
121,Holman Weighted Traveling Punch,holman-weighted-traveling-punch,,,,UNMATCHED,0.00,Abdominals,,Other,,,,UNMATCHED,no deterministic Supabase slug/name/alias/media match
122,Holman Weighted Uppercut Punch,holman-weighted-uppercut-punch,,,,UNMATCHED,0.00,Abdominals,,Other,,,,UNMATCHED,no deterministic Supabase slug/name/alias/media match
123,Holman Slow Weighted Double Pike,holman-slow-weighted-double-pike,,,,UNMATCHED,0.00,Abdominals,,Other,,,,UNMATCHED,no deterministic Supabase slug/name/alias/media match
124,Holman Plate Straight Plank Reach,holman-plate-straight-plank-reach,,,,UNMATCHED,0.00,Abdominals,,Other,,,,UNMATCHED,no deterministic Supabase slug/name/alias/media match
125,Holman Plate Elbow Plank Jack to Straight Plank Jack,holman-plate-elbow-plank-jack-to-straight-plank-jack,,,,UNMATCHED,0.00,Abdominals,,Other,,,,UNMATCHED,no deterministic Supabase slug/name/alias/media match
126,Holman Plate Hill Climber,holman-plate-hill-climber,,,,UNMATCHED,0.00,Abdominals,,Other,,,,UNMATCHED,no deterministic Supabase slug/name/alias/media match
127,Holman Plate Reverse Plank Hill Climber,holman-plate-reverse-plank-hill-climber,,,,UNMATCHED,0.00,Abdominals,,Other,,,,UNMATCHED,no deterministic Supabase slug/name/alias/media match
128,Holman Plate Straight Plank Pike to Jack,holman-plate-straight-plank-pike-to-jack,,,,UNMATCHED,0.00,Abdominals,,Other,,,,UNMATCHED,no deterministic Supabase slug/name/alias/media match
129,Holman Plate In-and-Out Push-Up,holman-plate-in-and-out-push-up,,,,UNMATCHED,0.00,Abdominals,,Other,,,,UNMATCHED,no deterministic Supabase slug/name/alias/media match
130,Holman Plate Burpee,holman-plate-burpee,,,,UNMATCHED,0.00,Abdominals,,Other,,,,UNMATCHED,no deterministic Supabase slug/name/alias/media match
131,Holman Plate Elbow Plank Reach,holman-plate-elbow-plank-reach,,,,UNMATCHED,0.00,Abdominals,,Other,,,,UNMATCHED,no deterministic Supabase slug/name/alias/media match
132,Holman Elbow Plank to Renegade Row,holman-elbow-plank-to-renegade-row,,,,UNMATCHED,0.00,Abdominals,,Other,,,,UNMATCHED,no deterministic Supabase slug/name/alias/media match
133,Holman Straight Plank Weighted Hand Hill Climber,holman-straight-plank-weighted-hand-hill-climber,,,,UNMATCHED,0.00,Abdominals,,Other,,,,UNMATCHED,no deterministic Supabase slug/name/alias/media match
134,Holman Weighted Left Side Diagonal Pike,holman-weighted-left-side-diagonal-pike,,,,UNMATCHED,0.00,Abdominals,,Other,,,,UNMATCHED,no deterministic Supabase slug/name/alias/media match
135,Holman Weighted Right Side Diagonal Pike,holman-weighted-right-side-diagonal-pike,,,,UNMATCHED,0.00,Abdominals,,Other,,,,UNMATCHED,no deterministic Supabase slug/name/alias/media match
136,Holman Weighted W-Boat to Overhead Press,holman-weighted-w-boat-to-overhead-press,,,,UNMATCHED,0.00,Abdominals,,Other,,,,UNMATCHED,no deterministic Supabase slug/name/alias/media match
137,Holman Weighted Kneeling Lift,holman-weighted-kneeling-lift,,,,UNMATCHED,0.00,Abdominals,,Other,,,,UNMATCHED,no deterministic Supabase slug/name/alias/media match
138,Holman Hips-Up Weighted Pull-Over,holman-hips-up-weighted-pullover,,,,UNMATCHED,0.00,Abdominals,,Other,,,,UNMATCHED,no deterministic Supabase slug/name/alias/media match
139,Holman Weighted Cross Punch,holman-weighted-cross-punch,,,,UNMATCHED,0.00,Abdominals,,Other,,,,UNMATCHED,no deterministic Supabase slug/name/alias/media match
140,Holman Straight-Leg Boat Hover Chest Press,holman-straight-leg-boat-hover-chest-press,,,,UNMATCHED,0.00,Abdominals,,Other,,,,UNMATCHED,no deterministic Supabase slug/name/alias/media match
141,Holman Weighted Pike,holman-weighted-pike,,,,UNMATCHED,0.00,Abdominals,,Other,,,,UNMATCHED,no deterministic Supabase slug/name/alias/media match
142,Holman Feet-Elevated Wax-On Wax-Off,holman-feet-elevated-wax-on-wax-off,,,,UNMATCHED,0.00,Abdominals,,Other,,,,UNMATCHED,no deterministic Supabase slug/name/alias/media match
143,Holman Elbow Plank to Towel Pike,holman-elbow-plank-to-towel-pike,,,,UNMATCHED,0.00,Abdominals,,Other,,,,UNMATCHED,no deterministic Supabase slug/name/alias/media match
144,Holman Seated Killer Abs Overhead Press,holman-seated-killer-abs-overhead-press,,,,UNMATCHED,0.00,Abdominals,,Other,,,,UNMATCHED,no deterministic Supabase slug/name/alias/media match
145,Holman Straight Plank Alternating Weighted Open,holman-straight-plank-alternating-weighted-open,,,,UNMATCHED,0.00,Abdominals,,Other,,,,UNMATCHED,no deterministic Supabase slug/name/alias/media match
146,Holman Weighted Killer Abs with Overhead Press,holman-weighted-killer-abs-with-overhead-press,,,,UNMATCHED,0.00,Abdominals,,Other,,,,UNMATCHED,no deterministic Supabase slug/name/alias/media match
147,Holman Weighted Split-Leg Pike,holman-weighted-split-leg-pike,,,,UNMATCHED,0.00,Abdominals,,Other,,,,UNMATCHED,no deterministic Supabase slug/name/alias/media match
148,Holman Towel Reverse Plank Heel Pull-in,holman-towel-reverse-plank-heel-pull-in,,,,UNMATCHED,0.00,Abdominals,,Other,,,,UNMATCHED,no deterministic Supabase slug/name/alias/media match
149,Stick Twist,stick-twist,,,,UNMATCHED,0.00,Abdominals,,Other,,,,UNMATCHED,no deterministic Supabase slug/name/alias/media match
150,Roc Everest,roc-everest,,,,UNMATCHED,0.00,Abdominals,,Other,,,,UNMATCHED,no deterministic Supabase slug/name/alias/media match
151,Standing cable low-to-high twist,standing-cable-low-to-high-twist,251,High-to-Low Cable Crossover,high-to-low-cable-crossover,REVIEW,0.57,Abdominals,Chest,Cable,Cable,,video/Chest/gif-female/Cross over up to down femme.gif,CONFLICT,candidate similarity score 0.57; incompatible category
152,Single-arm high-cable side bend,single-arm-high-cable-side-bend,,,,UNMATCHED,0.00,Abdominals,,Cable,,,,UNMATCHED,no deterministic Supabase slug/name/alias/media match
153,Kneeling cable oblique crunch,kneeling-cable-oblique-crunch,7,Cable Crunch,cable-crunch,REVIEW,0.50,Abdominals,ABS,Cable,Cable,,video/ABS/videos/Cable Crunch (Kneeling).mp4,CONFLICT,candidate similarity score 0.50; multiple equal-confidence Supabase candidates
154,Kneeling cable crunch,kneeling-cable-crunch,7,Cable Crunch,cable-crunch,ALIAS_MEDIA_MATCH,0.99,Abdominals,ABS,Cable,Cable,Cable Crunch (Kneeling).mp4,video/ABS/videos/Cable Crunch (Kneeling).mp4,VERIFIED,local linked video filename equals Supabase media filename: Cable Crunch (Kneeling).mp4
155,Rope Crunch,rope-crunch,7,Cable Crunch,cable-crunch,ALIAS_MEDIA_MATCH,0.99,Abdominals,ABS,Cable,Cable,Cable Crunch (Kneeling).mp4,video/ABS/videos/Cable Crunch (Kneeling).mp4,VERIFIED,local linked video filename equals Supabase media filename: Cable Crunch (Kneeling).mp4
156,Standing cable crunch,standing-cable-crunch,7,Cable Crunch,cable-crunch,ALIAS_MEDIA_MATCH,0.99,Abdominals,ABS,Cable,Cable,Cable Crunch (Kneeling).mp4,video/ABS/videos/Cable Crunch (Kneeling).mp4,VERIFIED,local linked video filename equals Supabase media filename: Cable Crunch (Kneeling).mp4
157,Bosu Ball Cable Crunch With Side Bends,bosu-ball-cable-crunch-with-side-bends,,,,UNMATCHED,0.00,Abdominals,,Cable,,,,UNMATCHED,no deterministic Supabase slug/name/alias/media match
158,Standing Cable Wood Chop,standing-cable-wood-chop,,,,UNMATCHED,0.00,Abdominals,,Cable,,,,UNMATCHED,no deterministic Supabase slug/name/alias/media match
159,Cable reverse crunch,cable-reverse-crunch,7,Cable Crunch,cable-crunch,HIGH_CONFIDENCE,0.67,Abdominals,ABS,Cable,Cable,,video/ABS/videos/Cable Crunch (Kneeling).mp4,HIGH_CONFIDENCE,context-constrained similarity score 0.67
160,Cable Russian Twists,cable-russian-twist,3,Russian Twist,russian-twist,REVIEW,0.67,Abdominals,ABS,Cable,Body Only,,video/ABS/gif-male/Russian twist male.gif,CONFLICT,candidate similarity score 0.67; incompatible  equipment
161,Pallof press with rotation,pallof-press-with-rotation,,,,UNMATCHED,0.00,Abdominals,,Cable,,,,UNMATCHED,no deterministic Supabase slug/name/alias/media match
162,Cable Seated Crunch,cable-seated-crunch,7,Cable Crunch,cable-crunch,HIGH_CONFIDENCE,0.67,Abdominals,ABS,Cable,Cable,,video/ABS/videos/Cable Crunch (Kneeling).mp4,HIGH_CONFIDENCE,context-constrained similarity score 0.67
163,Cable Judo Flip,cable-judo-flip,,,,UNMATCHED,0.00,Abdominals,,Cable,,,,UNMATCHED,no deterministic Supabase slug/name/alias/media match
164,Exercise Ball Cable Crunch - Gethin Variation,exercise-ball-cable-crunch,7,Cable Crunch,cable-crunch,REVIEW,0.50,Abdominals,ABS,Cable,Cable,,video/ABS/videos/Cable Crunch (Kneeling).mp4,CONFLICT,candidate similarity score 0.50; multiple equal-confidence Supabase candidates
165,Standing cable high-to-low twist,standing-cable-high-to-low-twist,251,High-to-Low Cable Crossover,high-to-low-cable-crossover,REVIEW,0.57,Abdominals,Chest,Cable,Cable,,video/Chest/gif-female/Cross over up to down femme.gif,CONFLICT,candidate similarity score 0.57; incompatible category
166,Bent-Over Reverse Cable Fly,bent-over-reverse-cable-fly,646,Cable Reverse Fly,cable-reverse-fly,REVIEW,0.60,Abdominals,shoulders,Cable,Cable,,video/shoulders/videos/Cable Reverse Fly.mp4,CONFLICT,candidate similarity score 0.60; incompatible category
167,Standing Cable Crunch - Gethin Variation,standing-cable-crunch,7,Cable Crunch,cable-crunch,ALIAS_MEDIA_MATCH,0.99,Abdominals,ABS,Cable,Cable,Cable Crunch (Kneeling).mp4,video/ABS/videos/Cable Crunch (Kneeling).mp4,VERIFIED,local linked video filename equals Supabase media filename: Cable Crunch (Kneeling).mp4
168,AM Cable Crunch,cable-crunch,7,Cable Crunch,cable-crunch,EXACT_SLUG,1.00,Abdominals,ABS,Cable,Cable,Cable Crunch (Kneeling).mp4,video/ABS/videos/Cable Crunch (Kneeling).mp4,VERIFIED,local derived slug equals Supabase slug; normalized local name equals normalized Supabase name; local alias equals Supabase name: cable crunch; local alias equals Supabase slug: cable crunch; local linked video filename equals Supabase media filename: Cable Crunch (Kneeling).mp4
169,Tyler Holt Weighted Knee-To-Chest Crunch,tyler-holt-weighted-knee-to-chest-crunch,,,,UNMATCHED,0.00,Abdominals,,Cable,,,,UNMATCHED,no deterministic Supabase slug/name/alias/media match
170,Standing cable twist,standing-cable-twist,148,Standing Cable Row,standing-cable-row,REVIEW,0.50,Abdominals,BACK and TRAPEZIUS,Cable,Cable,,video/BACK and TRAPEZIUS/gif-male/standing-cable-row male.gif,CONFLICT,candidate similarity score 0.50; incompatible category
171,30 Cable Rope Crunch,30-cable-rope-crunch,7,Cable Crunch,cable-crunch,REVIEW,0.50,Abdominals,ABS,Cable,Cable,,video/ABS/videos/Cable Crunch (Kneeling).mp4,REVIEW,candidate similarity score 0.50
172,30 Cable Rope Oblique Crunch,30-cable-rope-oblique-crunch,,,,UNMATCHED,0.00,Abdominals,,Cable,,,,UNMATCHED,no deterministic Supabase slug/name/alias/media match
173,Cable lying twist on ball,cable-lying-twist-on-ball,,,,UNMATCHED,0.00,Abdominals,,Cable,,,,UNMATCHED,no deterministic Supabase slug/name/alias/media match
174,30 Cable Pallof Press,30-cable-pallof-press,,,,UNMATCHED,0.00,Abdominals,,Cable,,,,UNMATCHED,no deterministic Supabase slug/name/alias/media match
175,30 Cable Reverse Crunch On Ball,30-cable-reverse-crunch-on-ball,,,,UNMATCHED,0.00,Abdominals,,Cable,,,,UNMATCHED,no deterministic Supabase slug/name/alias/media match
176,30 Cable Reverse Crunch,30-cable-reverse-crunch,7,Cable Crunch,cable-crunch,REVIEW,0.50,Abdominals,ABS,Cable,Cable,,video/ABS/videos/Cable Crunch (Kneeling).mp4,REVIEW,candidate similarity score 0.50
177,Tyler Holt Cable Torso Twist,tyler-holt-cable-torso-twist,,,,UNMATCHED,0.00,Abdominals,,Cable,,,,UNMATCHED,no deterministic Supabase slug/name/alias/media match
178,Single-Arm Cable Outward-Facing Biceps Curl,single-arm-cable-outward-facing-biceps-curl,461,Cable One Arm Curl,cable-one-arm-curl,REVIEW,0.57,Abdominals,Full Arms,Cable,Cable,,video/Full Arms/Biceps and Forearm/gif-female/cable-one-arm-curl femme.gif,CONFLICT,candidate similarity score 0.57; incompatible category
179,Biceps Rope Curl,biceps-rope-curl,,,,UNMATCHED,0.00,Abdominals,,Cable,,,,UNMATCHED,no deterministic Supabase slug/name/alias/media match
180,Kneeling Cable Crunches,kneeling-cable-crunch,7,Cable Crunch,cable-crunch,ALIAS_MEDIA_MATCH,0.99,Abdominals,ABS,Cable,Cable,Cable Crunch (Kneeling).mp4,video/ABS/videos/Cable Crunch (Kneeling).mp4,VERIFIED,local linked video filename equals Supabase media filename: Cable Crunch (Kneeling).mp4
181,Ab Crunch Machine,ab-crunch-machine,,,,UNMATCHED,0.00,Abdominals,,Machine,,,,UNMATCHED,no deterministic Supabase slug/name/alias/media match
182,Smith machine straight-legged hip raise,smith-machine-straight-legged-hip-raise,,,,UNMATCHED,0.00,Abdominals,,Machine,,,,UNMATCHED,no deterministic Supabase slug/name/alias/media match
183,Machine crunch,machine-crunch,,,,UNMATCHED,0.00,Abdominals,,Machine,,,,UNMATCHED,no deterministic Supabase slug/name/alias/media match
184,AM Ab Machine,ab-machine,,,,UNMATCHED,0.00,Abdominals,,Machine,,,,UNMATCHED,no deterministic Supabase slug/name/alias/media match
185,Smith machine V-up,smith-machine-v-up,,,,UNMATCHED,0.00,Abdominals,,Machine,,,,UNMATCHED,no deterministic Supabase slug/name/alias/media match
186,Elbow plank,elbow-plank,4,Plank,plank,ALIAS_MEDIA_MATCH,0.99,Abdominals,ABS,Body Only,Bodyweight,Plank .mp4,video/ABS/gif-female/Plank femme.gif,VERIFIED,local linked video filename equals Supabase media filename: Plank .mp4
187,Bottoms Up,bottoms-up,,,,UNMATCHED,0.00,Abdominals,,Body Only,,,,UNMATCHED,no deterministic Supabase slug/name/alias/media match
188,Spider crawl,spider-crawl,,,,UNMATCHED,0.00,Abdominals,,Body Only,,,,UNMATCHED,no deterministic Supabase slug/name/alias/media match
189,Cocoons,cocoons,,,,UNMATCHED,0.00,Abdominals,,Body Only,,,,UNMATCHED,no deterministic Supabase slug/name/alias/media match
190,Cross-Body Crunch,cross-body-crunch,,,,UNMATCHED,0.00,Abdominals,,Body Only,,,,UNMATCHED,no deterministic Supabase slug/name/alias/media match
191,Elbow-to-knee crunch,elbow-to-knee-crunch,,,,UNMATCHED,0.00,Abdominals,,Body Only,,,,UNMATCHED,no deterministic Supabase slug/name/alias/media match
192,Decline Crunch,decline-crunch,17,Decline Crunch,decline-crunch,EXACT_SLUG,1.00,Abdominals,ABS,Body Only,Body Only,,video/ABS/gif-male/Complete decline bench for abs MALE.gif,VERIFIED,local derived slug equals Supabase slug; normalized local name equals normalized Supabase name; local alias equals Supabase name: decline crunch; local alias equals Supabase slug: decline crunch
193,Hanging toes-to-bar,hanging-toes-to-bar,,,,UNMATCHED,0.00,Abdominals,,Body Only,,,,UNMATCHED,no deterministic Supabase slug/name/alias/media match
194,Hanging Oblique Knee Raise,hanging-oblique-knee-raise,38,Hanging Knee Raise,hanging-knee-raise,HIGH_CONFIDENCE,0.75,Abdominals,ABS,Body Only,Bodyweight,,video/ABS/gif-male/Hanging Knee Raises male.gif,HIGH_CONFIDENCE,context-constrained similarity score 0.75
195,Gorilla Chin/Crunch,gorilla-chin-crunch,,,,UNMATCHED,0.00,Abdominals,,Body Only,,,,UNMATCHED,no deterministic Supabase slug/name/alias/media match
196,Hanging leg raise,hanging-leg-raise,52,Leg Raise,leg-raise,ALIAS_MEDIA_MATCH,0.99,Abdominals,ABS,Body Only,Bodyweight,leg raises.mp4,video/ABS/videos/leg raises.mp4,VERIFIED,local linked video filename equals Supabase media filename: leg raises.mp4
197,Mountain climber,mountain-climber,13,Mountain Climber,mountain-climber,EXACT_SLUG,1.00,Abdominals,ABS,Body Only,Body Only,,video/ABS/gif-female/Climber abs femme.gif,VERIFIED,local derived slug equals Supabase slug; normalized local name equals normalized Supabase name; local alias equals Supabase name: mountain climber; local alias equals Supabase slug: mountain climber
198,Ab bicycle,ab-bicycle,,,,UNMATCHED,0.00,Abdominals,,Body Only,,,,UNMATCHED,no deterministic Supabase slug/name/alias/media match
199,3/4 sit-up,3-4-sit-up,2,Sit-Up,sit-up,REVIEW,0.50,Abdominals,ABS,Body Only,Body Only,,video/ABS/gif-male/conventional sit-up male.gif,REVIEW,candidate similarity score 0.50
200,Reverse crunch,reverse-crunch,,,,UNMATCHED,0.00,Abdominals,,Body Only,,,,UNMATCHED,no deterministic Supabase slug/name/alias/media match
201,Crunches,crunch,2,Sit-Up,sit-up,ALIAS_MEDIA_MATCH,0.99,Abdominals,ABS,Body Only,Body Only,sit-up.mp4,video/ABS/gif-male/conventional sit-up male.gif,VERIFIED,local linked video filename equals Supabase media filename: sit-up.mp4
202,Dead bug reach,dead-bug-reach,35,Dead Bug,dead-bug,HIGH_CONFIDENCE,0.67,Abdominals,ABS,Body Only,Bodyweight,,video/ABS/gif-male/Dead bug male.gif,HIGH_CONFIDENCE,context-constrained similarity score 0.67
203,Crunch - Hands Overhead,crunch-hands-overhead,,,,UNMATCHED,0.00,Abdominals,,Body Only,,,,UNMATCHED,no deterministic Supabase slug/name/alias/media match
204,V-up,v-up,46,V Sit-Up,v-sit-up,HIGH_CONFIDENCE,0.67,Abdominals,ABS,Body Only,Bodyweight,,video/ABS/gif-male/v-sit-ups male.gif,HIGH_CONFIDENCE,context-constrained similarity score 0.67
205,Stomach Vacuum,stomach-vacuum,,,,UNMATCHED,0.00,Abdominals,,Body Only,,,,UNMATCHED,no deterministic Supabase slug/name/alias/media match
206,Russian twist,russian-twist,3,Russian Twist,russian-twist,EXACT_SLUG,1.00,Abdominals,ABS,Body Only,Body Only,russian twists.mp4,video/ABS/gif-male/Russian twist male.gif,VERIFIED,local derived slug equals Supabase slug; normalized local name equals normalized Supabase name; local alias equals Supabase name: russian twist; local alias equals Supabase slug: russian twist; local linked video filename equals Supabase media filename: russian twists.mp4
207,Flat Bench Lying Leg Raise,flat-bench-lying-leg-raise,33,Bench Leg Raise,bench-leg-raise,REVIEW,0.60,Abdominals,ABS,Body Only,Bench,,video/ABS/gif-male/Bench leg raise abs male.gif,CONFLICT,candidate similarity score 0.60; incompatible  equipment
208,Knees tucked crunch,knees-tucked-crunch,,,,UNMATCHED,0.00,Abdominals,,Body Only,,,,UNMATCHED,no deterministic Supabase slug/name/alias/media match
209,Butt-Ups,butt-ups,,,,UNMATCHED,0.00,Abdominals,,Body Only,,,,UNMATCHED,no deterministic Supabase slug/name/alias/media match
210,Feet-elevated oblique crunch,feet-elevated-oblique-crunch,43,Oblique Crunch,oblique-crunch,REVIEW,0.50,Abdominals,ABS,Body Only,Body Only,,video/ABS/gif-male/Oblique abs MALE.gif,REVIEW,candidate similarity score 0.50
211,Bent-knee reverse crunch,bent-knee-reverse-crunch,,,,UNMATCHED,0.00,Abdominals,,Body Only,,,,UNMATCHED,no deterministic Supabase slug/name/alias/media match
212,Alternating heel-touch,alternating-heel-touch,,,,UNMATCHED,0.00,Abdominals,,Body Only,,,,UNMATCHED,no deterministic Supabase slug/name/alias/media match
213,Suspended Reverse Crunch,suspended-reverse-crunch,,,,UNMATCHED,0.00,Abdominals,,Body Only,,,,UNMATCHED,no deterministic Supabase slug/name/alias/media match
214,Lying bench reverse crunch,lying-bench-reverse-crunch,,,,UNMATCHED,0.00,Abdominals,,Body Only,,,,UNMATCHED,no deterministic Supabase slug/name/alias/media match
215,Sit-up,sit-up,2,Sit-Up,sit-up,EXACT_SLUG,1.00,Abdominals,ABS,Body Only,Body Only,sit-up.mp4,video/ABS/gif-male/conventional sit-up male.gif,VERIFIED,local derived slug equals Supabase slug; normalized local name equals normalized Supabase name; local alias equals Supabase name: sit up; local alias equals Supabase slug: sit up; local linked video filename equals Supabase media filename: sit-up.mp4
216,Side Bridge,side-bridge,,,,UNMATCHED,0.00,Abdominals,,Body Only,,,,UNMATCHED,no deterministic Supabase slug/name/alias/media match
217,Lying oblique crunch,lying-oblique-crunch,43,Oblique Crunch,oblique-crunch,HIGH_CONFIDENCE,0.67,Abdominals,ABS,Body Only,Body Only,,video/ABS/gif-male/Oblique abs MALE.gif,HIGH_CONFIDENCE,context-constrained similarity score 0.67
218,Janda Sit-Up,janda-sit-up,2,Sit-Up,sit-up,HIGH_CONFIDENCE,0.67,Abdominals,ABS,Body Only,Body Only,,video/ABS/gif-male/conventional sit-up male.gif,HIGH_CONFIDENCE,context-constrained similarity score 0.67
219,Leg Pull-In,leg-pull-in,,,,UNMATCHED,0.00,Abdominals,,Body Only,,,,UNMATCHED,no deterministic Supabase slug/name/alias/media match
220,Side Jackknife,side-jackknife,,,,UNMATCHED,0.00,Abdominals,,Body Only,,,,UNMATCHED,no deterministic Supabase slug/name/alias/media match
221,Scissor Kick,scissor-kick,,,,UNMATCHED,0.00,Abdominals,,Body Only,,,,UNMATCHED,no deterministic Supabase slug/name/alias/media match
222,Toe Touchers,toe-touchers,,,,UNMATCHED,0.00,Abdominals,,Body Only,,,,UNMATCHED,no deterministic Supabase slug/name/alias/media match
223,Lower Back Curl,lower-back-curl,,,,UNMATCHED,0.00,Abdominals,,Body Only,,,,UNMATCHED,no deterministic Supabase slug/name/alias/media match
224,Exercise ball torso rotation,exercise-ball-torso-rotation,,,,UNMATCHED,0.00,Abdominals,,Body Only,,,,UNMATCHED,no deterministic Supabase slug/name/alias/media match
225,Seated Overhead Stretch,seated-overhead-stretch,,,,UNMATCHED,0.00,Abdominals,,Body Only,,,,UNMATCHED,no deterministic Supabase slug/name/alias/media match
226,Overhead Stretch,overhead-stretch,,,,UNMATCHED,0.00,Abdominals,,Body Only,,,,UNMATCHED,no deterministic Supabase slug/name/alias/media match
227,Seated Scissor Kick,seated-scissor-kick,,,,UNMATCHED,0.00,Abdominals,,Body Only,,,,UNMATCHED,no deterministic Supabase slug/name/alias/media match
228,Partner resistance standing twist,partner-resistance-standing-twist,,,,UNMATCHED,0.00,Abdominals,,Body Only,,,,UNMATCHED,no deterministic Supabase slug/name/alias/media match
229,Cross Crunch,cross-crunch,,,,UNMATCHED,0.00,Abdominals,,Body Only,,,,UNMATCHED,no deterministic Supabase slug/name/alias/media match
230,Full Moon,full-moon,,,,UNMATCHED,0.00,Abdominals,,Body Only,,,,UNMATCHED,no deterministic Supabase slug/name/alias/media match
231,Hanging knee raise with manual resistance,hanging-knee-raise-with-manual-resistance,38,Hanging Knee Raise,hanging-knee-raise,REVIEW,0.50,Abdominals,ABS,Body Only,Bodyweight,,video/ABS/gif-male/Hanging Knee Raises male.gif,REVIEW,candidate similarity score 0.50
232,Straight-Legged Hip Raise,straight-legged-hip-raise,,,,UNMATCHED,0.00,Abdominals,,Body Only,,,,UNMATCHED,no deterministic Supabase slug/name/alias/media match
233,Wall mountain climber,wall-mountain-climber,13,Mountain Climber,mountain-climber,HIGH_CONFIDENCE,0.67,Abdominals,ABS,Body Only,Body Only,,video/ABS/gif-female/Climber abs femme.gif,HIGH_CONFIDENCE,context-constrained similarity score 0.67
234,Skin The Cat To Push-Up,skin-the-cat-to-push-up,,,,UNMATCHED,0.00,Abdominals,,Body Only,,,,UNMATCHED,no deterministic Supabase slug/name/alias/media match
235,Partner lying leg raise with lateral throw down,partner-lying-leg-raise-with-lateral-throw-down,,,,UNMATCHED,0.00,Abdominals,,Body Only,,,,UNMATCHED,no deterministic Supabase slug/name/alias/media match
236,Hanging leg raise with throw down,hanging-leg-raise-with-throw-down,,,,UNMATCHED,0.00,Abdominals,,Body Only,,,,UNMATCHED,no deterministic Supabase slug/name/alias/media match
237,Partner sit-up with high-five,partner-sit-up-with-high-five,,,,UNMATCHED,0.00,Abdominals,,Body Only,,,,UNMATCHED,no deterministic Supabase slug/name/alias/media match
238,Exercise ball knee roll-in,exercise-ball-knee-roll-in,,,,UNMATCHED,0.00,Abdominals,,Body Only,,,,UNMATCHED,no deterministic Supabase slug/name/alias/media match
239,Partner lying leg raise with throw down,partner-lying-leg-raise-with-throw-down,,,,UNMATCHED,0.00,Abdominals,,Body Only,,,,UNMATCHED,no deterministic Supabase slug/name/alias/media match
240,Crab toe-touch,crab-toe-touch,9,Toe Touch Crunch,toe-touch-crunch,REVIEW,0.50,Abdominals,ABS,Body Only,Bodyweight,,video/ABS/gif-female/Full-range toe-touch crunches FEMME.gif,REVIEW,candidate similarity score 0.50
241,Side kick-through,side-kick-through,,,,UNMATCHED,0.00,Abdominals,,Body Only,,,,UNMATCHED,no deterministic Supabase slug/name/alias/media match
242,Partner target sit-up,partner-target-sit-up,2,Sit-Up,sit-up,REVIEW,0.50,Abdominals,ABS,Body Only,Body Only,,video/ABS/gif-male/conventional sit-up male.gif,REVIEW,candidate similarity score 0.50
243,Suspended Crunch,suspended-crunch,,,,UNMATCHED,0.00,Abdominals,,Body Only,,,,UNMATCHED,no deterministic Supabase slug/name/alias/media match
244,Jump Lunge,jump-lunge,,,,UNMATCHED,0.00,Abdominals,,Body Only,,,,UNMATCHED,no deterministic Supabase slug/name/alias/media match
245,Side plank hip dip,side-plank-hip-dip,44,Side Plank,side-plank,REVIEW,0.50,Abdominals,ABS,Body Only,Bodyweight,,video/ABS/gif-male/Side plank male.jpg,REVIEW,candidate similarity score 0.50
246,Elbow plank jack,elbow-plank-jack,,,,UNMATCHED,0.00,Abdominals,,Body Only,,,,UNMATCHED,no deterministic Supabase slug/name/alias/media match
247,Exercise ball V-up,exercise-ball-v-up,,,,UNMATCHED,0.00,Abdominals,,Body Only,,,,UNMATCHED,no deterministic Supabase slug/name/alias/media match
248,Standing torso twist stretch,standing-torso-twist-stretch,,,,UNMATCHED,0.00,Abdominals,,Body Only,,,,UNMATCHED,no deterministic Supabase slug/name/alias/media match
249,Slalom jumps,slalom-jumps,,,,UNMATCHED,0.00,Abdominals,,Body Only,,,,UNMATCHED,no deterministic Supabase slug/name/alias/media match
250,Bear crawl,bear-crawl,,,,UNMATCHED,0.00,Abdominals,,Body Only,,,,UNMATCHED,no deterministic Supabase slug/name/alias/media match
251,Crab single-arm reach,crab-single-arm-reach,,,,UNMATCHED,0.00,Abdominals,,Body Only,,,,UNMATCHED,no deterministic Supabase slug/name/alias/media match
252,Side lunge cross-body heel-touch,side-lunge-cross-body-heel-touch,,,,UNMATCHED,0.00,Abdominals,,Body Only,,,,UNMATCHED,no deterministic Supabase slug/name/alias/media match
253,Alligator Crawl,alligator-crawl,,,,UNMATCHED,0.00,Abdominals,,Body Only,,,,UNMATCHED,no deterministic Supabase slug/name/alias/media match
254,Lying cross-over lower back stretch,lying-cross-over-lower-back-stretch,,,,UNMATCHED,0.00,Abdominals,,Body Only,,,,UNMATCHED,no deterministic Supabase slug/name/alias/media match
255,Half bird dog,half-bird-dog,,,,UNMATCHED,0.00,Abdominals,,Body Only,,,,UNMATCHED,no deterministic Supabase slug/name/alias/media match
256,Shoulder tap,shoulder-tap,,,,UNMATCHED,0.00,Abdominals,,Body Only,,,,UNMATCHED,no deterministic Supabase slug/name/alias/media match
257,Double crunch,double-crunch,,,,UNMATCHED,0.00,Abdominals,,Body Only,,,,UNMATCHED,no deterministic Supabase slug/name/alias/media match
258,Flutter kick,flutter-kick,,,,UNMATCHED,0.00,Abdominals,,Body Only,,,,UNMATCHED,no deterministic Supabase slug/name/alias/media match
259,Sprawl,sprawl,,,,UNMATCHED,0.00,Abdominals,,Body Only,,,,UNMATCHED,no deterministic Supabase slug/name/alias/media match
260,Spider plank jack,spider-plank-jack,,,,UNMATCHED,0.00,Abdominals,,Body Only,,,,UNMATCHED,no deterministic Supabase slug/name/alias/media match
261,Pillar-To-Plank,pillar-to-plank,,,,UNMATCHED,0.00,Abdominals,,Body Only,,,,UNMATCHED,no deterministic Supabase slug/name/alias/media match
262,Alternating High Knee Raise,alternating-high-knee-raise,,,,UNMATCHED,0.00,Abdominals,,Body Only,,,,UNMATCHED,no deterministic Supabase slug/name/alias/media match
263,Sumo Squat Pulse,sumo-squat-pulse,552,Sumo Squat,sumo-squat,REVIEW,0.67,Abdominals,full legs,Body Only,Bodyweight,,video/full legs/gif-female/sumo squat femme.gif,CONFLICT,candidate similarity score 0.67; incompatible category
264,Line-Drill Foot Work,line-drill-foot-work,,,,UNMATCHED,0.00,Abdominals,,Body Only,,,,UNMATCHED,no deterministic Supabase slug/name/alias/media match
265,Plank Fire Hydrants,plank-fire-hydrants,,,,UNMATCHED,0.00,Abdominals,,Body Only,,,,UNMATCHED,no deterministic Supabase slug/name/alias/media match
266,Banded jumping jack,banded-jumping-jack,,,,UNMATCHED,0.00,Abdominals,,Body Only,,,,UNMATCHED,no deterministic Supabase slug/name/alias/media match
267,Shin hug,shin-hug,,,,UNMATCHED,0.00,Abdominals,,Body Only,,,,UNMATCHED,no deterministic Supabase slug/name/alias/media match
268,FYR Bear Crawl Fire Feet,bear-crawl-fire-feet,,,,UNMATCHED,0.00,Abdominals,,Body Only,,,,UNMATCHED,no deterministic Supabase slug/name/alias/media match
269,Bear crawl up-down,bear-crawl-up-down,,,,UNMATCHED,0.00,Abdominals,,Body Only,,,,UNMATCHED,no deterministic Supabase slug/name/alias/media match
270,FYR Crab Kick,crab-kick,,,,UNMATCHED,0.00,Abdominals,,Body Only,,,,UNMATCHED,no deterministic Supabase slug/name/alias/media match
271,Bear crawl hold,bear-crawl-hold,,,,UNMATCHED,0.00,Abdominals,,Body Only,,,,UNMATCHED,no deterministic Supabase slug/name/alias/media match
272,Traveling bear crawl,traveling-bear-crawl,,,,UNMATCHED,0.00,Abdominals,,Body Only,,,,UNMATCHED,no deterministic Supabase slug/name/alias/media match
273,Single-leg V-up,single-leg-v-up,,,,UNMATCHED,0.00,Abdominals,,Body Only,,,,UNMATCHED,no deterministic Supabase slug/name/alias/media match
274,FYR Bear Crawl Shoulder Tap,bear-crawl-shoulder-tap,,,,UNMATCHED,0.00,Abdominals,,Body Only,,,,UNMATCHED,no deterministic Supabase slug/name/alias/media match
275,Alternating single-leg sprawl,alternating-single-leg-sprawl,,,,UNMATCHED,0.00,Abdominals,,Body Only,,,,UNMATCHED,no deterministic Supabase slug/name/alias/media match
276,Wide mountain climber,wide-mountain-climber,13,Mountain Climber,mountain-climber,HIGH_CONFIDENCE,0.67,Abdominals,ABS,Body Only,Body Only,,video/ABS/gif-female/Climber abs femme.gif,HIGH_CONFIDENCE,context-constrained similarity score 0.67
277,Plank leg raise,plank-leg-raise,52,Leg Raise,leg-raise,HIGH_CONFIDENCE,0.67,Abdominals,ABS,Body Only,Bodyweight,,video/ABS/videos/leg raises.mp4,HIGH_CONFIDENCE,context-constrained similarity score 0.67
278,Glute bridge step-out,glute-bridge-step-out,,,,UNMATCHED,0.00,Abdominals,,Body Only,,,,UNMATCHED,no deterministic Supabase slug/name/alias/media match
279,Knee up-down,knee-up-down,241,Knee Push-Up,knee-push-up,REVIEW,0.50,Abdominals,Chest,Body Only,Body Only,,video/Chest/gif-female/Knee push-up femme.gif,CONFLICT,candidate similarity score 0.50; incompatible category
280,FYR Sprawl,sprawl,,,,UNMATCHED,0.00,Abdominals,,Body Only,,,,UNMATCHED,no deterministic Supabase slug/name/alias/media match
281,Reach crunch,reach-crunch,48,Crunch Reach,crunch-reach,ALIAS_MEDIA_MATCH,0.99,Abdominals,ABS,Body Only,Body Only,crunch reach.mp4,video/ABS/videos/crunch reach.mp4,VERIFIED,local linked video filename equals Supabase media filename: crunch reach.mp4
282,FYR Push-Up Plank Hold,push-up-plank-hold,230,Push-Up,push-up,REVIEW,0.50,Abdominals,Chest,Body Only,Body Only,,video/Chest/videos/Push-up (Chest).mp4,CONFLICT,candidate similarity score 0.50; incompatible category
283,FYR Hollow-Body Rock,hollow-body-rock,,,,UNMATCHED,0.00,Abdominals,,Body Only,,,,UNMATCHED,no deterministic Supabase slug/name/alias/media match
284,V-up plus knee-to-chest combo,v-up-plus-knee-to-chest-combo,,,,UNMATCHED,0.00,Abdominals,,Body Only,,,,UNMATCHED,no deterministic Supabase slug/name/alias/media match
285,Side plank lateral raise,side-plank-lateral-raise,44,Side Plank,side-plank,REVIEW,0.50,Abdominals,ABS,Body Only,Bodyweight,,video/ABS/gif-male/Side plank male.jpg,REVIEW,candidate similarity score 0.50
286,Superhero burpee,superhero-burpee,,,,UNMATCHED,0.00,Abdominals,,Body Only,,,,UNMATCHED,no deterministic Supabase slug/name/alias/media match
287,Hollow-body abduction,hollow-body-abduction,,,,UNMATCHED,0.00,Abdominals,,Body Only,,,,UNMATCHED,no deterministic Supabase slug/name/alias/media match
288,FYR Hollow Hold,hollow-hold,,,,UNMATCHED,0.00,Abdominals,,Body Only,,,,UNMATCHED,no deterministic Supabase slug/name/alias/media match
289,Tip-toe crunch,tip-toe-crunch,9,Toe Touch Crunch,toe-touch-crunch,REVIEW,0.50,Abdominals,ABS,Body Only,Bodyweight,,video/ABS/gif-female/Full-range toe-touch crunches FEMME.gif,REVIEW,candidate similarity score 0.50
290,Knee-to-nose pulse,knee-to-nose-pulse,,,,UNMATCHED,0.00,Abdominals,,Body Only,,,,UNMATCHED,no deterministic Supabase slug/name/alias/media match
291,Plank walk-out,plank-walk-out,,,,UNMATCHED,0.00,Abdominals,,Body Only,,,,UNMATCHED,no deterministic Supabase slug/name/alias/media match
292,FYR V-Up,v-up,46,V Sit-Up,v-sit-up,HIGH_CONFIDENCE,0.67,Abdominals,ABS,Body Only,Bodyweight,,video/ABS/gif-male/v-sit-ups male.gif,HIGH_CONFIDENCE,context-constrained similarity score 0.67
293,Long sit-up,long-sit-up,2,Sit-Up,sit-up,HIGH_CONFIDENCE,0.67,Abdominals,ABS,Body Only,Body Only,,video/ABS/gif-male/conventional sit-up male.gif,HIGH_CONFIDENCE,context-constrained similarity score 0.67
294,FYR Breakdancer,breakdancer,,,,UNMATCHED,0.00,Abdominals,,Body Only,,,,UNMATCHED,no deterministic Supabase slug/name/alias/media match
295,Seated leg lift,seated-leg-lift,,,,UNMATCHED,0.00,Abdominals,,Body Only,,,,UNMATCHED,no deterministic Supabase slug/name/alias/media match
296,Gorilla burpee,gorilla-burpee,,,,UNMATCHED,0.00,Abdominals,,Body Only,,,,UNMATCHED,no deterministic Supabase slug/name/alias/media match
297,Knee-in to V-out,knee-in-to-v-out,,,,UNMATCHED,0.00,Abdominals,,Body Only,,,,UNMATCHED,no deterministic Supabase slug/name/alias/media match
298,Bear crawl push-up,bear-crawl-push-up,230,Push-Up,push-up,REVIEW,0.50,Abdominals,Chest,Body Only,Body Only,,video/Chest/videos/Push-up (Chest).mp4,CONFLICT,candidate similarity score 0.50; incompatible category
299,FYR Front Step,front-step,,,,UNMATCHED,0.00,Abdominals,,Body Only,,,,UNMATCHED,no deterministic Supabase slug/name/alias/media match
300,Plank reach,plank-reach,4,Plank,plank,REVIEW,0.50,Abdominals,ABS,Body Only,Bodyweight,,video/ABS/gif-female/Plank femme.gif,REVIEW,candidate similarity score 0.50
301,Eiffel Tower leg raise,eiffel-tower-leg-raise,52,Leg Raise,leg-raise,REVIEW,0.50,Abdominals,ABS,Body Only,Bodyweight,,video/ABS/videos/leg raises.mp4,REVIEW,candidate similarity score 0.50
302,Straight-arm plank,straight-arm-plank,,,,UNMATCHED,0.00,Abdominals,,Body Only,,,,UNMATCHED,no deterministic Supabase slug/name/alias/media match
303,Plank up-down,plank-up-down,,,,UNMATCHED,0.00,Abdominals,,Body Only,,,,UNMATCHED,no deterministic Supabase slug/name/alias/media match
304,Frog kick,frog-kick,,,,UNMATCHED,0.00,Abdominals,,Body Only,,,,UNMATCHED,no deterministic Supabase slug/name/alias/media match
305,FYR Knees to Chest,knees-to-chest,,,,UNMATCHED,0.00,Abdominals,,Body Only,,,,UNMATCHED,no deterministic Supabase slug/name/alias/media match
306,Front kick-through,front-kick-through,,,,UNMATCHED,0.00,Abdominals,,Body Only,,,,UNMATCHED,no deterministic Supabase slug/name/alias/media match
307,FYR Sit-Up,sit-up,2,Sit-Up,sit-up,EXACT_SLUG,1.00,Abdominals,ABS,Body Only,Body Only,sit-up.mp4,video/ABS/gif-male/conventional sit-up male.gif,VERIFIED,local derived slug equals Supabase slug; normalized local name equals normalized Supabase name; local alias equals Supabase name: sit up; local alias equals Supabase slug: sit up; local linked video filename equals Supabase media filename: sit-up.mp4
308,FYR Leg Lift,leg-lift,55,Weighted Side Leg Lift,weighted-side-leg-lift,REVIEW,0.50,Abdominals,ABS,Body Only,Bodyweight,,video/ABS/videos/Weighted Leg Lift side(Dumbbell Between Feet).mp4,REVIEW,candidate similarity score 0.50
309,TBS Toes-to-bar,tbs-toes-to-bar,,,,UNMATCHED,0.00,Abdominals,,Body Only,,,,UNMATCHED,no deterministic Supabase slug/name/alias/media match
310,FYR Mountain Climber,mountain-climber,13,Mountain Climber,mountain-climber,EXACT_SLUG,1.00,Abdominals,ABS,Body Only,Body Only,,video/ABS/gif-female/Climber abs femme.gif,VERIFIED,local derived slug equals Supabase slug; normalized local name equals normalized Supabase name; local alias equals Supabase name: mountain climber; local alias equals Supabase slug: mountain climber
311,Roman Chair Side Ups,roman-chair-side-ups,,,,UNMATCHED,0.00,Abdominals,,Body Only,,,,UNMATCHED,no deterministic Supabase slug/name/alias/media match
312,Push-Up Roll Out - Gethin Variation,push-up-roll-out,230,Push-Up,push-up,REVIEW,0.50,Abdominals,Chest,Body Only,Body Only,,video/Chest/videos/Push-up (Chest).mp4,CONFLICT,candidate similarity score 0.50; incompatible category
313,Cross-Body Crunch - Gethin Variation,cross-body-crunch,,,,UNMATCHED,0.00,Abdominals,,Body Only,,,,UNMATCHED,no deterministic Supabase slug/name/alias/media match
314,Decline leg lift with twist,decline-leg-lift-with-twist,,,,UNMATCHED,0.00,Abdominals,,Body Only,,,,UNMATCHED,no deterministic Supabase slug/name/alias/media match
315,Hanging Leg Raise - Variation Gethin,hanging-leg-raise-variation-gethin,39,Hanging Straight-Leg Raise,hanging-straight-leg-raise,REVIEW,0.50,Abdominals,ABS,Body Only,Weighted,,video/ABS/gif-male/Hanging Leg Raise Straight Leg (Hips) leg raises male.gif,CONFLICT,candidate similarity score 0.50; incompatible  equipment
316,Butterfly crunch,butterfly-crunch,,,,UNMATCHED,0.00,Abdominals,,Body Only,,,,UNMATCHED,no deterministic Supabase slug/name/alias/media match
317,Cross-body mountain climber,cross-body-mountain-climber,14,Cross-Body Mountain Climber,cross-body-mountain-climber,EXACT_SLUG,1.00,Abdominals,ABS,Body Only,Body Only,,video/ABS/gif-female/Cross-body climber femme.gif,VERIFIED,local derived slug equals Supabase slug; normalized local name equals normalized Supabase name; local alias equals Supabase name: cross body mountain climber; local alias equals Supabase slug: cross body mountain climber
318,Flat Bench Lying Leg Raise - Gethin Variation,flat-bench-lying-leg-raise,33,Bench Leg Raise,bench-leg-raise,REVIEW,0.60,Abdominals,ABS,Body Only,Bench,,video/ABS/gif-male/Bench leg raise abs male.gif,CONFLICT,candidate similarity score 0.60; incompatible  equipment
319,Lying leg lift,lying-leg-lift,,,,UNMATCHED,0.00,Abdominals,,Body Only,,,,UNMATCHED,no deterministic Supabase slug/name/alias/media match
320,Hanging alternating single-leg raise,hanging-alternating-single-leg-raise,39,Hanging Straight-Leg Raise,hanging-straight-leg-raise,REVIEW,0.50,Abdominals,ABS,Body Only,Weighted,,video/ABS/gif-male/Hanging Leg Raise Straight Leg (Hips) leg raises male.gif,CONFLICT,candidate similarity score 0.50; incompatible  equipment
321,Plank Walk,plank-walk,4,Plank,plank,REVIEW,0.50,Abdominals,ABS,Body Only,Bodyweight,,video/ABS/gif-female/Plank femme.gif,REVIEW,candidate similarity score 0.50
322,Sit-Up - Gethin Variation,sit-up,2,Sit-Up,sit-up,EXACT_SLUG,1.00,Abdominals,ABS,Body Only,Body Only,sit-up.mp4,video/ABS/gif-male/conventional sit-up male.gif,VERIFIED,local derived slug equals Supabase slug; normalized local name equals normalized Supabase name; local alias equals Supabase name: sit up; local alias equals Supabase slug: sit up; local linked video filename equals Supabase media filename: sit-up.mp4
323,Plank Push-Up,plank-push-up,230,Push-Up,push-up,REVIEW,0.67,Abdominals,Chest,Body Only,Body Only,,video/Chest/videos/Push-up (Chest).mp4,CONFLICT,candidate similarity score 0.67; incompatible category
324,Decline crunch-,decline-crunch,17,Decline Crunch,decline-crunch,EXACT_SLUG,1.00,Abdominals,ABS,Body Only,Body Only,,video/ABS/gif-male/Complete decline bench for abs MALE.gif,VERIFIED,local derived slug equals Supabase slug; normalized local name equals normalized Supabase name
325,Alternating lying leg raise,alternating-lying-leg-raise,49,Dumbbell Lying Leg Raise,dumbbell-lying-leg-raise,REVIEW,0.60,Abdominals,ABS,Body Only,Dumbbell,,video/ABS/videos/Dumbbell Lying Leg Raise.mp4,CONFLICT,candidate similarity score 0.60; incompatible  equipment
326,Decline leg lift,decline-leg-lift,,,,UNMATCHED,0.00,Abdominals,,Body Only,,,,UNMATCHED,no deterministic Supabase slug/name/alias/media match
327,Crunch - Gethin Variation,crunch,2,Sit-Up,sit-up,ALIAS_MEDIA_MATCH,0.99,Abdominals,ABS,Body Only,Body Only,sit-up.mp4,video/ABS/gif-male/conventional sit-up male.gif,VERIFIED,local linked video filename equals Supabase media filename: sit-up.mp4
328,Plank - Gethin Variation,plank,4,Plank,plank,EXACT_SLUG,1.00,Abdominals,ABS,Body Only,Bodyweight,Plank .mp4,video/ABS/gif-female/Plank femme.gif,VERIFIED,local derived slug equals Supabase slug; normalized local name equals normalized Supabase name; local alias equals Supabase name: plank; local alias equals Supabase slug: plank; local linked video filename equals Supabase media filename: Plank .mp4
329,Barbell floor wiper,barbell-floor-wiper,,,,UNMATCHED,0.00,Abdominals,,Body Only,,,,UNMATCHED,no deterministic Supabase slug/name/alias/media match
330,Prison Push-Up,prison-push-up,230,Push-Up,push-up,REVIEW,0.67,Abdominals,Chest,Body Only,Body Only,,video/Chest/videos/Push-up (Chest).mp4,CONFLICT,candidate similarity score 0.67; incompatible category
331,McGill Modified Curl-Up,mcgill-modified-curl-up,,,,UNMATCHED,0.00,Abdominals,,Body Only,,,,UNMATCHED,no deterministic Supabase slug/name/alias/media match
332,Cross-body toe-touch,cross-body-toe-touch,,,,UNMATCHED,0.00,Abdominals,,Body Only,,,,UNMATCHED,no deterministic Supabase slug/name/alias/media match
333,Toy soldier,toy-soldier,,,,UNMATCHED,0.00,Abdominals,,Body Only,,,,UNMATCHED,no deterministic Supabase slug/name/alias/media match
334,Natural Glute Ham Raise with Stability Ball,natural-glute-ham-raise-with-stability-ball,,,,UNMATCHED,0.00,Abdominals,,Body Only,,,,UNMATCHED,no deterministic Supabase slug/name/alias/media match
335,Lateral ape,lateral-ape,,,,UNMATCHED,0.00,Abdominals,,Body Only,,,,UNMATCHED,no deterministic Supabase slug/name/alias/media match
336,Hollow-body knee tuck,hollow-body-knee-tuck,,,,UNMATCHED,0.00,Abdominals,,Body Only,,,,UNMATCHED,no deterministic Supabase slug/name/alias/media match
337,HM Air Jumping Rope,hm-air-jumping-rope,,,,UNMATCHED,0.00,Abdominals,,Body Only,,,,UNMATCHED,no deterministic Supabase slug/name/alias/media match
338,HM Alternating Lunge Reach,hm-alternating-lunge-reach,,,,UNMATCHED,0.00,Abdominals,,Body Only,,,,UNMATCHED,no deterministic Supabase slug/name/alias/media match
339,HM Alternating Side Plank Reach,hm-alternating-side-plank-reach,,,,UNMATCHED,0.00,Abdominals,,Body Only,,,,UNMATCHED,no deterministic Supabase slug/name/alias/media match
340,HM Superman Plank,hm-superman-plank,,,,UNMATCHED,0.00,Abdominals,,Body Only,,,,UNMATCHED,no deterministic Supabase slug/name/alias/media match
341,HM Table Pose,hm-table-pose,,,,UNMATCHED,0.00,Abdominals,,Body Only,,,,UNMATCHED,no deterministic Supabase slug/name/alias/media match
342,HM Toe Touch,hm-toe-touch,9,Toe Touch Crunch,toe-touch-crunch,REVIEW,0.50,Abdominals,ABS,Body Only,Bodyweight,,video/ABS/gif-female/Full-range toe-touch crunches FEMME.gif,REVIEW,candidate similarity score 0.50
343,HM Right Side Bird-Dog,hm-right-side-bird-dog,,,,UNMATCHED,0.00,Abdominals,,Body Only,,,,UNMATCHED,no deterministic Supabase slug/name/alias/media match
344,HM Right Side Crunch,hm-right-side-crunch,23,Side Crunch,side-crunch,REVIEW,0.50,Abdominals,ABS,Body Only,Bodyweight,,video/ABS/videos/side crunches.mp4,REVIEW,candidate similarity score 0.50
345,HM Bicycle,hm-bicycle,,,,UNMATCHED,0.00,Abdominals,,Body Only,,,,UNMATCHED,no deterministic Supabase slug/name/alias/media match
346,HM Bird-Dog Plank,hm-bird-dog-plank,,,,UNMATCHED,0.00,Abdominals,,Body Only,,,,UNMATCHED,no deterministic Supabase slug/name/alias/media match
347,HM Boat Pose,hm-boat-pose,,,,UNMATCHED,0.00,Abdominals,,Body Only,,,,UNMATCHED,no deterministic Supabase slug/name/alias/media match
348,HM Bottoms Up,hm-bottoms-up,,,,UNMATCHED,0.00,Abdominals,,Body Only,,,,UNMATCHED,no deterministic Supabase slug/name/alias/media match
349,HM Bridge,hm-bridge,,,,UNMATCHED,0.00,Abdominals,,Body Only,,,,UNMATCHED,no deterministic Supabase slug/name/alias/media match
350,HM Running Man Crunch,hm-running-man-crunch,,,,UNMATCHED,0.00,Abdominals,,Body Only,,,,UNMATCHED,no deterministic Supabase slug/name/alias/media match
351,HM Seated Twist,hm-seated-twist,,,,UNMATCHED,0.00,Abdominals,,Body Only,,,,UNMATCHED,no deterministic Supabase slug/name/alias/media match
352,HM Side-Bend Pose,hm-side-bend-pose,,,,UNMATCHED,0.00,Abdominals,,Body Only,,,,UNMATCHED,no deterministic Supabase slug/name/alias/media match
353,HM Side-Plank Arm Wrap,hm-side-plank-arm-wrap,,,,UNMATCHED,0.00,Abdominals,,Body Only,,,,UNMATCHED,no deterministic Supabase slug/name/alias/media match
354,HM Side-Plank with Hip Touch,hm-side-plank-with-hip-touch,,,,UNMATCHED,0.00,Abdominals,,Body Only,,,,UNMATCHED,no deterministic Supabase slug/name/alias/media match
355,HM Side-Plank with Kick,hm-side-plank-with-kick,45,Side Plank with Side Bend,side-plank-side-bend,REVIEW,0.50,Abdominals,ABS,Body Only,Bodyweight,,video/ABS/gif-male/Side plank with side bend male.gif,REVIEW,candidate similarity score 0.50
356,HM Side V-Up,hm-side-v-up,,,,UNMATCHED,0.00,Abdominals,,Body Only,,,,UNMATCHED,no deterministic Supabase slug/name/alias/media match
357,HM Crab Crunch,hm-crab-crunch,,,,UNMATCHED,0.00,Abdominals,,Body Only,,,,UNMATCHED,no deterministic Supabase slug/name/alias/media match
358,HM Cross-Over Crunch,hm-cross-over-crunch,,,,UNMATCHED,0.00,Abdominals,,Body Only,,,,UNMATCHED,no deterministic Supabase slug/name/alias/media match
359,HM Crunch Pulse,hm-crunch-pulse,,,,UNMATCHED,0.00,Abdominals,,Body Only,,,,UNMATCHED,no deterministic Supabase slug/name/alias/media match
360,HM Dead Bug,hm-dead-bug,35,Dead Bug,dead-bug,HIGH_CONFIDENCE,0.67,Abdominals,ABS,Body Only,Bodyweight,,video/ABS/gif-male/Dead bug male.gif,HIGH_CONFIDENCE,context-constrained similarity score 0.67
361,HM Single-Leg Inchworm,hm-single-leg-inchworm,,,,UNMATCHED,0.00,Abdominals,,Body Only,,,,UNMATCHED,no deterministic Supabase slug/name/alias/media match
362,HM Floor Jack,hm-floor-jack,,,,UNMATCHED,0.00,Abdominals,,Body Only,,,,UNMATCHED,no deterministic Supabase slug/name/alias/media match
363,HM Floor Wiper,hm-floor-wiper,,,,UNMATCHED,0.00,Abdominals,,Body Only,,,,UNMATCHED,no deterministic Supabase slug/name/alias/media match
364,HM Floor Kick,hm-floor-kick,,,,UNMATCHED,0.00,Abdominals,,Body Only,,,,UNMATCHED,no deterministic Supabase slug/name/alias/media match
365,HM Sit-Up,hm-sit-up,2,Sit-Up,sit-up,HIGH_CONFIDENCE,0.67,Abdominals,ABS,Body Only,Body Only,,video/ABS/gif-male/conventional sit-up male.gif,HIGH_CONFIDENCE,context-constrained similarity score 0.67
366,HM Slow Mountain Climber,hm-slow-mountain-climber,13,Mountain Climber,mountain-climber,REVIEW,0.50,Abdominals,ABS,Body Only,Body Only,,video/ABS/gif-female/Climber abs femme.gif,REVIEW,candidate similarity score 0.50
367,HM Slow Sit-Up,hm-slow-sit-up,2,Sit-Up,sit-up,REVIEW,0.50,Abdominals,ABS,Body Only,Body Only,,video/ABS/gif-male/conventional sit-up male.gif,REVIEW,candidate similarity score 0.50
368,HM Half-Up,hm-half-up,,,,UNMATCHED,0.00,Abdominals,,Body Only,,,,UNMATCHED,no deterministic Supabase slug/name/alias/media match
369,HM Hollow-Body Pulse,hm-hollow-body-pulse,,,,UNMATCHED,0.00,Abdominals,,Body Only,,,,UNMATCHED,no deterministic Supabase slug/name/alias/media match
370,HM Hollow Hold,hm-hollow-hold,,,,UNMATCHED,0.00,Abdominals,,Body Only,,,,UNMATCHED,no deterministic Supabase slug/name/alias/media match
371,HM Inchworm,hm-inchworm,,,,UNMATCHED,0.00,Abdominals,,Body Only,,,,UNMATCHED,no deterministic Supabase slug/name/alias/media match
372,HM Right Side Hollow Hold with Pulse,hm-right-side-hollow-hold-with-pulse,,,,UNMATCHED,0.00,Abdominals,,Body Only,,,,UNMATCHED,no deterministic Supabase slug/name/alias/media match
373,HM Reverse Crunch with Frisbee,hm-reverse-crunch-with-frisbee,,,,UNMATCHED,0.00,Abdominals,,Body Only,,,,UNMATCHED,no deterministic Supabase slug/name/alias/media match
374,HM Left Side Bird-Dog,hm-left-side-bird-dog,,,,UNMATCHED,0.00,Abdominals,,Body Only,,,,UNMATCHED,no deterministic Supabase slug/name/alias/media match
375,HM Left Side Crunch,hm-left-side-crunch,23,Side Crunch,side-crunch,REVIEW,0.50,Abdominals,ABS,Body Only,Bodyweight,,video/ABS/videos/side crunches.mp4,REVIEW,candidate similarity score 0.50
376,HM Left Side Hollow Hold With Pulse,hm-left-side-hollow-hold-with-pulse,,,,UNMATCHED,0.00,Abdominals,,Body Only,,,,UNMATCHED,no deterministic Supabase slug/name/alias/media match
377,HM Reverse Crunch,hm-reverse-crunch,,,,UNMATCHED,0.00,Abdominals,,Body Only,,,,UNMATCHED,no deterministic Supabase slug/name/alias/media match
378,HM Low Lunge With External Twist And Arm Reach,hm-low-lunge-with-external-twist-and-arm-reach,,,,UNMATCHED,0.00,Abdominals,,Body Only,,,,UNMATCHED,no deterministic Supabase slug/name/alias/media match
379,HM Mountain Climber,hm-mountain-climber,13,Mountain Climber,mountain-climber,HIGH_CONFIDENCE,0.67,Abdominals,ABS,Body Only,Body Only,,video/ABS/gif-female/Climber abs femme.gif,HIGH_CONFIDENCE,context-constrained similarity score 0.67
380,HM Prison Sit-Up,hm-prison-sit-up,2,Sit-Up,sit-up,REVIEW,0.50,Abdominals,ABS,Body Only,Body Only,,video/ABS/gif-male/conventional sit-up male.gif,REVIEW,candidate similarity score 0.50
381,HM Plank Alternating Hip-Dip,hm-plank-alternating-hip-dip,,,,UNMATCHED,0.00,Abdominals,,Body Only,,,,UNMATCHED,no deterministic Supabase slug/name/alias/media match
382,HM Tuck-Up Get-Up,hm-tuck-up-get-up,,,,UNMATCHED,0.00,Abdominals,,Body Only,,,,UNMATCHED,no deterministic Supabase slug/name/alias/media match
383,HM Flutter Kick,hm-flutter-kick,,,,UNMATCHED,0.00,Abdominals,,Body Only,,,,UNMATCHED,no deterministic Supabase slug/name/alias/media match
384,HM Plank,hm-plank,4,Plank,plank,REVIEW,0.50,Abdominals,ABS,Body Only,Bodyweight,,video/ABS/gif-female/Plank femme.gif,REVIEW,candidate similarity score 0.50
385,McGill Pull-Up,mcgill-pullup,126,Pull-Up,pull-up,REVIEW,0.50,Abdominals,BACK and TRAPEZIUS,Body Only,Body Only,,video/BACK and TRAPEZIUS/gif-male/pull-up male.gif,CONFLICT,candidate similarity score 0.50; incompatible category
386,AM Leg Lift,leg-lift,55,Weighted Side Leg Lift,weighted-side-leg-lift,REVIEW,0.50,Abdominals,ABS,Body Only,Bodyweight,,video/ABS/videos/Weighted Leg Lift side(Dumbbell Between Feet).mp4,REVIEW,candidate similarity score 0.50
387,AM Decline Abs,decline-abs,,,,UNMATCHED,0.00,Abdominals,,Body Only,,,,UNMATCHED,no deterministic Supabase slug/name/alias/media match
388,Hanging crunch,hanging-crunch,,,,UNMATCHED,0.00,Abdominals,,Body Only,,,,UNMATCHED,no deterministic Supabase slug/name/alias/media match
389,Tyler Holt Hanging Toes-To-Bar,tyler-holt-hanging-toes-to-bar,,,,UNMATCHED,0.00,Abdominals,,Body Only,,,,UNMATCHED,no deterministic Supabase slug/name/alias/media match
390,Side plank,side-plank,44,Side Plank,side-plank,EXACT_SLUG,1.00,Abdominals,ABS,Body Only,Bodyweight,,video/ABS/gif-male/Side plank male.jpg,VERIFIED,local derived slug equals Supabase slug; normalized local name equals normalized Supabase name; local alias equals Supabase name: side plank; local alias equals Supabase slug: side plank
391,Bird dog-,bird-dog,,,,UNMATCHED,0.00,Abdominals,,Body Only,,,,UNMATCHED,no deterministic Supabase slug/name/alias/media match
392,Single-leg curl up,single-leg-curl-up,,,,UNMATCHED,0.00,Abdominals,,Body Only,,,,UNMATCHED,no deterministic Supabase slug/name/alias/media match
393,Single-kettlebell windmill,single-kettlebell-windmill,,,,UNMATCHED,0.00,Abdominals,,Body Only,,,,UNMATCHED,no deterministic Supabase slug/name/alias/media match
394,UNS Foam Roll Thigh,uns-foam-roll-thigh,,,,UNMATCHED,0.00,Abdominals,,Body Only,,,,UNMATCHED,no deterministic Supabase slug/name/alias/media match
395,UNS Inverted row,uns-inverted-row,112,Inverted Row,inverted-row,REVIEW,0.67,Abdominals,BACK and TRAPEZIUS,Body Only,Bodyweight,,video/BACK and TRAPEZIUS/gif-male/inverted-row male.gif,CONFLICT,candidate similarity score 0.67; incompatible category
396,UNS T-spine rotation with reach,uns-t-spine-rotation-with-reach,,,,UNMATCHED,0.00,Abdominals,,Body Only,,,,UNMATCHED,no deterministic Supabase slug/name/alias/media match
397,UNS Quadruped thoracic rotation,uns-quadruped-thoracic-rotation,,,,UNMATCHED,0.00,Abdominals,,Body Only,,,,UNMATCHED,no deterministic Supabase slug/name/alias/media match
398,UNS Pec stretch,uns-pec-stretch,,,,UNMATCHED,0.00,Abdominals,,Body Only,,,,UNMATCHED,no deterministic Supabase slug/name/alias/media match
399,UNS Lat stretch,uns-lat-stretch,,,,UNMATCHED,0.00,Abdominals,,Body Only,,,,UNMATCHED,no deterministic Supabase slug/name/alias/media match
400,UNS Foam Roll,uns-foam-roll,,,,UNMATCHED,0.00,Abdominals,,Body Only,,,,UNMATCHED,no deterministic Supabase slug/name/alias/media match
401,UNS Foam Roll Lats,uns-foam-roll-lats,,,,UNMATCHED,0.00,Abdominals,,Body Only,,,,UNMATCHED,no deterministic Supabase slug/name/alias/media match
402,UNS Rocking Adductor Stretch,uns-rocking-adductor-stretch,,,,UNMATCHED,0.00,Abdominals,,Body Only,,,,UNMATCHED,no deterministic Supabase slug/name/alias/media match
403,UNS Bird Dog,uns-bird-dog,,,,UNMATCHED,0.00,Abdominals,,Body Only,,,,UNMATCHED,no deterministic Supabase slug/name/alias/media match
404,UNS Jumping Jack,uns-jumping-jack,,,,UNMATCHED,0.00,Abdominals,,Body Only,,,,UNMATCHED,no deterministic Supabase slug/name/alias/media match
405,Ab wheel roll-out,ab-wheel-roll-out,,,,UNMATCHED,0.00,Abdominals,,Body Only,,,,UNMATCHED,no deterministic Supabase slug/name/alias/media match
406,Bench mountain climber,bench-mountain-climber,13,Mountain Climber,mountain-climber,HIGH_CONFIDENCE,0.67,Abdominals,ABS,Body Only,Body Only,,video/ABS/gif-female/Climber abs femme.gif,HIGH_CONFIDENCE,context-constrained similarity score 0.67
407,Feet-elevated bench side plank,feet-elevated-bench-side-plank,,,,UNMATCHED,0.00,Abdominals,,Body Only,,,,UNMATCHED,no deterministic Supabase slug/name/alias/media match
408,Cross-body sit-up,cross-body-sit-up,2,Sit-Up,sit-up,REVIEW,0.50,Abdominals,ABS,Body Only,Body Only,,video/ABS/gif-male/conventional sit-up male.gif,REVIEW,candidate similarity score 0.50
409,Decline kayak,decline-kayak,,,,UNMATCHED,0.00,Abdominals,,Body Only,,,,UNMATCHED,no deterministic Supabase slug/name/alias/media match
410,30 Decline Reverse Crunch,30-decline-reverse-crunch,17,Decline Crunch,decline-crunch,REVIEW,0.50,Abdominals,ABS,Body Only,Body Only,,video/ABS/gif-male/Complete decline bench for abs MALE.gif,REVIEW,candidate similarity score 0.50
411,Decline sit-up twist,decline-sit-up-twist,2,Sit-Up,sit-up,REVIEW,0.50,Abdominals,ABS,Body Only,Body Only,,video/ABS/gif-male/conventional sit-up male.gif,REVIEW,candidate similarity score 0.50
412,30 Flat Bench Leg Raise,30-flat-bench-leg-raise,33,Bench Leg Raise,bench-leg-raise,REVIEW,0.60,Abdominals,ABS,Body Only,Bench,,video/ABS/gif-male/Bench leg raise abs male.gif,CONFLICT,candidate similarity score 0.60; incompatible  equipment
413,30 Flutter Kick,30-flutter-kick,,,,UNMATCHED,0.00,Abdominals,,Body Only,,,,UNMATCHED,no deterministic Supabase slug/name/alias/media match
414,Chin-up crunch,chinup-crunch,86,Chin-Up,chin-up,REVIEW,0.50,Abdominals,BACK and TRAPEZIUS,Body Only,Body Only,,video/BACK and TRAPEZIUS/gif-male/chin-ups male.gif,CONFLICT,candidate similarity score 0.50; incompatible category
415,30 Gorilla Chin Oblique Crunch,30-gorilla-chin-oblique-crunch,,,,UNMATCHED,0.00,Abdominals,,Body Only,,,,UNMATCHED,no deterministic Supabase slug/name/alias/media match
416,Half Turkish get-up,half-turkish-get-up,,,,UNMATCHED,0.00,Abdominals,,Body Only,,,,UNMATCHED,no deterministic Supabase slug/name/alias/media match
417,30 Hanging Oblique Crunch,30-hanging-oblique-crunch,43,Oblique Crunch,oblique-crunch,REVIEW,0.50,Abdominals,ABS,Body Only,Body Only,,video/ABS/gif-male/Oblique abs MALE.gif,REVIEW,candidate similarity score 0.50
418,30 Hollow-Body Hold,30-hollow-body-hold,,,,UNMATCHED,0.00,Abdominals,,Body Only,,,,UNMATCHED,no deterministic Supabase slug/name/alias/media match
419,Parallel bars knee raise,parallel-bars-knee-raise,400,Parallel Bars,parallel-bars,REVIEW,0.50,Abdominals,Full Arms,Body Only,Bodyweight,,video/Full Arms/TRICEPS/gif-male/Parallel Bars male.gif,CONFLICT,candidate similarity score 0.50; incompatible category
420,30 Landmine Twist,30-landmine-twist,,,,UNMATCHED,0.00,Abdominals,,Body Only,,,,UNMATCHED,no deterministic Supabase slug/name/alias/media match
421,Parallel bars leg raise,parallel-bars-leg-raise,52,Leg Raise,leg-raise,REVIEW,0.50,Abdominals,ABS,Body Only,Bodyweight,,video/ABS/videos/leg raises.mp4,CONFLICT,candidate similarity score 0.50; multiple equal-confidence Supabase candidates
422,Otis-up-,otis-up,,,,UNMATCHED,0.00,Abdominals,,Body Only,,,,UNMATCHED,no deterministic Supabase slug/name/alias/media match
423,30 Shoulder Tap,30-shoulder-tap,,,,UNMATCHED,0.00,Abdominals,,Body Only,,,,UNMATCHED,no deterministic Supabase slug/name/alias/media match
424,30 Spider Crawl,30-spider-crawl,,,,UNMATCHED,0.00,Abdominals,,Body Only,,,,UNMATCHED,no deterministic Supabase slug/name/alias/media match
425,Spider crunch,spider-crunch,,,,UNMATCHED,0.00,Abdominals,,Body Only,,,,UNMATCHED,no deterministic Supabase slug/name/alias/media match
426,Toe-touch,toe-touch,9,Toe Touch Crunch,toe-touch-crunch,HIGH_CONFIDENCE,0.67,Abdominals,ABS,Body Only,Bodyweight,,video/ABS/gif-female/Full-range toe-touch crunches FEMME.gif,HIGH_CONFIDENCE,context-constrained similarity score 0.67
427,30 Hanging Toes-To-Bar,30-hanging-toes-to-bar,,,,UNMATCHED,0.00,Abdominals,,Body Only,,,,UNMATCHED,no deterministic Supabase slug/name/alias/media match
428,30 V-Up,30-v-up,46,V Sit-Up,v-sit-up,REVIEW,0.50,Abdominals,ABS,Body Only,Bodyweight,,video/ABS/gif-male/v-sit-ups male.gif,REVIEW,candidate similarity score 0.50
429,Cocoon crunch,cocoon-crunch,,,,UNMATCHED,0.00,Abdominals,,Body Only,,,,UNMATCHED,no deterministic Supabase slug/name/alias/media match
430,Bench oblique crunch,bench-oblique-crunch,43,Oblique Crunch,oblique-crunch,HIGH_CONFIDENCE,0.67,Abdominals,ABS,Body Only,Body Only,,video/ABS/gif-male/Oblique abs MALE.gif,HIGH_CONFIDENCE,context-constrained similarity score 0.67
431,Full moon-,full-moon,,,,UNMATCHED,0.00,Abdominals,,Body Only,,,,UNMATCHED,no deterministic Supabase slug/name/alias/media match
432,Push-up to side plank,push-up-to-side-plank,,,,UNMATCHED,0.00,Abdominals,,Body Only,,,,UNMATCHED,no deterministic Supabase slug/name/alias/media match
433,Tyler Holt V-Up,tyler-holt-v-up,,,,UNMATCHED,0.00,Abdominals,,Body Only,,,,UNMATCHED,no deterministic Supabase slug/name/alias/media match
434,Tyler Holt Plank,tyler-holt-plank,,,,UNMATCHED,0.00,Abdominals,,Body Only,,,,UNMATCHED,no deterministic Supabase slug/name/alias/media match
435,Tyler Holt Hip-Dip,tyler-holt-hip-dip,,,,UNMATCHED,0.00,Abdominals,,Body Only,,,,UNMATCHED,no deterministic Supabase slug/name/alias/media match
436,Suicides,suicides,,,,UNMATCHED,0.00,Abdominals,,Body Only,,,,UNMATCHED,no deterministic Supabase slug/name/alias/media match
437,Holman Towel Straight Plank Jack,holman-towel-straight-plank-jack,,,,UNMATCHED,0.00,Abdominals,,Body Only,,,,UNMATCHED,no deterministic Supabase slug/name/alias/media match
438,Holman Towel Hill Climber,holman-towel-hill-climber,,,,UNMATCHED,0.00,Abdominals,,Body Only,,,,UNMATCHED,no deterministic Supabase slug/name/alias/media match
439,Holman Towel Elbow Plank Jack,holman-towel-elbow-plank-jack,,,,UNMATCHED,0.00,Abdominals,,Body Only,,,,UNMATCHED,no deterministic Supabase slug/name/alias/media match
440,Holman Towel Elbow Plank Pike,holman-towel-elbow-plank-pike,,,,UNMATCHED,0.00,Abdominals,,Body Only,,,,UNMATCHED,no deterministic Supabase slug/name/alias/media match
441,Holman Towel Straight Plank Hand Reach,holman-towel-straight-plank-hand-reach,,,,UNMATCHED,0.00,Abdominals,,Body Only,,,,UNMATCHED,no deterministic Supabase slug/name/alias/media match
442,Holman Towel Wax-On Wax-Off,holman-towel-wax-on-wax-off,,,,UNMATCHED,0.00,Abdominals,,Body Only,,,,UNMATCHED,no deterministic Supabase slug/name/alias/media match
443,Holman Towel Wide Hill Climber,holman-towel-wide-hill-climber,,,,UNMATCHED,0.00,Abdominals,,Body Only,,,,UNMATCHED,no deterministic Supabase slug/name/alias/media match
444,Holman Towel Dirty Dog,holman-towel-dirty-dog,,,,UNMATCHED,0.00,Abdominals,,Body Only,,,,UNMATCHED,no deterministic Supabase slug/name/alias/media match
445,Holman Straight Plank Shoulder Tap,holman-straight-plank-shoulder-tap,,,,UNMATCHED,0.00,Abdominals,,Body Only,,,,UNMATCHED,no deterministic Supabase slug/name/alias/media match
446,Holman Killer Abs,holman-killer-abs,,,,UNMATCHED,0.00,Abdominals,,Body Only,,,,UNMATCHED,no deterministic Supabase slug/name/alias/media match
447,Holman Straight Plank Split Jack,holman-straight-plank-split-jack,,,,UNMATCHED,0.00,Abdominals,,Body Only,,,,UNMATCHED,no deterministic Supabase slug/name/alias/media match
448,Holman Elbow Plank Swim,holman-elbow-plank-swim,,,,UNMATCHED,0.00,Abdominals,,Body Only,,,,UNMATCHED,no deterministic Supabase slug/name/alias/media match
449,Holman Elbow Plank Saw,holman-elbow-plank-saw,,,,UNMATCHED,0.00,Abdominals,,Body Only,,,,UNMATCHED,no deterministic Supabase slug/name/alias/media match
450,Holman Feet-Elevated Straight Plank Toe-Tap Series,holman-feet-elevated-straight-plank-toe-tap-series,,,,UNMATCHED,0.00,Abdominals,,Body Only,,,,UNMATCHED,no deterministic Supabase slug/name/alias/media match
451,Holman Elbow Plank Pike Pull,holman-elbow-plank-pike-pull,,,,UNMATCHED,0.00,Abdominals,,Body Only,,,,UNMATCHED,no deterministic Supabase slug/name/alias/media match
452,Holman Hand-Elevated Walk-Over Push-Up,holman-hand-elevated-walk-over-push-up,,,,UNMATCHED,0.00,Abdominals,,Body Only,,,,UNMATCHED,no deterministic Supabase slug/name/alias/media match
453,Holman Hands-Elevated Hill Climber,holman-hands-elevated-hill-climber,,,,UNMATCHED,0.00,Abdominals,,Body Only,,,,UNMATCHED,no deterministic Supabase slug/name/alias/media match
454,Holman Seated Pike,holman-seated-pike,,,,UNMATCHED,0.00,Abdominals,,Body Only,,,,UNMATCHED,no deterministic Supabase slug/name/alias/media match
455,Holman Feet-Elevated Up-Down Plank,holman-feet-elevated-up-down-plank,,,,UNMATCHED,0.00,Abdominals,,Body Only,,,,UNMATCHED,no deterministic Supabase slug/name/alias/media match
456,Holman Feet-Elevated Hand Tap,holman-feet-elevated-hand-tap,,,,UNMATCHED,0.00,Abdominals,,Body Only,,,,UNMATCHED,no deterministic Supabase slug/name/alias/media match
457,Holman Reverse Straight Plank with Alternating Heel Pull-In,holman-reverse-straight-plank-with-alternating-heel-pull-in,,,,UNMATCHED,0.00,Abdominals,,Body Only,,,,UNMATCHED,no deterministic Supabase slug/name/alias/media match
458,Holman Elbow Plank,holman-elbow-plank,,,,UNMATCHED,0.00,Abdominals,,Body Only,,,,UNMATCHED,no deterministic Supabase slug/name/alias/media match
459,Holman Straight Plank Squat Thrust,holman-straight-plank-squat-thrust,,,,UNMATCHED,0.00,Abdominals,,Body Only,,,,UNMATCHED,no deterministic Supabase slug/name/alias/media match
460,Holman Alternating Single-Leg Pike,holman-alternating-single-leg-pike,,,,UNMATCHED,0.00,Abdominals,,Body Only,,,,UNMATCHED,no deterministic Supabase slug/name/alias/media match
461,Holman Knee Pull-In Crunch,holman-knee-pull-in-crunch,,,,UNMATCHED,0.00,Abdominals,,Body Only,,,,UNMATCHED,no deterministic Supabase slug/name/alias/media match
462,Holman Straight Plank with Hand Tap,holman-straight-plank-with-hand-tap,,,,UNMATCHED,0.00,Abdominals,,Body Only,,,,UNMATCHED,no deterministic Supabase slug/name/alias/media match
463,Holman Straight Plank with Dirty Dog,holman-straight-plank-with-dirty-dog,,,,UNMATCHED,0.00,Abdominals,,Body Only,,,,UNMATCHED,no deterministic Supabase slug/name/alias/media match
464,Holman Elbow Plank Roll,holman-elbow-plank-roll,,,,UNMATCHED,0.00,Abdominals,,Body Only,,,,UNMATCHED,no deterministic Supabase slug/name/alias/media match
465,Holman Froggy Push-Up,holman-froggy-push-up,230,Push-Up,push-up,REVIEW,0.50,Abdominals,Chest,Body Only,Body Only,,video/Chest/videos/Push-up (Chest).mp4,CONFLICT,candidate similarity score 0.50; incompatible category
466,Holman Straight Plank Hand Tap to Shoulder Tap,holman-straight-plank-hand-tap-to-shoulder-tap,,,,UNMATCHED,0.00,Abdominals,,Body Only,,,,UNMATCHED,no deterministic Supabase slug/name/alias/media match
467,Holman In-Out Straight Plank,holman-in-out-straight-plank,,,,UNMATCHED,0.00,Abdominals,,Body Only,,,,UNMATCHED,no deterministic Supabase slug/name/alias/media match
468,Holman Bicycle,holman-bicycle,,,,UNMATCHED,0.00,Abdominals,,Body Only,,,,UNMATCHED,no deterministic Supabase slug/name/alias/media match
469,Holman Alternating Diagonal Knee Pull-in,holman-alternating-diagonal-knee-pull-in,,,,UNMATCHED,0.00,Abdominals,,Body Only,,,,UNMATCHED,no deterministic Supabase slug/name/alias/media match
470,Holman Elbow Plank with Step-Out,holman-elbow-plank-with-step-out,,,,UNMATCHED,0.00,Abdominals,,Body Only,,,,UNMATCHED,no deterministic Supabase slug/name/alias/media match
471,Holman Alternating Slow L-Raise,holman-alternating-slow-l-raise,,,,UNMATCHED,0.00,Abdominals,,Body Only,,,,UNMATCHED,no deterministic Supabase slug/name/alias/media match
472,Holman Feet-Elevated Plank with Shoulder Tap,holman-feet-elevated-plank-with-shoulder-tap,,,,UNMATCHED,0.00,Abdominals,,Body Only,,,,UNMATCHED,no deterministic Supabase slug/name/alias/media match
473,Holman Feet-Elevated Inchworm Pike to Straight Plank Push-Up,holman-feet-elevated-inchworm-pike-to-straight-plank-push-up,,,,UNMATCHED,0.00,Abdominals,,Body Only,,,,UNMATCHED,no deterministic Supabase slug/name/alias/media match
474,Holman Feet-Elevated Up-Down Elbow Plank,holman-feet-elevated-up-down-elbow-plank,,,,UNMATCHED,0.00,Abdominals,,Body Only,,,,UNMATCHED,no deterministic Supabase slug/name/alias/media match
475,Holman Feet-Elevated Plank Pike Pull,holman-feet-elevated-plank-pike-pull,,,,UNMATCHED,0.00,Abdominals,,Body Only,,,,UNMATCHED,no deterministic Supabase slug/name/alias/media match
476,Holman Feet-Elevated Alternating Single-Leg Hip Raise,holman-feet-elevated-alternating-single-leg-hip-raise,,,,UNMATCHED,0.00,Abdominals,,Body Only,,,,UNMATCHED,no deterministic Supabase slug/name/alias/media match
477,Holman Feet-Elevated Plank Pike Pull to Push-Up,holman-feet-elevated-plank-pike-pull-to-push-up,,,,UNMATCHED,0.00,Abdominals,,Body Only,,,,UNMATCHED,no deterministic Supabase slug/name/alias/media match
478,Holman Standing Heel Click,holman-standing-heel-click,,,,UNMATCHED,0.00,Abdominals,,Body Only,,,,UNMATCHED,no deterministic Supabase slug/name/alias/media match
479,Holman Straight Plank Right-Left Jack to Split Jack,holman-straight-plank-right-left-jack-to-split-jack,,,,UNMATCHED,0.00,Abdominals,,Body Only,,,,UNMATCHED,no deterministic Supabase slug/name/alias/media match
480,Holman Elbow Plank Jack to Ninja Knees,holman-elbow-plank-jack-to-ninja-knees,,,,UNMATCHED,0.00,Abdominals,,Body Only,,,,UNMATCHED,no deterministic Supabase slug/name/alias/media match
481,Holman Right Side Elbow Plank with Left Leg Swing,holman-right-side-elbow-plank-with-left-leg-swing,,,,UNMATCHED,0.00,Abdominals,,Body Only,,,,UNMATCHED,no deterministic Supabase slug/name/alias/media match
482,Holman Left Side Elbow Plank with Right Leg Swing,holman-left-side-elbow-plank-with-right-leg-swing,,,,UNMATCHED,0.00,Abdominals,,Body Only,,,,UNMATCHED,no deterministic Supabase slug/name/alias/media match
483,Holman Straight Plank with Alternating Diagonal Sit-Back,holman-straight-plank-with-alternating-diagonal-sit-back,,,,UNMATCHED,0.00,Abdominals,,Body Only,,,,UNMATCHED,no deterministic Supabase slug/name/alias/media match
484,Holman Boat Press with Leg Extension,holman-boat-press-with-leg-extension,,,,UNMATCHED,0.00,Abdominals,,Body Only,,,,UNMATCHED,no deterministic Supabase slug/name/alias/media match
485,Holman Shoulder Tap to Dirty Dog,holman-shoulder-tap-to-dirty-dog,,,,UNMATCHED,0.00,Abdominals,,Body Only,,,,UNMATCHED,no deterministic Supabase slug/name/alias/media match
486,Holman Standing Russian Twist,holman-standing-russian-twist,3,Russian Twist,russian-twist,REVIEW,0.50,Abdominals,ABS,Body Only,Body Only,,video/ABS/gif-male/Russian twist male.gif,REVIEW,candidate similarity score 0.50
487,Holman Hovering Plank with Shoulder Tap,holman-hovering-plank-with-shoulder-tap,,,,UNMATCHED,0.00,Abdominals,,Body Only,,,,UNMATCHED,no deterministic Supabase slug/name/alias/media match
488,Holman Elbow Plank to Stacked Plank Hip Drop,holman-elbow-plank-to-stacked-plank-hip-drop,,,,UNMATCHED,0.00,Abdominals,,Body Only,,,,UNMATCHED,no deterministic Supabase slug/name/alias/media match
489,Holman Elbow Plank to Walk-Up Pike,holman-elbow-plank-to-walk-up-pike,,,,UNMATCHED,0.00,Abdominals,,Body Only,,,,UNMATCHED,no deterministic Supabase slug/name/alias/media match
490,Holman Hill Climber,holman-hill-climber,,,,UNMATCHED,0.00,Abdominals,,Body Only,,,,UNMATCHED,no deterministic Supabase slug/name/alias/media match
491,Holman Straight Plank Pike to Renegade Row,holman-straight-plank-pike-to-renegade-row,,,,UNMATCHED,0.00,Abdominals,,Body Only,,,,UNMATCHED,no deterministic Supabase slug/name/alias/media match
492,Holman Alternating Hip Drop to Push-Up,holman-alternating-hip-drop-to-push-up,,,,UNMATCHED,0.00,Abdominals,,Body Only,,,,UNMATCHED,no deterministic Supabase slug/name/alias/media match
493,Holman Crab Kick,holman-crab-kick,,,,UNMATCHED,0.00,Abdominals,,Body Only,,,,UNMATCHED,no deterministic Supabase slug/name/alias/media match
494,Holman Wounded Bear Crawl,holman-wounded-bear-crawl,,,,UNMATCHED,0.00,Abdominals,,Body Only,,,,UNMATCHED,no deterministic Supabase slug/name/alias/media match
495,Holman Alternating Crab Reach,holman-alternating-crab-reach,,,,UNMATCHED,0.00,Abdominals,,Body Only,,,,UNMATCHED,no deterministic Supabase slug/name/alias/media match
496,Holman Hovering Panther Core Stabilizer,holman-hovering-panther-core-stabilizer,,,,UNMATCHED,0.00,Abdominals,,Body Only,,,,UNMATCHED,no deterministic Supabase slug/name/alias/media match
497,Holman Burpee to Forward Lunge,holman-burpee-to-forward-lunge,,,,UNMATCHED,0.00,Abdominals,,Body Only,,,,UNMATCHED,no deterministic Supabase slug/name/alias/media match
498,Holman Seated Knee Pull-In Series,holman-seated-knee-pull-in-series,,,,UNMATCHED,0.00,Abdominals,,Body Only,,,,UNMATCHED,no deterministic Supabase slug/name/alias/media match
499,Holman Elbow Plank Pike,holman-elbow-plank-pike,,,,UNMATCHED,0.00,Abdominals,,Body Only,,,,UNMATCHED,no deterministic Supabase slug/name/alias/media match
500,Holman Elbow Plank Jack to Straight Plank Split Jack,holman-elbow-plank-jack-to-straight-plank-split-jack,,,,UNMATCHED,0.00,Abdominals,,Body Only,,,,UNMATCHED,no deterministic Supabase slug/name/alias/media match
501,Holman Boat Pull-Over,holman-boat-pullover,,,,UNMATCHED,0.00,Abdominals,,Body Only,,,,UNMATCHED,no deterministic Supabase slug/name/alias/media match
502,Holman Squat Pulse to Plyometric Jump,holman-squat-pulse-to-plyometric-jump,,,,UNMATCHED,0.00,Abdominals,,Body Only,,,,UNMATCHED,no deterministic Supabase slug/name/alias/media match
503,Holman Hands Down Heel Click,holman-hands-down-heel-click,,,,UNMATCHED,0.00,Abdominals,,Body Only,,,,UNMATCHED,no deterministic Supabase slug/name/alias/media match
504,Holman Straight Plank to Kick-Up,holman-straight-plank-to-kick-up,,,,UNMATCHED,0.00,Abdominals,,Body Only,,,,UNMATCHED,no deterministic Supabase slug/name/alias/media match
505,Holman Hands-Elevated Split Jack,holman-hands-elevated-split-jack,,,,UNMATCHED,0.00,Abdominals,,Body Only,,,,UNMATCHED,no deterministic Supabase slug/name/alias/media match
506,Holman Feet-Elevated Plank Reach,holman-feet-elevated-plank-reach,,,,UNMATCHED,0.00,Abdominals,,Body Only,,,,UNMATCHED,no deterministic Supabase slug/name/alias/media match
507,Holman Hand-Elevated Side Plank Semicircle,holman-hand-elevated-side-plank-semicircle,,,,UNMATCHED,0.00,Abdominals,,Body Only,,,,UNMATCHED,no deterministic Supabase slug/name/alias/media match
508,Holman Hands-Elevated Straight Plank Pike,holman-hands-elevated-straight-plank-pike,,,,UNMATCHED,0.00,Abdominals,,Body Only,,,,UNMATCHED,no deterministic Supabase slug/name/alias/media match
509,Holman Alternating Rolling Elbow Plank,holman-alternating-rolling-elbow-plank,,,,UNMATCHED,0.00,Abdominals,,Body Only,,,,UNMATCHED,no deterministic Supabase slug/name/alias/media match
510,Holman Elbow Plank Jack,holman-elbow-plank-jack,,,,UNMATCHED,0.00,Abdominals,,Body Only,,,,UNMATCHED,no deterministic Supabase slug/name/alias/media match
511,Holman Squat Thrust to Alternating Knee-In,holman-squat-thrust-to-alternating-knee-in,,,,UNMATCHED,0.00,Abdominals,,Body Only,,,,UNMATCHED,no deterministic Supabase slug/name/alias/media match
512,Holman Supine Double Pike,holman-supine-double-pike,,,,UNMATCHED,0.00,Abdominals,,Body Only,,,,UNMATCHED,no deterministic Supabase slug/name/alias/media match
513,Holman Elbow Plank Alternating Pike,holman-elbow-plank-alternating-pike,,,,UNMATCHED,0.00,Abdominals,,Body Only,,,,UNMATCHED,no deterministic Supabase slug/name/alias/media match
514,Holman Seated Killer Abs,holman-seated-killer-abs,,,,UNMATCHED,0.00,Abdominals,,Body Only,,,,UNMATCHED,no deterministic Supabase slug/name/alias/media match
515,Holman Side Plank Hip Drop,holman-side-plank-hip-drop,,,,UNMATCHED,0.00,Abdominals,,Body Only,,,,UNMATCHED,no deterministic Supabase slug/name/alias/media match
516,Holman Wide Hill Climber,holman-wide-hill-climber,,,,UNMATCHED,0.00,Abdominals,,Body Only,,,,UNMATCHED,no deterministic Supabase slug/name/alias/media match
517,Holman Straight-Legged Bicycle,holman-straight-legged-bicycle,,,,UNMATCHED,0.00,Abdominals,,Body Only,,,,UNMATCHED,no deterministic Supabase slug/name/alias/media match
518,Holman Stair Toe Tap,holman-stair-toe-tap,,,,UNMATCHED,0.00,Abdominals,,Body Only,,,,UNMATCHED,no deterministic Supabase slug/name/alias/media match
519,Holman Elbow Plank Ninja,holman-elbow-plank-ninja,,,,UNMATCHED,0.00,Abdominals,,Body Only,,,,UNMATCHED,no deterministic Supabase slug/name/alias/media match
520,Holman Traveling Stair Climb Push-Up,holman-traveling-stair-climb-push-up,,,,UNMATCHED,0.00,Abdominals,,Body Only,,,,UNMATCHED,no deterministic Supabase slug/name/alias/media match
521,Holman Hands-Elevated Burpee,holman-hands-elevated-burpee,,,,UNMATCHED,0.00,Abdominals,,Body Only,,,,UNMATCHED,no deterministic Supabase slug/name/alias/media match
522,Holman Straight Plank Donkey Kick,holman-straight-plank-donkey-kick,,,,UNMATCHED,0.00,Abdominals,,Body Only,,,,UNMATCHED,no deterministic Supabase slug/name/alias/media match
523,Holman Feet-Elevated Straight Plank Pike Pull,holman-feet-elevated-straight-plank-pike-pull,,,,UNMATCHED,0.00,Abdominals,,Body Only,,,,UNMATCHED,no deterministic Supabase slug/name/alias/media match
524,Holman Towel Burpee,holman-towel-burpee,,,,UNMATCHED,0.00,Abdominals,,Body Only,,,,UNMATCHED,no deterministic Supabase slug/name/alias/media match
525,Holman Elbow Plank to Alternating Side Plank Crunch,holman-elbow-plank-to-alternating-side-plank-crunch,,,,UNMATCHED,0.00,Abdominals,,Body Only,,,,UNMATCHED,no deterministic Supabase slug/name/alias/media match
526,Holman Straight-Legged Hip Raise,holman-straight-legged-hip-raise,,,,UNMATCHED,0.00,Abdominals,,Body Only,,,,UNMATCHED,no deterministic Supabase slug/name/alias/media match
527,Holman Feet-Elevated Hill Climber,holman-feet-elevated-hill-climber,,,,UNMATCHED,0.00,Abdominals,,Body Only,,,,UNMATCHED,no deterministic Supabase slug/name/alias/media match
528,Holman Ninja Knee Hill Climber,holman-ninja-knee-hill-climber,,,,UNMATCHED,0.00,Abdominals,,Body Only,,,,UNMATCHED,no deterministic Supabase slug/name/alias/media match
529,Holman Feet-Elevated Shoulder Tap,holman-feet-elevated-shoulder-tap,,,,UNMATCHED,0.00,Abdominals,,Body Only,,,,UNMATCHED,no deterministic Supabase slug/name/alias/media match
530,Holman Feet-Elevated Hip Raise,holman-feet-elevated-hip-raise,,,,UNMATCHED,0.00,Abdominals,,Body Only,,,,UNMATCHED,no deterministic Supabase slug/name/alias/media match
531,Holman Left Hand Right Foot Crab Reach,holman-left-hand-right-foot-crab-reach,,,,UNMATCHED,0.00,Abdominals,,Body Only,,,,UNMATCHED,no deterministic Supabase slug/name/alias/media match
532,Holman Alternating Crab Flip to Froggy Push-Up to Kicks,holman-alternating-crab-flip-to-froggy-push-up-to-kicks,,,,UNMATCHED,0.00,Abdominals,,Body Only,,,,UNMATCHED,no deterministic Supabase slug/name/alias/media match
533,Holman Right Hand Left Foot Sleeping Crab,holman-right-hand-left-foot-sleeping-crab,,,,UNMATCHED,0.00,Abdominals,,Body Only,,,,UNMATCHED,no deterministic Supabase slug/name/alias/media match
534,Holman Left Hand Right Foot Sleeping Crab,holman-left-hand-right-foot-sleeping-crab,,,,UNMATCHED,0.00,Abdominals,,Body Only,,,,UNMATCHED,no deterministic Supabase slug/name/alias/media match
535,Holman Straight Plank with Alternating Leg Kick-Under,holman-straight-plank-with-alternating-leg-kick-under,,,,UNMATCHED,0.00,Abdominals,,Body Only,,,,UNMATCHED,no deterministic Supabase slug/name/alias/media match
536,Holman Right Hip Drop Push-Up,holman-right-hip-drop-push-up,,,,UNMATCHED,0.00,Abdominals,,Body Only,,,,UNMATCHED,no deterministic Supabase slug/name/alias/media match
537,Holman Right Side Diagonal Burpee,holman-right-side-diagonal-burpee,,,,UNMATCHED,0.00,Abdominals,,Body Only,,,,UNMATCHED,no deterministic Supabase slug/name/alias/media match
538,Holman Left Hip Drop Push-Up,holman-left-hip-drop-push-up,,,,UNMATCHED,0.00,Abdominals,,Body Only,,,,UNMATCHED,no deterministic Supabase slug/name/alias/media match
539,Holman Right Leg 7-Up Crunch,holman-right-leg-7-up-crunch,,,,UNMATCHED,0.00,Abdominals,,Body Only,,,,UNMATCHED,no deterministic Supabase slug/name/alias/media match
540,Holman Left Leg 7-Up Crunch,holman-left-leg-7-up-crunch,,,,UNMATCHED,0.00,Abdominals,,Body Only,,,,UNMATCHED,no deterministic Supabase slug/name/alias/media match
541,Holman Straight Plank Jack,holman-straight-plank-jack,,,,UNMATCHED,0.00,Abdominals,,Body Only,,,,UNMATCHED,no deterministic Supabase slug/name/alias/media match
542,Holman Feet-Elevated Couch Hill Climber,holman-feet-elevated-couch-hill-climber,,,,UNMATCHED,0.00,Abdominals,,Body Only,,,,UNMATCHED,no deterministic Supabase slug/name/alias/media match
543,Holman Feet-Elevated Right Side Plank,holman-feet-elevated-right-side-plank,,,,UNMATCHED,0.00,Abdominals,,Body Only,,,,UNMATCHED,no deterministic Supabase slug/name/alias/media match
544,Holman Alternating Up-Down Plank to Push-Up,holman-alternating-up-down-plank-to-push-up,,,,UNMATCHED,0.00,Abdominals,,Body Only,,,,UNMATCHED,no deterministic Supabase slug/name/alias/media match
545,Holman Straight Plank Pike,holman-straight-plank-pike,,,,UNMATCHED,0.00,Abdominals,,Body Only,,,,UNMATCHED,no deterministic Supabase slug/name/alias/media match
546,Holman Ninja Knee Straight Plank,holman-ninja-knee-straight-plank,,,,UNMATCHED,0.00,Abdominals,,Body Only,,,,UNMATCHED,no deterministic Supabase slug/name/alias/media match
547,Holman Reverse Crunch to Hip Raise,holman-reverse-crunch-to-hip-raise,,,,UNMATCHED,0.00,Abdominals,,Body Only,,,,UNMATCHED,no deterministic Supabase slug/name/alias/media match
548,Holman Straight Plank Quick Reach,holman-straight-plank-quick-reach,,,,UNMATCHED,0.00,Abdominals,,Body Only,,,,UNMATCHED,no deterministic Supabase slug/name/alias/media match
549,Holman Alternating Diagonal Straight Plank,holman-alternating-diagonal-straight-plank,,,,UNMATCHED,0.00,Abdominals,,Body Only,,,,UNMATCHED,no deterministic Supabase slug/name/alias/media match
550,Holman Feet-Elevated Left Side Plank,holman-feet-elevated-left-side-plank,,,,UNMATCHED,0.00,Abdominals,,Body Only,,,,UNMATCHED,no deterministic Supabase slug/name/alias/media match
551,Holman Right Hand Left Foot Crab Reach,holman-right-hand-left-foot-crab-reach,,,,UNMATCHED,0.00,Abdominals,,Body Only,,,,UNMATCHED,no deterministic Supabase slug/name/alias/media match
552,Holman Low-Impact Crab Kick,holman-low-impact-crab-kick,,,,UNMATCHED,0.00,Abdominals,,Body Only,,,,UNMATCHED,no deterministic Supabase slug/name/alias/media match
553,Holman Alternating Crab Flip to Froggy Push-Up,holman-alternating-crab-flip-to-froggy-push-up,,,,UNMATCHED,0.00,Abdominals,,Body Only,,,,UNMATCHED,no deterministic Supabase slug/name/alias/media match
554,Holman High-Impact Crab Kick,holman-high-impact-crab-kick,,,,UNMATCHED,0.00,Abdominals,,Body Only,,,,UNMATCHED,no deterministic Supabase slug/name/alias/media match
555,Holman Single-Leg Right Pike,holman-single-leg-right-pike,,,,UNMATCHED,0.00,Abdominals,,Body Only,,,,UNMATCHED,no deterministic Supabase slug/name/alias/media match
556,Holman Single-Leg Left Pike,holman-single-leg-left-pike,,,,UNMATCHED,0.00,Abdominals,,Body Only,,,,UNMATCHED,no deterministic Supabase slug/name/alias/media match
557,Holman Shoulder Tap to Hand Tap,holman-shoulder-tap-to-hand-tap,,,,UNMATCHED,0.00,Abdominals,,Body Only,,,,UNMATCHED,no deterministic Supabase slug/name/alias/media match
558,Holman Towel Reverse Plank Jack,holman-towel-reverse-plank-jack,,,,UNMATCHED,0.00,Abdominals,,Body Only,,,,UNMATCHED,no deterministic Supabase slug/name/alias/media match
559,Holman Side-to-Side Twist,holman-side-to-side-twist,,,,UNMATCHED,0.00,Abdominals,,Body Only,,,,UNMATCHED,no deterministic Supabase slug/name/alias/media match
560,Holman Crab Kick with Hop,holman-crab-kick-with-hop,,,,UNMATCHED,0.00,Abdominals,,Body Only,,,,UNMATCHED,no deterministic Supabase slug/name/alias/media match
561,Holman Crab Reach to Crab Kick,holman-crab-reach-to-crab-kick,,,,UNMATCHED,0.00,Abdominals,,Body Only,,,,UNMATCHED,no deterministic Supabase slug/name/alias/media match
562,Holman Wide Squat Side-to-Side Obliques,holman-wide-squat-side-to-side-obliques,,,,UNMATCHED,0.00,Abdominals,,Body Only,,,,UNMATCHED,no deterministic Supabase slug/name/alias/media match
563,Holman Side Plank Crunch,holman-side-plank-crunch,23,Side Crunch,side-crunch,REVIEW,0.50,Abdominals,ABS,Body Only,Bodyweight,,video/ABS/videos/side crunches.mp4,CONFLICT,candidate similarity score 0.50; multiple equal-confidence Supabase candidates
564,Total Fitness Ab Tuck,total-fitness-ab-tuck,,,,UNMATCHED,0.00,Abdominals,,Body Only,,,,UNMATCHED,no deterministic Supabase slug/name/alias/media match
565,Active hang from bar,active-hang-from-bar,,,,UNMATCHED,0.00,Abdominals,,Body Only,,,,UNMATCHED,no deterministic Supabase slug/name/alias/media match
566,Cat-cow,cat-cow,,,,UNMATCHED,0.00,Abdominals,,Body Only,,,,UNMATCHED,no deterministic Supabase slug/name/alias/media match
567,Crab walk,crab-walk,,,,UNMATCHED,0.00,Abdominals,,Body Only,,,,UNMATCHED,no deterministic Supabase slug/name/alias/media match
568,Lunge with overhead reach,lunge-with-overhead-reach,,,,UNMATCHED,0.00,Abdominals,,Body Only,,,,UNMATCHED,no deterministic Supabase slug/name/alias/media match
569,Hang from bar,hang-from-bar,,,,UNMATCHED,0.00,Abdominals,,Body Only,,,,UNMATCHED,no deterministic Supabase slug/name/alias/media match
570,Total Fitness Hollow Hold,total-fitness-hollow-hold,,,,UNMATCHED,0.00,Abdominals,,Body Only,,,,UNMATCHED,no deterministic Supabase slug/name/alias/media match
571,Total Fitness Side Plank,total-fitness-side-plank,44,Side Plank,side-plank,REVIEW,0.50,Abdominals,ABS,Body Only,Bodyweight,,video/ABS/gif-male/Side plank male.jpg,REVIEW,candidate similarity score 0.50
572,Side plank pulse,side-plank-pulse,44,Side Plank,side-plank,HIGH_CONFIDENCE,0.67,Abdominals,ABS,Body Only,Bodyweight,,video/ABS/gif-male/Side plank male.jpg,HIGH_CONFIDENCE,context-constrained similarity score 0.67
573,Total Fitness Spider Crawl (Unweighted),total-fitness-spider-crawl-unweighted,,,,UNMATCHED,0.00,Abdominals,,Body Only,,,,UNMATCHED,no deterministic Supabase slug/name/alias/media match
574,Total Fitness V-Up,total-fitness-v-up,,,,UNMATCHED,0.00,Abdominals,,Body Only,,,,UNMATCHED,no deterministic Supabase slug/name/alias/media match
575,MetaBurn Alternating Knee-to-Elbow Mountain Climber,metaburn-alternating-knee-to-elbow-mountain-climber,,,,UNMATCHED,0.00,Abdominals,,Body Only,,,,UNMATCHED,no deterministic Supabase slug/name/alias/media match
576,Alternating sit-through with crunch-,alternating-sit-through-with-crunch,,,,UNMATCHED,0.00,Abdominals,,Body Only,,,,UNMATCHED,no deterministic Supabase slug/name/alias/media match
577,MetaBurn Alternating Toe-Touch,metaburn-alternating-toe-touch,,,,UNMATCHED,0.00,Abdominals,,Body Only,,,,UNMATCHED,no deterministic Supabase slug/name/alias/media match
578,MetaBurn Janda Sit-Up,metaburn-janda-sit-up,2,Sit-Up,sit-up,REVIEW,0.50,Abdominals,ABS,Body Only,Body Only,,video/ABS/gif-male/conventional sit-up male.gif,REVIEW,candidate similarity score 0.50
579,MetaBurn Oblique Roll Crunch,metaburn-oblique-roll-crunch,43,Oblique Crunch,oblique-crunch,REVIEW,0.50,Abdominals,ABS,Body Only,Body Only,,video/ABS/gif-male/Oblique abs MALE.gif,REVIEW,candidate similarity score 0.50
580,MetaBurn Plank Jack,metaburn-plank-jack,,,,UNMATCHED,0.00,Abdominals,,Body Only,,,,UNMATCHED,no deterministic Supabase slug/name/alias/media match
581,MetaBurn Plank To Alternating Side Plank,metaburn-plank-to-alternating-side-plank,,,,UNMATCHED,0.00,Abdominals,,Body Only,,,,UNMATCHED,no deterministic Supabase slug/name/alias/media match
582,MetaBurn Plank Up-Down,metaburn-plank-up-down,,,,UNMATCHED,0.00,Abdominals,,Body Only,,,,UNMATCHED,no deterministic Supabase slug/name/alias/media match
583,MetaBurn Plank Wiper,metaburn-plank-wiper,,,,UNMATCHED,0.00,Abdominals,,Body Only,,,,UNMATCHED,no deterministic Supabase slug/name/alias/media match
584,MetaBurn Plank With Alternating Toe-Touch,metaburn-plank-with-alternating-toe-touch,,,,UNMATCHED,0.00,Abdominals,,Body Only,,,,UNMATCHED,no deterministic Supabase slug/name/alias/media match
585,MetaBurn Plyo Push-Up,metaburn-plyo-push-up,230,Push-Up,push-up,REVIEW,0.50,Abdominals,Chest,Body Only,Body Only,,video/Chest/videos/Push-up (Chest).mp4,CONFLICT,candidate similarity score 0.50; incompatible category
586,MetaBurn Psycho Crunch,metaburn-psycho-crunch,,,,UNMATCHED,0.00,Abdominals,,Body Only,,,,UNMATCHED,no deterministic Supabase slug/name/alias/media match
587,MetaBurn Scapular Retraction Plank,metaburn-scapular-retraction-plank,,,,UNMATCHED,0.00,Abdominals,,Body Only,,,,UNMATCHED,no deterministic Supabase slug/name/alias/media match
588,MetaBurn Scapular Retraction Plank Hold,metaburn-scapular-retraction-plank-hold,,,,UNMATCHED,0.00,Abdominals,,Body Only,,,,UNMATCHED,no deterministic Supabase slug/name/alias/media match
589,MetaBurn Scorpion,metaburn-scorpion,,,,UNMATCHED,0.00,Abdominals,,Body Only,,,,UNMATCHED,no deterministic Supabase slug/name/alias/media match
590,MetaBurn Side Crawler,metaburn-side-crawler,,,,UNMATCHED,0.00,Abdominals,,Body Only,,,,UNMATCHED,no deterministic Supabase slug/name/alias/media match
591,MetaBurn Side Plank Oblique Crunch,metaburn-side-plank-oblique-crunch,,,,UNMATCHED,0.00,Abdominals,,Body Only,,,,UNMATCHED,no deterministic Supabase slug/name/alias/media match
592,MetaBurn Sit-Through,metaburn-sit-through,,,,UNMATCHED,0.00,Abdominals,,Body Only,,,,UNMATCHED,no deterministic Supabase slug/name/alias/media match
593,MetaBurn Sit-Up To V-Up,metaburn-sit-up-to-v-up,46,V Sit-Up,v-sit-up,HIGH_CONFIDENCE,0.60,Abdominals,ABS,Body Only,Bodyweight,,video/ABS/gif-male/v-sit-ups male.gif,HIGH_CONFIDENCE,context-constrained similarity score 0.60
594,MetaBurn Sit-Up With Rotation,metaburn-sit-up-with-rotation,,,,UNMATCHED,0.00,Abdominals,,Body Only,,,,UNMATCHED,no deterministic Supabase slug/name/alias/media match
595,MetaBurn Split-Leg Crunch,metaburn-split-leg-crunch,,,,UNMATCHED,0.00,Abdominals,,Body Only,,,,UNMATCHED,no deterministic Supabase slug/name/alias/media match
596,MetaBurn Tabletop Hip Thrust,metaburn-tabletop-hip-thrust,,,,UNMATCHED,0.00,Abdominals,,Body Only,,,,UNMATCHED,no deterministic Supabase slug/name/alias/media match
597,MetaBurn Tabletop With Russian Kick,metaburn-tabletop-with-russian-kick,,,,UNMATCHED,0.00,Abdominals,,Body Only,,,,UNMATCHED,no deterministic Supabase slug/name/alias/media match
598,MetaBurn Toe Driver Abs,metaburn-toe-driver-abs,,,,UNMATCHED,0.00,Abdominals,,Body Only,,,,UNMATCHED,no deterministic Supabase slug/name/alias/media match
599,MetaBurn-V-Up,metaburn-v-up,46,V Sit-Up,v-sit-up,REVIEW,0.50,Abdominals,ABS,Body Only,Bodyweight,,video/ABS/gif-male/v-sit-ups male.gif,REVIEW,candidate similarity score 0.50
600,X-body V-up,x-body-v-up,,,,UNMATCHED,0.00,Abdominals,,Body Only,,,,UNMATCHED,no deterministic Supabase slug/name/alias/media match
601,MetaBurn Swivel Crunch,metaburn-swivel-crunch,,,,UNMATCHED,0.00,Abdominals,,Body Only,,,,UNMATCHED,no deterministic Supabase slug/name/alias/media match
602,Robertson Core-Engaged Dead Bug,robertson-core-engaged-dead-bug,,,,UNMATCHED,0.00,Abdominals,,Body Only,,,,UNMATCHED,no deterministic Supabase slug/name/alias/media match
603,FYR2 Double-Under,double-under,,,,UNMATCHED,0.00,Abdominals,,Body Only,,,,UNMATCHED,no deterministic Supabase slug/name/alias/media match
604,FYR2 Fire Feet with Burpee Tuck Jump Drill,fire-feet-with-burpee-tuck-jump-drill,,,,UNMATCHED,0.00,Abdominals,,Body Only,,,,UNMATCHED,no deterministic Supabase slug/name/alias/media match
605,FYR2 Flutter Kick,flutter-kick,,,,UNMATCHED,0.00,Abdominals,,Body Only,,,,UNMATCHED,no deterministic Supabase slug/name/alias/media match
606,FYR2 Half-Moon,half-moon,,,,UNMATCHED,0.00,Abdominals,,Body Only,,,,UNMATCHED,no deterministic Supabase slug/name/alias/media match
607,FYR2 Leopard Crawl,leopard-crawl,,,,UNMATCHED,0.00,Abdominals,,Body Only,,,,UNMATCHED,no deterministic Supabase slug/name/alias/media match
608,FYR2 Plank Alternating Front Step,plank-alternating-front-step,,,,UNMATCHED,0.00,Abdominals,,Body Only,,,,UNMATCHED,no deterministic Supabase slug/name/alias/media match
609,FYR2 Shoulder Tap,shoulder-tap,,,,UNMATCHED,0.00,Abdominals,,Body Only,,,,UNMATCHED,no deterministic Supabase slug/name/alias/media match
610,Hand shift plank,hand-shift-plank,,,,UNMATCHED,0.00,Abdominals,,Body Only,,,,UNMATCHED,no deterministic Supabase slug/name/alias/media match
611,Cross-body plank march,cross-body-plank-march,,,,UNMATCHED,0.00,Abdominals,,Body Only,,,,UNMATCHED,no deterministic Supabase slug/name/alias/media match
612,Bent-knee Copenhagen hip adduction,bent-knee-copenhagen-hip-adduction,,,,UNMATCHED,0.00,Abdominals,,Body Only,,,,UNMATCHED,no deterministic Supabase slug/name/alias/media match
613,Copenhagen plank,copenhagen-plank,4,Plank,plank,REVIEW,0.50,Abdominals,ABS,Body Only,Bodyweight,,video/ABS/gif-female/Plank femme.gif,REVIEW,candidate similarity score 0.50
614,ACFT Hanging leg tuck,hanging-leg-tuck,,,,UNMATCHED,0.00,Abdominals,,Body Only,,,,UNMATCHED,no deterministic Supabase slug/name/alias/media match
615,Alternating hanging knee raise,alternating-hanging-knee-raise,38,Hanging Knee Raise,hanging-knee-raise,HIGH_CONFIDENCE,0.75,Abdominals,ABS,Body Only,Bodyweight,,video/ABS/gif-male/Hanging Knee Raises male.gif,HIGH_CONFIDENCE,context-constrained similarity score 0.75
616,Plank To Sphinx,plank-to-sphinx,,,,UNMATCHED,0.00,Abdominals,,Body Only,,,,UNMATCHED,no deterministic Supabase slug/name/alias/media match
617,Twisting Mountain Climbers,twisting-mountain-climbers,,,,UNMATCHED,0.00,Abdominals,,Body Only,,,,UNMATCHED,no deterministic Supabase slug/name/alias/media match
618,Jack Knives,jack-knives,,,,UNMATCHED,0.00,Abdominals,,Body Only,,,,UNMATCHED,no deterministic Supabase slug/name/alias/media match
619,Hanging Leg Raises,hanging-leg-raise,52,Leg Raise,leg-raise,ALIAS_MEDIA_MATCH,0.99,Abdominals,ABS,Body Only,Bodyweight,leg raises.mp4,video/ABS/videos/leg raises.mp4,VERIFIED,local linked video filename equals Supabase media filename: leg raises.mp4
620,Dumbbell suitcase crunch,dumbbell-suitcase-crunch,,,,UNMATCHED,0.00,Abdominals,,Medicine Ball,,,,UNMATCHED,no deterministic Supabase slug/name/alias/media match
621,Medicine ball rotational throw,medicine-ball-rotational-throw,,,,UNMATCHED,0.00,Abdominals,,Medicine Ball,,,,UNMATCHED,no deterministic Supabase slug/name/alias/media match
622,Hollow-hold ball toss,hollow-hold-ball-toss,,,,UNMATCHED,0.00,Abdominals,,Medicine Ball,,,,UNMATCHED,no deterministic Supabase slug/name/alias/media match
623,Partner front Russian twist and pass,partner-front-russian-twist-and-pass,,,,UNMATCHED,0.00,Abdominals,,Medicine Ball,,,,UNMATCHED,no deterministic Supabase slug/name/alias/media match
624,Sit-up with single-arm overhand throw,sit-up-with-single-arm-overhand-throw,,,,UNMATCHED,0.00,Abdominals,,Medicine Ball,,,,UNMATCHED,no deterministic Supabase slug/name/alias/media match
625,Medicine ball partner twist,medicine-ball-partner-twist,,,,UNMATCHED,0.00,Abdominals,,Medicine Ball,,,,UNMATCHED,no deterministic Supabase slug/name/alias/media match
626,Partner side Russian twist and pass,partner-side-russian-twist-and-pass,,,,UNMATCHED,0.00,Abdominals,,Medicine Ball,,,,UNMATCHED,no deterministic Supabase slug/name/alias/media match
627,Medicine ball half moon,medicine-ball-half-moon,,,,UNMATCHED,0.00,Abdominals,,Medicine Ball,,,,UNMATCHED,no deterministic Supabase slug/name/alias/media match
628,Exercise ball roll-out,exercise-ball-roll-out,,,,UNMATCHED,0.00,Abdominals,,Medicine Ball,,,,UNMATCHED,no deterministic Supabase slug/name/alias/media match
629,Medicine ball pass,medicine-ball-pass,,,,UNMATCHED,0.00,Abdominals,,Medicine Ball,,,,UNMATCHED,no deterministic Supabase slug/name/alias/media match
630,Partner medicine ball sit-up,partner-medicine-ball-sit-up,24,Stability Ball Sit-Up,stability-ball-sit-up,REVIEW,0.50,Abdominals,ABS,Medicine Ball,Bodyweight,,video/ABS/gif-female/stability ball sit-up abs femme.gif,CONFLICT,candidate similarity score 0.50; incompatible  equipment
631,Medicine ball Russian twist,medicine-ball-russian-twist,3,Russian Twist,russian-twist,REVIEW,0.50,Abdominals,ABS,Medicine Ball,Body Only,,video/ABS/gif-male/Russian twist male.gif,CONFLICT,candidate similarity score 0.50; incompatible  equipment
632,30 Medicine Ball Slam,30-medicine-ball-slam,,,,UNMATCHED,0.00,Abdominals,,Medicine Ball,,,,UNMATCHED,no deterministic Supabase slug/name/alias/media match
633,Medicine ball twist,medicine-ball-twist,,,,UNMATCHED,0.00,Abdominals,,Medicine Ball,,,,UNMATCHED,no deterministic Supabase slug/name/alias/media match
634,FYR2 Medicine Ball Complex,medicine-ball-complex,,,,UNMATCHED,0.00,Abdominals,,Medicine Ball,,,,UNMATCHED,no deterministic Supabase slug/name/alias/media match
635,FYR2 Medicine Ball Fire-Feet Drill,medicine-ball-fire-feet-drill,,,,UNMATCHED,0.00,Abdominals,,Medicine Ball,,,,UNMATCHED,no deterministic Supabase slug/name/alias/media match
636,FYR2 Medicine Ball Knees-to-Chest,medicine-ball-knees-to-chest,,,,UNMATCHED,0.00,Abdominals,,Medicine Ball,,,,UNMATCHED,no deterministic Supabase slug/name/alias/media match
637,FYR2 Medicine Ball Mountain Climber,medicine-ball-mountain-climber,13,Mountain Climber,mountain-climber,REVIEW,0.50,Abdominals,ABS,Medicine Ball,Body Only,,video/ABS/gif-female/Climber abs femme.gif,CONFLICT,candidate similarity score 0.50; incompatible  equipment
638,Decline oblique crunch,decline-oblique-crunch,17,Decline Crunch,decline-crunch,HIGH_CONFIDENCE,0.67,Abdominals,ABS,None,Body Only,,video/ABS/gif-male/Complete decline bench for abs MALE.gif,CONFLICT,context-constrained similarity score 0.67; multiple equal-confidence Supabase candidates
639,Decline sit-up,decline-sit-up,2,Sit-Up,sit-up,HIGH_CONFIDENCE,0.67,Abdominals,ABS,None,Body Only,,video/ABS/gif-male/conventional sit-up male.gif,HIGH_CONFIDENCE,context-constrained similarity score 0.67
640,Hanging Windshield Wiper,hanging-windshield-wiper,,,,UNMATCHED,0.00,Abdominals,,None,,,,UNMATCHED,no deterministic Supabase slug/name/alias/media match
641,Exercise Ball Pull-In,exercise-ball-pull-in,,,,UNMATCHED,0.00,Abdominals,,Exercise Ball,,,,UNMATCHED,no deterministic Supabase slug/name/alias/media match
642,Exercise ball crunch,exercise-ball-crunch,16,Ball Crunch,ball-crunch,HIGH_CONFIDENCE,0.67,Abdominals,ABS,Exercise Ball,Exercise Ball,,video/ABS/gif-female/Crunches while holding the ball FEMME.gif,HIGH_CONFIDENCE,context-constrained similarity score 0.67
643,Feet-elevated crunch,feet-elevated-crunch,36,Elevated-Leg Crunch,elevated-leg-crunch,REVIEW,0.50,Abdominals,ABS,Exercise Ball,Bodyweight,,video/ABS/gif-male/Elevated-leg crunch male.gif,CONFLICT,candidate similarity score 0.50; incompatible  equipment
644,Weighted Ball Side Bend,weighted-ball-side-bend,,,,UNMATCHED,0.00,Abdominals,,Exercise Ball,,,,UNMATCHED,no deterministic Supabase slug/name/alias/media match
645,Swiss Ball Ab Roll-Out,swiss-ball-ab-roll-out,,,,UNMATCHED,0.00,Abdominals,,Exercise Ball,,,,UNMATCHED,no deterministic Supabase slug/name/alias/media match
646,Exercise Ball Cable Crunch - Gethin Variation,exercise-ball-cable-crunch,7,Cable Crunch,cable-crunch,REVIEW,0.50,Abdominals,ABS,Cable,Cable,,video/ABS/videos/Cable Crunch (Kneeling).mp4,CONFLICT,candidate similarity score 0.50; multiple equal-confidence Supabase candidates
647,Exercise ball squat and twist,exercise-ball-squat-and-twist,,,,UNMATCHED,0.00,Abdominals,,Exercise Ball,,,,UNMATCHED,no deterministic Supabase slug/name/alias/media match
648,Swiss Ball V-Up With Foot Pass,swiss-ball-v-up-with-foot-pass,,,,UNMATCHED,0.00,Abdominals,,Exercise Ball,,,,UNMATCHED,no deterministic Supabase slug/name/alias/media match
649,Exercise ball pike,exercise-ball-pike,,,,UNMATCHED,0.00,Abdominals,,Exercise Ball,,,,UNMATCHED,no deterministic Supabase slug/name/alias/media match
650,Exercise ball bird dog,exercise-ball-bird-dog,,,,UNMATCHED,0.00,Abdominals,,Exercise Ball,,,,UNMATCHED,no deterministic Supabase slug/name/alias/media match
651,Exercise ball superman,exercise-ball-superman,,,,UNMATCHED,0.00,Abdominals,,Exercise Ball,,,,UNMATCHED,no deterministic Supabase slug/name/alias/media match
652,BOSU cross-body crunch,bosu-cross-body-crunch,,,,UNMATCHED,0.00,Abdominals,,Exercise Ball,,,,UNMATCHED,no deterministic Supabase slug/name/alias/media match
653,Exercise Ball Knee Tuck - Gethin Varation,exercise-ball-knee-tuck-gethin-varation,,,,UNMATCHED,0.00,Abdominals,,Exercise Ball,,,,UNMATCHED,no deterministic Supabase slug/name/alias/media match
654,Alternating Exercise Ball Knee Tucks - Gethin Variation,alternating-exercise-ball-knee-tucks,,,,UNMATCHED,0.00,Abdominals,,Exercise Ball,,,,UNMATCHED,no deterministic Supabase slug/name/alias/media match
655,AM Ball Crunch,ball-crunch,16,Ball Crunch,ball-crunch,EXACT_SLUG,1.00,Abdominals,ABS,Exercise Ball,Exercise Ball,,video/ABS/gif-female/Crunches while holding the ball FEMME.gif,VERIFIED,local derived slug equals Supabase slug; normalized local name equals normalized Supabase name; local alias equals Supabase name: ball crunch; local alias equals Supabase slug: ball crunch
656,30 Bosu Cable Reverse Crunch,30-bosu-cable-reverse-crunch,,,,UNMATCHED,0.00,Abdominals,,Exercise Ball,,,,UNMATCHED,no deterministic Supabase slug/name/alias/media match
657,BOSU knee tuck,bosu-knee-tuck,,,,UNMATCHED,0.00,Abdominals,,Exercise Ball,,,,UNMATCHED,no deterministic Supabase slug/name/alias/media match
658,30 Side Plank On Ball,30-side-plank-on-ball,,,,UNMATCHED,0.00,Abdominals,,Exercise Ball,,,,UNMATCHED,no deterministic Supabase slug/name/alias/media match
659,Hanging exercise ball leg raise,hanging-exercise-ball-leg-raise,39,Hanging Straight-Leg Raise,hanging-straight-leg-raise,REVIEW,0.50,Abdominals,ABS,Exercise Ball,Weighted,,video/ABS/gif-male/Hanging Leg Raise Straight Leg (Hips) leg raises male.gif,CONFLICT,candidate similarity score 0.50; incompatible  equipment
660,Taylor Exercise Ball Stir-The-Pot,taylor-exercise-ball-stir-the-pot,,,,UNMATCHED,0.00,Abdominals,,Exercise Ball,,,,UNMATCHED,no deterministic Supabase slug/name/alias/media match
661,FYR2 Air Ball,air-ball,,,,UNMATCHED,0.00,Abdominals,,Exercise Ball,,,,UNMATCHED,no deterministic Supabase slug/name/alias/media match
662,Feet-elevated plank on ball,feet-elevated-plank-on-ball,,,,UNMATCHED,0.00,Abdominals,,Exercise Ball,,,,UNMATCHED,no deterministic Supabase slug/name/alias/media match
663,Band Hip Adductions,band-hip-adductions,,,,UNMATCHED,0.00,Adductors,,Bands,,,,UNMATCHED,no deterministic Supabase slug/name/alias/media match
664,Lateral Band Walk,lateral-band-walk,,,,UNMATCHED,0.00,Abductors,,Bands,,,,UNMATCHED,no deterministic Supabase slug/name/alias/media match
665,FYR2 Standing Banded Leg Abduction,standing-banded-leg-abduction,,,,UNMATCHED,0.00,Abductors,,Bands,,,,UNMATCHED,no deterministic Supabase slug/name/alias/media match
666,Iliotibial band SMR,iliotibial-band-smr,,,,UNMATCHED,0.00,Abductors,,Foam Roll,,,,UNMATCHED,no deterministic Supabase slug/name/alias/media match
667,Adductor SMR,adductor-smr,,,,UNMATCHED,0.00,Adductors,,Foam Roll,,,,UNMATCHED,no deterministic Supabase slug/name/alias/media match
668,Lying Bent Leg Groin,lying-bent-leg-groin,,,,UNMATCHED,0.00,Adductors,,Other,,,,UNMATCHED,no deterministic Supabase slug/name/alias/media match
669,Lateral box jump,lateral-box-jump,,,,UNMATCHED,0.00,Adductors,,Other,,,,UNMATCHED,no deterministic Supabase slug/name/alias/media match
670,Thigh adductor,thigh-adductor,,,,UNMATCHED,0.00,Adductors,,Machine,,,,UNMATCHED,no deterministic Supabase slug/name/alias/media match
671,Thigh abductor,thigh-abductor,,,,UNMATCHED,0.00,Abductors,,Machine,,,,UNMATCHED,no deterministic Supabase slug/name/alias/media match
672,Standing Hip Circles,standing-hip-circles,574,Standing Hip Extension,standing-hip-extension,REVIEW,0.50,Abductors,full legs,Body Only,Body Only,,video/full legs/gif-female/Standing Hip Extension femme.gif,CONFLICT,candidate similarity score 0.50; incompatible category
673,Groiners,groiners,,,,UNMATCHED,0.00,Adductors,,Body Only,,,,UNMATCHED,no deterministic Supabase slug/name/alias/media match
674,Fire Hydrant,fire-hydrant,,,,UNMATCHED,0.00,Abductors,,Body Only,,,,UNMATCHED,no deterministic Supabase slug/name/alias/media match
675,Windmills,windmills,,,,UNMATCHED,0.00,Abductors,,Body Only,,,,UNMATCHED,no deterministic Supabase slug/name/alias/media match
676,Side Leg Raises,side-leg-raise,52,Leg Raise,leg-raise,HIGH_CONFIDENCE,0.67,Adductors,ABS,Body Only,Bodyweight,,video/ABS/videos/leg raises.mp4,HIGH_CONFIDENCE,context-constrained similarity score 0.67
677,Lateral hop,lateral-hop,,,,UNMATCHED,0.00,Adductors,,Body Only,,,,UNMATCHED,no deterministic Supabase slug/name/alias/media match
678,Monster Walk,monster-walk,,,,UNMATCHED,0.00,Abductors,,Body Only,,,,UNMATCHED,no deterministic Supabase slug/name/alias/media match
679,Side Lying Groin Stretch,side-lying-groin-stretch,,,,UNMATCHED,0.00,Adductors,,Body Only,,,,UNMATCHED,no deterministic Supabase slug/name/alias/media match
680,IT Band and Glute Stretch,it-band-and-glute-stretch,,,,UNMATCHED,0.00,Abductors,,Body Only,,,,UNMATCHED,no deterministic Supabase slug/name/alias/media match
681,Single-leg lying cross-over stretch,single-leg-lying-cross-over-stretch,,,,UNMATCHED,0.00,Abductors,,Body Only,,,,UNMATCHED,no deterministic Supabase slug/name/alias/media match
682,Carioca quick step,carioca-quick-step,,,,UNMATCHED,0.00,Adductors,,Body Only,,,,UNMATCHED,no deterministic Supabase slug/name/alias/media match
683,Standing hip circle,standing-hip-circle,574,Standing Hip Extension,standing-hip-extension,REVIEW,0.50,Abductors,full legs,Body Only,Body Only,,video/full legs/gif-female/Standing Hip Extension femme.gif,CONFLICT,candidate similarity score 0.50; incompatible category
684,Lateral cone hop,lateral-cone-hop,,,,UNMATCHED,0.00,Adductors,,Body Only,,,,UNMATCHED,no deterministic Supabase slug/name/alias/media match
685,Side-To-Side Adductor Stretch,side-to-side-adductor-stretch,,,,UNMATCHED,0.00,Adductors,,Body Only,,,,UNMATCHED,no deterministic Supabase slug/name/alias/media match
686,Dynamic pigeon stretch,dynamic-pigeon-stretch,,,,UNMATCHED,0.00,Abductors,,Body Only,,,,UNMATCHED,no deterministic Supabase slug/name/alias/media match
687,Cross-over jack,cross-over-jack,,,,UNMATCHED,0.00,Abductors,,Body Only,,,,UNMATCHED,no deterministic Supabase slug/name/alias/media match
688,Traveling thigh killa,traveling-thigh-killa,,,,UNMATCHED,0.00,Abductors,,Body Only,,,,UNMATCHED,no deterministic Supabase slug/name/alias/media match
689,FYR Thigh Killa,thigh-killa,,,,UNMATCHED,0.00,Abductors,,Body Only,,,,UNMATCHED,no deterministic Supabase slug/name/alias/media match
690,HM Straddle Stretch,hm-straddle-stretch,,,,UNMATCHED,0.00,Abductors,,Body Only,,,,UNMATCHED,no deterministic Supabase slug/name/alias/media match
691,HM Right Leg Swing,hm-right-leg-swing,,,,UNMATCHED,0.00,Abductors,,Body Only,,,,UNMATCHED,no deterministic Supabase slug/name/alias/media match
692,HM Right Side-Kick,hm-right-side-kick,,,,UNMATCHED,0.00,Abductors,,Body Only,,,,UNMATCHED,no deterministic Supabase slug/name/alias/media match
693,HM Frog Stretch,hm-frog-stretch,,,,UNMATCHED,0.00,Abductors,,Body Only,,,,UNMATCHED,no deterministic Supabase slug/name/alias/media match
694,HM Kick-Out,hm-kick-out,,,,UNMATCHED,0.00,Abductors,,Body Only,,,,UNMATCHED,no deterministic Supabase slug/name/alias/media match
695,HM Left Leg Swing,hm-left-leg-swing,,,,UNMATCHED,0.00,Adductors,,Body Only,,,,UNMATCHED,no deterministic Supabase slug/name/alias/media match
696,UNS Foam Roll Adductor,uns-foam-roll-adductor,,,,UNMATCHED,0.00,Adductors,,Body Only,,,,UNMATCHED,no deterministic Supabase slug/name/alias/media match
697,MetaBurn Groiner,metaburn-groiner,,,,UNMATCHED,0.00,Abductors,,Body Only,,,,UNMATCHED,no deterministic Supabase slug/name/alias/media match
698,Side-lying leg adduction scissor,side-lying-leg-adduction-scissor,,,,UNMATCHED,0.00,Adductors,,Body Only,,,,UNMATCHED,no deterministic Supabase slug/name/alias/media match
699,Groin and Back Stretch,groin-and-back-stretch,,,,UNMATCHED,0.00,Adductors,,None,,,,UNMATCHED,no deterministic Supabase slug/name/alias/media match
700,Adductor/Groin,adductor-groin,,,,UNMATCHED,0.00,Adductors,,None,,,,UNMATCHED,no deterministic Supabase slug/name/alias/media match
701,Incline dumbbell biceps curl,incline-dumbbell-biceps-curl,413,Incline Dumbbell Curl,incline-dumbbell-curl,HIGH_CONFIDENCE,0.75,Biceps,Full Arms,Bands,Bands,,video/Full Arms/Biceps and Forearm/gif-female/incline-dumbbell-curl femme.gif,HIGH_CONFIDENCE,context-constrained similarity score 0.75
702,Banded biceps curl in squat position,banded-biceps-curl-in-squat-position,,,,UNMATCHED,0.00,Biceps,,Bands,,,,UNMATCHED,no deterministic Supabase slug/name/alias/media match
703,Banded Hammer Press - Gethin Variation,banded-hammer-press,,,,UNMATCHED,0.00,Biceps,,Bands,,,,UNMATCHED,no deterministic Supabase slug/name/alias/media match
704,Band standing concentration curl,band-standing-concentration-curl,419,Concentration Curl,concentration-curl,REVIEW,0.50,Biceps,Full Arms,Bands,Dumbbell,,video/Full Arms/Biceps and Forearm/gif-female/concentration curl femme.gif,CONFLICT,candidate similarity score 0.50; incompatible  equipment
705,Brachialis SMR,brachialis-smr,,,,UNMATCHED,0.00,Biceps,,Foam Roll,,,,UNMATCHED,no deterministic Supabase slug/name/alias/media match
706,Wide-grip barbell curl,wide-grip-barbell-curl,160,Wide-Grip Barbell Upright Row,wide-grip-barbell-upright-row,REVIEW,0.50,Biceps,BACK and TRAPEZIUS,Barbell,Barbell,,video/BACK and TRAPEZIUS/gif-male/Wide-grip barbell upright row male.gif,CONFLICT,candidate similarity score 0.50; incompatible category
707,EZ-bar spider curl,ez-bar-spider-curl,396,EZ-Bar Bicep Curl,ez-bar-bicep-curl,HIGH_CONFIDENCE,0.60,Biceps,Full Arms,Barbell,EZ Bar,,video/Full Arms/Biceps and Forearm/gif-female/ez-bar-bicep-curl femme.gif,CONFLICT,context-constrained similarity score 0.60; multiple equal-confidence Supabase candidates
708,Barbell Curl,barbell-curl,484,Barbell Curl,barbell-curl,EXACT_SLUG,1.00,Biceps,Full Arms,Barbell,Barbell,,video/Full Arms/Biceps and Forearm/gif-female/barbell-curl femme.gif,VERIFIED,local derived slug equals Supabase slug; normalized local name equals normalized Supabase name; local alias equals Supabase name: barbell curl; local alias equals Supabase slug: barbell curl
709,Close-grip EZ-bar curl,close-grip-ez-bar-curl,491,Wide Grip Ez Bar Curl,wide-grip-ez-bar-curl,HIGH_CONFIDENCE,0.67,Biceps,Full Arms,Barbell,EZ Bar,,video/Full Arms/Biceps and Forearm/gif-male/wide-grip ez-bar curl male.gif,HIGH_CONFIDENCE,context-constrained similarity score 0.67
710,Preacher Curl,preacher-curl,388,Machine Preacher Curl,machine-preacher-curl,REVIEW,0.67,Biceps,Full Arms,Barbell,Machine,,video/Full Arms/Biceps and Forearm/gif-male/Machine preacher curl male.gif,CONFLICT,candidate similarity score 0.67; incompatible  equipment
711,Barbell Curls Lying Against An Incline,barbell-curl-lying-against-an-incline,,,,UNMATCHED,0.00,Biceps,,Barbell,,,,UNMATCHED,no deterministic Supabase slug/name/alias/media match
712,Seated Close-Grip Concentration Barbell Curl,seated-close-grip-concentration-barbell-curl,,,,UNMATCHED,0.00,Biceps,,Barbell,,,,UNMATCHED,no deterministic Supabase slug/name/alias/media match
713,Close-grip barbell curl,close-grip-barbell-curl,87,Close-Grip Barbell Row,close-grip-barbell-row,REVIEW,0.60,Biceps,BACK and TRAPEZIUS,Barbell,Barbell,,video/BACK and TRAPEZIUS/gif-male/Close-grip barbell male.gif,CONFLICT,candidate similarity score 0.60; incompatible category
714,Drag curl,drag-curl,,,,UNMATCHED,0.00,Biceps,,Barbell,,,,UNMATCHED,no deterministic Supabase slug/name/alias/media match
715,Reverse-grip barbell curl,reverse-grip-barbell-curl,415,Reverse Curl,reverse-curl,REVIEW,0.50,Biceps,Full Arms,Barbell,Barbell,,video/Full Arms/Biceps and Forearm/gif-female/dumbbell-reverse-curl femme.gif,CONFLICT,candidate similarity score 0.50; multiple equal-confidence Supabase candidates
716,Lying High Bench Barbell Curl,lying-high-bench-barbell-curl,,,,UNMATCHED,0.00,Biceps,,Barbell,,,,UNMATCHED,no deterministic Supabase slug/name/alias/media match
717,Seated wide-grip curl to close-grip curl,seated-wide-grip-curl-to-close-grip-curl,,,,UNMATCHED,0.00,Biceps,,Barbell,,,,UNMATCHED,no deterministic Supabase slug/name/alias/media match
718,Seated Straigh-Bar Curl Superset,seated-straigh-bar-curl-superset,,,,UNMATCHED,0.00,Biceps,,Barbell,,,,UNMATCHED,no deterministic Supabase slug/name/alias/media match
719,Dave Draper Forehead Curl,dave-draper-forehead-curl,,,,UNMATCHED,0.00,Biceps,,Barbell,,,,UNMATCHED,no deterministic Supabase slug/name/alias/media match
720,Reverse-grip EZ-bar curl,reverse-grip-ez-bar-curl,491,Wide Grip Ez Bar Curl,wide-grip-ez-bar-curl,HIGH_CONFIDENCE,0.67,Biceps,Full Arms,Barbell,EZ Bar,,video/Full Arms/Biceps and Forearm/gif-male/wide-grip ez-bar curl male.gif,HIGH_CONFIDENCE,context-constrained similarity score 0.67
721,EZ-Bar Spider Curl - Gethin Variation,ez-bar-spider-curl,396,EZ-Bar Bicep Curl,ez-bar-bicep-curl,HIGH_CONFIDENCE,0.60,Biceps,Full Arms,Barbell,EZ Bar,,video/Full Arms/Biceps and Forearm/gif-female/ez-bar-bicep-curl femme.gif,CONFLICT,context-constrained similarity score 0.60; multiple equal-confidence Supabase candidates
722,Barbell curl-,barbell-curl,484,Barbell Curl,barbell-curl,EXACT_SLUG,1.00,Biceps,Full Arms,Barbell,Barbell,,video/Full Arms/Biceps and Forearm/gif-female/barbell-curl femme.gif,VERIFIED,local derived slug equals Supabase slug; normalized local name equals normalized Supabase name
723,Paul Carter Barbell Curl,paul-carter-barbell-curl,484,Barbell Curl,barbell-curl,REVIEW,0.50,Biceps,Full Arms,Barbell,Barbell,,video/Full Arms/Biceps and Forearm/gif-female/barbell-curl femme.gif,REVIEW,candidate similarity score 0.50
724,Standing band biceps curl,standing-band-biceps-curl,,,,UNMATCHED,0.00,Biceps,,Barbell,,,,UNMATCHED,no deterministic Supabase slug/name/alias/media match
725,Close-Grip EZ-Bar Curl - Gethin Variation,close-grip-ez-bar-curl,491,Wide Grip Ez Bar Curl,wide-grip-ez-bar-curl,HIGH_CONFIDENCE,0.67,Biceps,Full Arms,Barbell,EZ Bar,,video/Full Arms/Biceps and Forearm/gif-male/wide-grip ez-bar curl male.gif,HIGH_CONFIDENCE,context-constrained similarity score 0.67
726,Seated Barbell Curl,seated-barbell-curl,484,Barbell Curl,barbell-curl,HIGH_CONFIDENCE,0.67,Biceps,Full Arms,Barbell,Barbell,,video/Full Arms/Biceps and Forearm/gif-female/barbell-curl femme.gif,HIGH_CONFIDENCE,context-constrained similarity score 0.67
727,AM Standing Barbell Curl,standing-barbell-curl,484,Barbell Curl,barbell-curl,HIGH_CONFIDENCE,0.67,Biceps,Full Arms,Barbell,Barbell,,video/Full Arms/Biceps and Forearm/gif-female/barbell-curl femme.gif,HIGH_CONFIDENCE,context-constrained similarity score 0.67
728,EZ-bar preacher curl,ez-bar-preacher-curl,441,Ez Bar Preacher Curl,ez-bar-preacher-curl,EXACT_SLUG,1.00,Biceps,Full Arms,Barbell,Barbell,,video/Full Arms/Biceps and Forearm/gif-male/ez-bar-preacher-curl male.gif,VERIFIED,local derived slug equals Supabase slug; normalized local name equals normalized Supabase name; local alias equals Supabase name: ez bar preacher curl; local alias equals Supabase slug: ez bar preacher curl
729,30 Arms Standing Barbell Curl,standing-barbell-curl,484,Barbell Curl,barbell-curl,HIGH_CONFIDENCE,0.67,Biceps,Full Arms,Barbell,Barbell,,video/Full Arms/Biceps and Forearm/gif-female/barbell-curl femme.gif,HIGH_CONFIDENCE,context-constrained similarity score 0.67
730,30 Arms Incline Biceps Curl,incline-biceps-curl,413,Incline Dumbbell Curl,incline-dumbbell-curl,REVIEW,0.50,Biceps,Full Arms,Barbell,Bands,,video/Full Arms/Biceps and Forearm/gif-female/incline-dumbbell-curl femme.gif,CONFLICT,candidate similarity score 0.50; incompatible  equipment
731,"Bicep Curls ""21s""",bicep-curl-21s,428,Diagonal Bicep Curl,diagonal-bicep-curl,REVIEW,0.50,Biceps,Full Arms,Barbell,Bodyweight,,video/Full Arms/Biceps and Forearm/gif-male/Diagonal bicep curl male.gif,CONFLICT,candidate similarity score 0.50; incompatible  equipment
732,Incline Hammer Curls,incline-hammer-curl,418,Dumbbell Incline Hammer Curl,dumbbell-incline-hammer-curl,HIGH_CONFIDENCE,0.75,Biceps,Full Arms,Dumbbell,Dumbbell,,video/Full Arms/Biceps and Forearm/gif-female/dumbbell-incline-hammer-curl femme.gif,HIGH_CONFIDENCE,context-constrained similarity score 0.75
733,Hammer Curls,hammer-curl,414,Hammer Curl,hammer-curl,EXACT_SLUG,1.00,Biceps,Full Arms,Dumbbell,Dumbbell,Hammer Curl.mp4,video/Full Arms/Biceps and Forearm/gif-female/dumbbell-hammer-curl femme.gif,VERIFIED,local derived slug equals Supabase slug; normalized local name equals normalized Supabase name; local alias equals Supabase name: hammer curl; local alias equals Supabase slug: hammer curl; local linked video filename equals Supabase media filename: Hammer Curl.mp4
734,Biceps curl to shoulder press,biceps-curl-to-shoulder-press,,,,UNMATCHED,0.00,Biceps,,Dumbbell,,,,UNMATCHED,no deterministic Supabase slug/name/alias/media match
735,Concentration curl,concentration-curl,419,Concentration Curl,concentration-curl,EXACT_SLUG,1.00,Biceps,Full Arms,Dumbbell,Dumbbell,,video/Full Arms/Biceps and Forearm/gif-female/concentration curl femme.gif,CONFLICT,local derived slug equals Supabase slug; normalized local name equals normalized Supabase name; local alias equals Supabase name: concentration curl; local alias equals Supabase slug: concentration curl; incompatible category
736,Flexor Incline Dumbbell Curls,flexor-incline-dumbbell-curl,413,Incline Dumbbell Curl,incline-dumbbell-curl,REVIEW,0.74,Biceps,Full Arms,Dumbbell,Bands,,video/Full Arms/Biceps and Forearm/gif-female/incline-dumbbell-curl femme.gif,CONFLICT,candidate similarity score 0.75; incompatible  equipment
737,Dumbbell Bicep Curl,dumbbell-bicep-curl,471,Dumbbell Bicep Curl,dumbbell-bicep-curl,EXACT_SLUG,1.00,Biceps,Full Arms,Dumbbell,Dumbbell,,video/Full Arms/Biceps and Forearm/gif-male/dumbbell-bicep-curl male.gif,VERIFIED,local derived slug equals Supabase slug; normalized local name equals normalized Supabase name; local alias equals Supabase name: dumbbell bicep curl; local alias equals Supabase slug: dumbbell bicep curl
738,Cross-body hammer curl,cross-body-hammer-curl,433,Cross Body Hammer Curl,cross-body-hammer-curl,EXACT_SLUG,1.00,Biceps,Full Arms,Dumbbell,Dumbbell,,video/Full Arms/Biceps and Forearm/gif-female/cross-body-hammer-curl femme.gif,VERIFIED,local derived slug equals Supabase slug; normalized local name equals normalized Supabase name; local alias equals Supabase name: cross body hammer curl; local alias equals Supabase slug: cross body hammer curl
739,Dumbbell Alternate Bicep Curl,dumbbell-alternate-bicep-curl,471,Dumbbell Bicep Curl,dumbbell-bicep-curl,HIGH_CONFIDENCE,0.75,Biceps,Full Arms,Dumbbell,Dumbbell,,video/Full Arms/Biceps and Forearm/gif-male/dumbbell-bicep-curl male.gif,HIGH_CONFIDENCE,context-constrained similarity score 0.75
740,Single-arm dumbbell preacher curl,single-arm-dumbbell-preacher-curl,424,Single Arm Hammer Preacher Curl,single-arm-hammer-preacher-curl,HIGH_CONFIDENCE,0.67,Biceps,Full Arms,Dumbbell,Dumbbell,,video/Full Arms/Biceps and Forearm/gif-male/Single-arm hammer preacher curl male.gif,HIGH_CONFIDENCE,context-constrained similarity score 0.67
741,Alternate Incline Dumbbell Curl,alternate-incline-dumbbell-curl,413,Incline Dumbbell Curl,incline-dumbbell-curl,REVIEW,0.74,Biceps,Full Arms,Dumbbell,Bands,,video/Full Arms/Biceps and Forearm/gif-female/incline-dumbbell-curl femme.gif,CONFLICT,candidate similarity score 0.75; incompatible  equipment
742,Standing concentration curl,standing-concentration-curl,419,Concentration Curl,concentration-curl,HIGH_CONFIDENCE,0.67,Biceps,Full Arms,Dumbbell,Dumbbell,,video/Full Arms/Biceps and Forearm/gif-female/concentration curl femme.gif,HIGH_CONFIDENCE,context-constrained similarity score 0.67
743,Alternating incline dumbbell biceps curl,alternating-incline-dumbbell-biceps-curl,413,Incline Dumbbell Curl,incline-dumbbell-curl,REVIEW,0.60,Biceps,Full Arms,Dumbbell,Bands,,video/Full Arms/Biceps and Forearm/gif-female/incline-dumbbell-curl femme.gif,CONFLICT,candidate similarity score 0.60; incompatible  equipment
744,Alternate Hammer Curl,alternate-hammer-curl,414,Hammer Curl,hammer-curl,HIGH_CONFIDENCE,0.67,Biceps,Full Arms,Dumbbell,Dumbbell,,video/Full Arms/Biceps and Forearm/gif-female/dumbbell-hammer-curl femme.gif,HIGH_CONFIDENCE,context-constrained similarity score 0.67
745,Seated dumbbell biceps curl,seated-dumbbell-biceps-curl,407,Dumbbell Seated Zottman Curl,dumbbell-seated-zottman-curl,HIGH_CONFIDENCE,0.60,Biceps,Full Arms,Dumbbell,Dumbbell,,video/Full Arms/Biceps and Forearm/gif-male/dumbbell-seated-zottman-curl male.gif,HIGH_CONFIDENCE,context-constrained similarity score 0.60
746,Preacher Hammer Dumbbell Curl,preacher-hammer-dumbbell-curl,451,Dumbbell Preacher Curl,dumbbell-preacher-curl,HIGH_CONFIDENCE,0.75,Biceps,Full Arms,Dumbbell,Dumbbell,,video/Full Arms/Biceps and Forearm/gif-male/dumbbell-preacher-curl male.gif,HIGH_CONFIDENCE,context-constrained similarity score 0.75
747,Dumbbell preacher curl,dumbbell-preacher-curl,451,Dumbbell Preacher Curl,dumbbell-preacher-curl,EXACT_SLUG,1.00,Biceps,Full Arms,Dumbbell,Dumbbell,,video/Full Arms/Biceps and Forearm/gif-male/dumbbell-preacher-curl male.gif,VERIFIED,local derived slug equals Supabase slug; normalized local name equals normalized Supabase name; local alias equals Supabase name: dumbbell preacher curl; local alias equals Supabase slug: dumbbell preacher curl
748,Lying Supine Dumbbell Curl,lying-supine-dumbbell-curl,,,,UNMATCHED,0.00,Biceps,,Dumbbell,,,,UNMATCHED,no deterministic Supabase slug/name/alias/media match
749,Standing Dumbbell Reverse Curl,standing-dumbbell-reverse-curl,390,Standing Dumbbell Curl,standing-dumbbell-curl,HIGH_CONFIDENCE,0.75,Biceps,Full Arms,Dumbbell,Dumbbell,,video/Full Arms/videos/Standing DB Curl.mp4,HIGH_CONFIDENCE,context-constrained similarity score 0.75
750,Palms-out incline biceps curl,palms-out-incline-biceps-curl,,,,UNMATCHED,0.00,Biceps,,Dumbbell,,,,UNMATCHED,no deterministic Supabase slug/name/alias/media match
751,Straight-arm plank with biceps curl,straight-arm-plank-with-biceps-curl,,,,UNMATCHED,0.00,Biceps,,Dumbbell,,,,UNMATCHED,no deterministic Supabase slug/name/alias/media match
752,Face-down incline dumbbell biceps curl,face-down-incline-dumbbell-biceps-curl,413,Incline Dumbbell Curl,incline-dumbbell-curl,REVIEW,0.50,Biceps,Full Arms,Dumbbell,Bands,,video/Full Arms/Biceps and Forearm/gif-female/incline-dumbbell-curl femme.gif,CONFLICT,candidate similarity score 0.50; incompatible  equipment
753,Seated Dumbbell Inner Biceps Curl,seated-dumbbell-inner-biceps-curl,407,Dumbbell Seated Zottman Curl,dumbbell-seated-zottman-curl,REVIEW,0.50,Biceps,Full Arms,Dumbbell,Dumbbell,,video/Full Arms/Biceps and Forearm/gif-male/dumbbell-seated-zottman-curl male.gif,REVIEW,candidate similarity score 0.50
754,Standing Inner-Biceps Curl,standing-inner-biceps-curl,,,,UNMATCHED,0.00,Biceps,,Dumbbell,,,,UNMATCHED,no deterministic Supabase slug/name/alias/media match
755,Seated hammer curl,seated-hammer-curl,414,Hammer Curl,hammer-curl,HIGH_CONFIDENCE,0.67,Biceps,Full Arms,Dumbbell,Dumbbell,,video/Full Arms/Biceps and Forearm/gif-female/dumbbell-hammer-curl femme.gif,HIGH_CONFIDENCE,context-constrained similarity score 0.67
756,Paul Carter Incline Dumbbell Biceps Curl,paul-carter-incline-dumbbell-biceps-curl,413,Incline Dumbbell Curl,incline-dumbbell-curl,REVIEW,0.50,Biceps,Full Arms,Dumbbell,Bands,,video/Full Arms/Biceps and Forearm/gif-female/incline-dumbbell-curl femme.gif,CONFLICT,candidate similarity score 0.50; incompatible  equipment
757,Paul Carter Concentration Curl,paul-carter-concentration-curl,419,Concentration Curl,concentration-curl,REVIEW,0.50,Biceps,Full Arms,Dumbbell,Dumbbell,,video/Full Arms/Biceps and Forearm/gif-female/concentration curl femme.gif,REVIEW,candidate similarity score 0.50
758,FYR Dumbbell Curl,dumbbell-curl,95,Dumbbell Jefferson Curl,dumbbell-jefferson-curl,REVIEW,0.67,Biceps,BACK and TRAPEZIUS,Dumbbell,Dumbbell,,video/BACK and TRAPEZIUS/gif-male/Dumbbell Jefferson Curl male.gif,CONFLICT,candidate similarity score 0.67; incompatible category
759,Dumbbell biceps curl to upright row,dumbbell-biceps-curl-to-upright-row,98,Dumbbell Upright Row,dumbbell-upright-row,REVIEW,0.50,Biceps,BACK and TRAPEZIUS,Dumbbell,Dumbbell,,video/BACK and TRAPEZIUS/gif-male/Dumbbell upright row male.gif,REVIEW,candidate similarity score 0.50
760,FYR Dumbbell Hammer Curl,dumbbell-hammer-curl,418,Dumbbell Incline Hammer Curl,dumbbell-incline-hammer-curl,HIGH_CONFIDENCE,0.75,Biceps,Full Arms,Dumbbell,Dumbbell,,video/Full Arms/Biceps and Forearm/gif-female/dumbbell-incline-hammer-curl femme.gif,HIGH_CONFIDENCE,context-constrained similarity score 0.75
761,Dumbbell overhead hold with single-arm curl,dumbbell-overhead-hold-with-single-arm-curl,,,,UNMATCHED,0.00,Biceps,,Dumbbell,,,,UNMATCHED,no deterministic Supabase slug/name/alias/media match
762,FYR Kneeling Biceps,kneeling-biceps,,,,UNMATCHED,0.00,Biceps,,Dumbbell,,,,UNMATCHED,no deterministic Supabase slug/name/alias/media match
763,Lunge hold dumbbell curl,lunge-hold-dumbbell-curl,,,,UNMATCHED,0.00,Biceps,,Dumbbell,,,,UNMATCHED,no deterministic Supabase slug/name/alias/media match
764,FYR Dumbbell Biceps Curl,dumbbell-biceps-curl,95,Dumbbell Jefferson Curl,dumbbell-jefferson-curl,REVIEW,0.50,Biceps,BACK and TRAPEZIUS,Dumbbell,Dumbbell,,video/BACK and TRAPEZIUS/gif-male/Dumbbell Jefferson Curl male.gif,CONFLICT,candidate similarity score 0.50; incompatible category
765,Alternating dumbbell snatch,alternating-dumbbell-snatch,,,,UNMATCHED,0.00,Biceps,,Dumbbell,,,,UNMATCHED,no deterministic Supabase slug/name/alias/media match
766,TBS Incline Dumbbell Curl,tbs-incline-dumbbell-curl,413,Incline Dumbbell Curl,incline-dumbbell-curl,REVIEW,0.74,Biceps,Full Arms,Dumbbell,Bands,,video/Full Arms/Biceps and Forearm/gif-female/incline-dumbbell-curl femme.gif,CONFLICT,candidate similarity score 0.75; incompatible  equipment
767,TBS Hammer Curl,tbs-hammer-curl,414,Hammer Curl,hammer-curl,HIGH_CONFIDENCE,0.67,Biceps,Full Arms,Dumbbell,Dumbbell,,video/Full Arms/Biceps and Forearm/gif-female/dumbbell-hammer-curl femme.gif,HIGH_CONFIDENCE,context-constrained similarity score 0.67
768,Reverse-grip dumbbell curl,reverse-grip-dumbbell-curl,415,Reverse Curl,reverse-curl,REVIEW,0.50,Biceps,Full Arms,Dumbbell,Barbell,,video/Full Arms/Biceps and Forearm/gif-female/dumbbell-reverse-curl femme.gif,CONFLICT,candidate similarity score 0.50; incompatible  equipment
769,Incline Dumbbell Curl - Gethin Variation,incline-dumbbell-curl,413,Incline Dumbbell Curl,incline-dumbbell-curl,EXACT_SLUG,1.00,Biceps,Full Arms,Dumbbell,Bands,Incline Curl.mp4,video/Full Arms/Biceps and Forearm/gif-female/incline-dumbbell-curl femme.gif,CONFLICT,local derived slug equals Supabase slug; normalized local name equals normalized Supabase name; local alias equals Supabase name: incline dumbbell curl; local alias equals Supabase slug: incline dumbbell curl; local linked video filename equals Supabase media filename: Incline Curl.mp4; incompatible  equipment
770,Hammer curl,hammer-curl,414,Hammer Curl,hammer-curl,EXACT_SLUG,1.00,Biceps,Full Arms,Dumbbell,Dumbbell,Hammer Curl.mp4,video/Full Arms/Biceps and Forearm/gif-female/dumbbell-hammer-curl femme.gif,CONFLICT,local derived slug equals Supabase slug; normalized local name equals normalized Supabase name; local alias equals Supabase name: hammer curl; local alias equals Supabase slug: hammer curl; local linked video filename equals Supabase media filename: Hammer Curl.mp4; incompatible category
771,Seated Dumbbell Curl - Gethin Variation,seated-dumbbell-curl,407,Dumbbell Seated Zottman Curl,dumbbell-seated-zottman-curl,HIGH_CONFIDENCE,0.75,Biceps,Full Arms,Dumbbell,Dumbbell,,video/Full Arms/Biceps and Forearm/gif-male/dumbbell-seated-zottman-curl male.gif,HIGH_CONFIDENCE,context-constrained similarity score 0.75
772,Dumbbell Hammer Curl - Gethin Variation,dumbbell-hammer-curl,418,Dumbbell Incline Hammer Curl,dumbbell-incline-hammer-curl,HIGH_CONFIDENCE,0.75,Biceps,Full Arms,Dumbbell,Dumbbell,,video/Full Arms/Biceps and Forearm/gif-female/dumbbell-incline-hammer-curl femme.gif,HIGH_CONFIDENCE,context-constrained similarity score 0.75
773,Single-arm seated dumbbell curl,single-arm-seated-dumbbell-curl,63,Single-Arm Dumbbell Row,single-arm-dumbbell-row,REVIEW,0.50,Biceps,BACK and TRAPEZIUS,Dumbbell,Dumbbell,,video/BACK and TRAPEZIUS/gif-female/Single-arm row with bench support femme.gif,CONFLICT,candidate similarity score 0.50; incompatible category
774,Lying Cable Curl - Gethin Variation,lying-cable-curl,489,Cable Curl,cable-curl,REVIEW,0.67,Biceps,Full Arms,Dumbbell,Cable,,video/Full Arms/Biceps and Forearm/gif-male/Cable curl male.gif,CONFLICT,candidate similarity score 0.67; incompatible  equipment
775,Dumbbell biceps curl,dumbbell-biceps-curl,95,Dumbbell Jefferson Curl,dumbbell-jefferson-curl,REVIEW,0.50,Biceps,BACK and TRAPEZIUS,Dumbbell,Dumbbell,,video/BACK and TRAPEZIUS/gif-male/Dumbbell Jefferson Curl male.gif,CONFLICT,candidate similarity score 0.50; incompatible category
776,Seated Biceps Hammer Curl,seated-biceps-hammer-curl,414,Hammer Curl,hammer-curl,REVIEW,0.50,Biceps,Full Arms,Dumbbell,Dumbbell,,video/Full Arms/Biceps and Forearm/gif-female/dumbbell-hammer-curl femme.gif,REVIEW,candidate similarity score 0.50
777,HM Alternating Reverse Lunge With Biceps Curl,hm-alternating-reverse-lunge-with-biceps-curl,,,,UNMATCHED,0.00,Biceps,,Dumbbell,,,,UNMATCHED,no deterministic Supabase slug/name/alias/media match
778,AM Hammer Curls,hammer-curl,414,Hammer Curl,hammer-curl,EXACT_SLUG,1.00,Biceps,Full Arms,Dumbbell,Dumbbell,Hammer Curl.mp4,video/Full Arms/Biceps and Forearm/gif-female/dumbbell-hammer-curl femme.gif,VERIFIED,local derived slug equals Supabase slug; normalized local name equals normalized Supabase name; local alias equals Supabase name: hammer curl; local alias equals Supabase slug: hammer curl; local linked video filename equals Supabase media filename: Hammer Curl.mp4
779,AM Seated Hammer Curls,seated-hammer-curl,414,Hammer Curl,hammer-curl,HIGH_CONFIDENCE,0.67,Biceps,Full Arms,Dumbbell,Dumbbell,,video/Full Arms/Biceps and Forearm/gif-female/dumbbell-hammer-curl femme.gif,HIGH_CONFIDENCE,context-constrained similarity score 0.67
780,Seated alternating biceps curl,seated-alternating-biceps-curl,457,Alternating Curl,alternating-curl,REVIEW,0.50,Biceps,Full Arms,Dumbbell,Cable,,video/Full Arms/Biceps and Forearm/gif-male/Alternating curl male.gif,CONFLICT,candidate similarity score 0.50; incompatible  equipment
781,Alternating hammer curl,alternating-hammer-curl,434,Alternating Hammer Curl,alternating-hammer-curl,EXACT_SLUG,1.00,Biceps,Full Arms,Dumbbell,Dumbbell,,video/Full Arms/Biceps and Forearm/gif-male/Alternating hammer curl male.gif,VERIFIED,local derived slug equals Supabase slug; normalized local name equals normalized Supabase name; local alias equals Supabase name: alternating hammer curl; local alias equals Supabase slug: alternating hammer curl
782,Alternating biceps curl,alternating-biceps-curl,457,Alternating Curl,alternating-curl,REVIEW,0.67,Biceps,Full Arms,Dumbbell,Cable,,video/Full Arms/Biceps and Forearm/gif-male/Alternating curl male.gif,CONFLICT,candidate similarity score 0.67; incompatible  equipment
783,Holman Slow Biceps Curl,holman-slow-biceps-curl,,,,UNMATCHED,0.00,Biceps,,Dumbbell,,,,UNMATCHED,no deterministic Supabase slug/name/alias/media match
784,Holman Biceps Curl to Chest Punch,holman-biceps-curl-to-chest-punch,,,,UNMATCHED,0.00,Biceps,,Dumbbell,,,,UNMATCHED,no deterministic Supabase slug/name/alias/media match
785,Holman Right Arm Heavy Biceps Curl,holman-right-arm-heavy-biceps-curl,,,,UNMATCHED,0.00,Biceps,,Dumbbell,,,,UNMATCHED,no deterministic Supabase slug/name/alias/media match
786,Holman Left Arm Heavy Biceps Curl,holman-left-arm-heavy-biceps-curl,,,,UNMATCHED,0.00,Biceps,,Dumbbell,,,,UNMATCHED,no deterministic Supabase slug/name/alias/media match
787,Holman Alternating Front Lunge Biceps Curl,holman-alternating-front-lunge-biceps-curl,,,,UNMATCHED,0.00,Biceps,,Dumbbell,,,,UNMATCHED,no deterministic Supabase slug/name/alias/media match
788,Holman Weighted Double-Time Biceps Curl,holman-weighted-double-time-biceps-curl,,,,UNMATCHED,0.00,Biceps,,Dumbbell,,,,UNMATCHED,no deterministic Supabase slug/name/alias/media match
789,Holman Heavy Right Arm Biceps Curl,holman-heavy-right-arm-biceps-curl,,,,UNMATCHED,0.00,Biceps,,Dumbbell,,,,UNMATCHED,no deterministic Supabase slug/name/alias/media match
790,Holman Heavy Left Arm Biceps Curl,holman-heavy-left-arm-biceps-curl,,,,UNMATCHED,0.00,Biceps,,Dumbbell,,,,UNMATCHED,no deterministic Supabase slug/name/alias/media match
791,MetaBurn Dumbbell Drag Curl,metaburn-dumbbell-drag-curl,,,,UNMATCHED,0.00,Biceps,,Dumbbell,,,,UNMATCHED,no deterministic Supabase slug/name/alias/media match
792,MetaBurn Hammer Curl to Overhead Press,metaburn-hammer-curl-to-overhead-press,,,,UNMATCHED,0.00,Biceps,,Dumbbell,,,,UNMATCHED,no deterministic Supabase slug/name/alias/media match
793,MetaBurn Biceps Curl To Lateral Raise,metaburn-biceps-curl-to-lateral-raise,,,,UNMATCHED,0.00,Biceps,,Dumbbell,,,,UNMATCHED,no deterministic Supabase slug/name/alias/media match
794,FYR2 Alternating Dumbbell Curl,alternating-dumbbell-curl,457,Alternating Curl,alternating-curl,REVIEW,0.67,Biceps,Full Arms,Dumbbell,Cable,,video/Full Arms/Biceps and Forearm/gif-male/Alternating curl male.gif,CONFLICT,candidate similarity score 0.67; incompatible  equipment
795,FYR2 Pulse Biceps Curl,pulse-biceps-curl,,,,UNMATCHED,0.00,Biceps,,Dumbbell,,,,UNMATCHED,no deterministic Supabase slug/name/alias/media match
796,FYR2 Seesaw Dumbbell Biceps Curl,seesaw-dumbbell-biceps-curl,,,,UNMATCHED,0.00,Biceps,,Dumbbell,,,,UNMATCHED,no deterministic Supabase slug/name/alias/media match
797,FYR2 Single-Dumbbell Biceps Curl,single-dumbbell-biceps-curl,,,,UNMATCHED,0.00,Biceps,,Dumbbell,,,,UNMATCHED,no deterministic Supabase slug/name/alias/media match
798,FYR2 Dumbbell Curl-Row Complex,dumbbell-curl-row-complex,,,,UNMATCHED,0.00,Biceps,,Dumbbell,,,,UNMATCHED,no deterministic Supabase slug/name/alias/media match
799,30 Arms Standing Dumbbell Hammer Curl 21s,standing-dumbbell-hammer-curl-21s,390,Standing Dumbbell Curl,standing-dumbbell-curl,HIGH_CONFIDENCE,0.60,Biceps,Full Arms,Dumbbell,Dumbbell,,video/Full Arms/videos/Standing DB Curl.mp4,HIGH_CONFIDENCE,context-constrained similarity score 0.60
800,30 Arms Standing Biceps Curl,standing-biceps-curl,390,Standing Dumbbell Curl,standing-dumbbell-curl,REVIEW,0.50,Biceps,Full Arms,Dumbbell,Dumbbell,,video/Full Arms/videos/Standing DB Curl.mp4,REVIEW,candidate similarity score 0.50
801,30 Arms Standing Alternating Hammer Curl,standing-alternating-hammer-curl,434,Alternating Hammer Curl,alternating-hammer-curl,HIGH_CONFIDENCE,0.75,Biceps,Full Arms,Dumbbell,Dumbbell,,video/Full Arms/Biceps and Forearm/gif-male/Alternating hammer curl male.gif,HIGH_CONFIDENCE,context-constrained similarity score 0.75
802,30 Arms Standing Alternating Biceps Curl,standing-alternating-biceps-curl,457,Alternating Curl,alternating-curl,REVIEW,0.50,Biceps,Full Arms,Dumbbell,Cable,,video/Full Arms/Biceps and Forearm/gif-male/Alternating curl male.gif,CONFLICT,candidate similarity score 0.50; incompatible  equipment
803,30 Arms Single-Arm Hammer Preacher Curl,single-arm-hammer-preacher-curl,424,Single Arm Hammer Preacher Curl,single-arm-hammer-preacher-curl,EXACT_SLUG,1.00,Biceps,Full Arms,Dumbbell,Dumbbell,,video/Full Arms/Biceps and Forearm/gif-male/Single-arm hammer preacher curl male.gif,VERIFIED,local derived slug equals Supabase slug; normalized local name equals normalized Supabase name; local alias equals Supabase name: single arm hammer preacher curl; local alias equals Supabase slug: single arm hammer preacher curl
804,30 Arms Single-Arm Dumbbell Preacher Curl,single-arm-dumbbell-preacher-curl,424,Single Arm Hammer Preacher Curl,single-arm-hammer-preacher-curl,HIGH_CONFIDENCE,0.67,Biceps,Full Arms,Dumbbell,Dumbbell,,video/Full Arms/Biceps and Forearm/gif-male/Single-arm hammer preacher curl male.gif,HIGH_CONFIDENCE,context-constrained similarity score 0.67
805,30 Arms Seated Dumbbell Concentration Curl,seated-dumbbell-concentration-curl,407,Dumbbell Seated Zottman Curl,dumbbell-seated-zottman-curl,HIGH_CONFIDENCE,0.60,Biceps,Full Arms,Dumbbell,Dumbbell,,video/Full Arms/Biceps and Forearm/gif-male/dumbbell-seated-zottman-curl male.gif,HIGH_CONFIDENCE,context-constrained similarity score 0.60
806,30 Arms Seated Biceps Curl,seated-biceps-curl,,,,UNMATCHED,0.00,Biceps,,Dumbbell,,,,UNMATCHED,no deterministic Supabase slug/name/alias/media match
807,30 Arms Seated Alternating Biceps Curl,seated-alternating-biceps-curl,457,Alternating Curl,alternating-curl,REVIEW,0.50,Biceps,Full Arms,Dumbbell,Cable,,video/Full Arms/Biceps and Forearm/gif-male/Alternating curl male.gif,CONFLICT,candidate similarity score 0.50; incompatible  equipment
808,30 Arms Incline Hammer Curl,incline-hammer-curl,418,Dumbbell Incline Hammer Curl,dumbbell-incline-hammer-curl,HIGH_CONFIDENCE,0.75,Biceps,Full Arms,Dumbbell,Dumbbell,,video/Full Arms/Biceps and Forearm/gif-female/dumbbell-incline-hammer-curl femme.gif,HIGH_CONFIDENCE,context-constrained similarity score 0.75
809,30 Arms Incline Dumbbell Triceps Extension,incline-dumbbell-triceps-extension,,,,UNMATCHED,0.00,Biceps,,Dumbbell,,,,UNMATCHED,no deterministic Supabase slug/name/alias/media match
810,30 Arms Hammer Curl,hammer-curl,414,Hammer Curl,hammer-curl,EXACT_SLUG,1.00,Biceps,Full Arms,Dumbbell,Dumbbell,Hammer Curl.mp4,video/Full Arms/Biceps and Forearm/gif-female/dumbbell-hammer-curl femme.gif,VERIFIED,local derived slug equals Supabase slug; normalized local name equals normalized Supabase name; local alias equals Supabase name: hammer curl; local alias equals Supabase slug: hammer curl; local linked video filename equals Supabase media filename: Hammer Curl.mp4
811,Reverse Plate Curls,reverse-plate-curl,415,Reverse Curl,reverse-curl,REVIEW,0.67,Biceps,Full Arms,Other,Barbell,,video/Full Arms/Biceps and Forearm/gif-female/dumbbell-reverse-curl femme.gif,CONFLICT,candidate similarity score 0.67; incompatible  equipment
812,Standing Biceps Stretch,standing-biceps-stretch,,,,UNMATCHED,0.00,Biceps,,Other,,,,UNMATCHED,no deterministic Supabase slug/name/alias/media match
813,Suspended Curl,suspended-curl,,,,UNMATCHED,0.00,Biceps,,Other,,,,UNMATCHED,no deterministic Supabase slug/name/alias/media match
814,Plate hammer curl,plate-hammer-curl,414,Hammer Curl,hammer-curl,REVIEW,0.67,Biceps,Full Arms,Other,Dumbbell,,video/Full Arms/Biceps and Forearm/gif-female/dumbbell-hammer-curl femme.gif,CONFLICT,candidate similarity score 0.67; incompatible  equipment
815,Barbell spider curl,barbell-spider-curl,420,Spider Curl,spider-curl,REVIEW,0.67,Biceps,Full Arms,Other,Bodyweight,,video/Full Arms/videos/Spider Curl.mp4,CONFLICT,candidate similarity score 0.67; incompatible  equipment
816,Barbell forehead curl,barbell-forehead-curl,484,Barbell Curl,barbell-curl,REVIEW,0.67,Biceps,Full Arms,Other,Barbell,,video/Full Arms/Biceps and Forearm/gif-female/barbell-curl femme.gif,CONFLICT,candidate similarity score 0.67; incompatible  equipment
817,Overhead cable curl,overhead-cable-curl,469,Overhead Cable Curl,overhead-cable-curl,EXACT_SLUG,1.00,Biceps,Full Arms,Cable,Cable,,video/Full Arms/Biceps and Forearm/gif-male/overhead cable curl male.gif,VERIFIED,local derived slug equals Supabase slug; normalized local name equals normalized Supabase name; local alias equals Supabase name: overhead cable curl; local alias equals Supabase slug: overhead cable curl
818,Standing One-Arm Cable Curl,standing-single-arm-cable-curl,461,Cable One Arm Curl,cable-one-arm-curl,HIGH_CONFIDENCE,0.80,Biceps,Full Arms,Cable,Cable,,video/Full Arms/Biceps and Forearm/gif-female/cable-one-arm-curl femme.gif,HIGH_CONFIDENCE,context-constrained similarity score 0.80
819,Reverse Cable Curl,reverse-cable-curl,452,Cable Reverse Curl,cable-reverse-curl,HIGH_CONFIDENCE,0.92,Biceps,Full Arms,Cable,Cable,,video/Full Arms/Biceps and Forearm/gif-male/Cable reverse curl male.gif,HIGH_CONFIDENCE,context-constrained similarity score 1.00
820,Standing Biceps Cable Curl,standing-biceps-cable-curl,489,Cable Curl,cable-curl,REVIEW,0.50,Biceps,Full Arms,Cable,Cable,,video/Full Arms/Biceps and Forearm/gif-male/Cable curl male.gif,REVIEW,candidate similarity score 0.50
821,Cable rope hammer curl,cable-rope-hammer-curl,474,Rope Hammer Curl,rope-hammer-curl,REVIEW,0.74,Biceps,Full Arms,Cable,Dumbbell,,video/Full Arms/Biceps and Forearm/gif-male/Rope hammer curl male.gif,CONFLICT,candidate similarity score 0.75; incompatible  equipment
822,Lying cable biceps curl,lying-cable-biceps-curl,489,Cable Curl,cable-curl,REVIEW,0.50,Biceps,Full Arms,Cable,Cable,,video/Full Arms/Biceps and Forearm/gif-male/Cable curl male.gif,REVIEW,candidate similarity score 0.50
823,Cable rope preacher hammer curl,cable-rope-preacher-hammer-curl,474,Rope Hammer Curl,rope-hammer-curl,REVIEW,0.60,Biceps,Full Arms,Cable,Dumbbell,,video/Full Arms/Biceps and Forearm/gif-male/Rope hammer curl male.gif,CONFLICT,candidate similarity score 0.60; incompatible  equipment
824,Lying Close-Grip Bar Curl On High Pulley,lying-close-grip-bar-curl-on-high-pulley,,,,UNMATCHED,0.00,Biceps,,Cable,,,,UNMATCHED,no deterministic Supabase slug/name/alias/media match
825,Cable EZ-Bar Preacher Curl - Gethin Variation,cable-ez-bar-preacher-curl,441,Ez Bar Preacher Curl,ez-bar-preacher-curl,REVIEW,0.74,Biceps,Full Arms,Cable,Barbell,,video/Full Arms/Biceps and Forearm/gif-male/ez-bar-preacher-curl male.gif,CONFLICT,candidate similarity score 0.80; incompatible  equipment
826,Squatting cable EZ-bar biceps curl,squatting-cable-ez-bar-biceps-curl,,,,UNMATCHED,0.00,Biceps,,Cable,,,,UNMATCHED,no deterministic Supabase slug/name/alias/media match
827,Cable straight-bar biceps curl,cable-straight-bar-biceps-curl,481,Straight Bar Preacher Curl,straight-bar-preacher-curl,REVIEW,0.50,Biceps,Full Arms,Cable,Bodyweight,,video/Full Arms/Biceps and Forearm/gif-female/Straight-bar preacher curl femme.gif,CONFLICT,candidate similarity score 0.50; incompatible  equipment
828,Standing reverse-grip cable curl,standing-reverse-grip-cable-curl,452,Cable Reverse Curl,cable-reverse-curl,HIGH_CONFIDENCE,0.60,Biceps,Full Arms,Cable,Cable,,video/Full Arms/Biceps and Forearm/gif-male/Cable reverse curl male.gif,HIGH_CONFIDENCE,context-constrained similarity score 0.60
829,Lying high-cable biceps curl,lying-high-cable-biceps-curl,,,,UNMATCHED,0.00,Biceps,,Cable,,,,UNMATCHED,no deterministic Supabase slug/name/alias/media match
830,High-Pulley Cable Curl - Gethin Variation,high-pulley-cable-curl,459,High Pulley Side Curl,high-pulley-side-curl,REVIEW,0.60,Biceps,Full Arms,Cable,Bodyweight,,video/Full Arms/Biceps and Forearm/gif-male/High-pulley side curl male.gif,CONFLICT,candidate similarity score 0.60; incompatible  equipment
831,Standing High Cable Curl - Gethin Variation,standing-high-cable-curl,489,Cable Curl,cable-curl,REVIEW,0.50,Biceps,Full Arms,Cable,Cable,,video/Full Arms/Biceps and Forearm/gif-male/Cable curl male.gif,REVIEW,candidate similarity score 0.50
832,High Cable Curls,high-cable-curl,489,Cable Curl,cable-curl,HIGH_CONFIDENCE,0.67,Biceps,Full Arms,Cable,Cable,,video/Full Arms/Biceps and Forearm/gif-male/Cable curl male.gif,HIGH_CONFIDENCE,context-constrained similarity score 0.67
833,Seated cable biceps curl,seated-cable-biceps-curl,489,Cable Curl,cable-curl,REVIEW,0.50,Biceps,Full Arms,Cable,Cable,,video/Full Arms/Biceps and Forearm/gif-male/Cable curl male.gif,REVIEW,candidate similarity score 0.50
834,Lying Close-Grip Bar Curl On High Pulley - Gethin Variation,lying-close-grip-bar-curl-on-high-pulley,,,,UNMATCHED,0.00,Biceps,,Cable,,,,UNMATCHED,no deterministic Supabase slug/name/alias/media match
835,Standing Cable Curl - Gethin Variation,standing-cable-curl,489,Cable Curl,cable-curl,HIGH_CONFIDENCE,0.67,Biceps,Full Arms,Cable,Cable,,video/Full Arms/Biceps and Forearm/gif-male/Cable curl male.gif,HIGH_CONFIDENCE,context-constrained similarity score 0.67
836,Double Arm Cable Biceps Curl,double-arm-cable-biceps-curl,461,Cable One Arm Curl,cable-one-arm-curl,REVIEW,0.50,Biceps,Full Arms,Cable,Cable,,video/Full Arms/Biceps and Forearm/gif-female/cable-one-arm-curl femme.gif,REVIEW,candidate similarity score 0.50
837,AM Cable Biceps Curl,cable-biceps-curl,489,Cable Curl,cable-curl,HIGH_CONFIDENCE,0.67,Biceps,Full Arms,Cable,Cable,,video/Full Arms/Biceps and Forearm/gif-male/Cable curl male.gif,HIGH_CONFIDENCE,context-constrained similarity score 0.67
838,Single-arm cable biceps curl,single-arm-cable-biceps-curl,461,Cable One Arm Curl,cable-one-arm-curl,HIGH_CONFIDENCE,0.80,Biceps,Full Arms,Cable,Cable,,video/Full Arms/Biceps and Forearm/gif-female/cable-one-arm-curl femme.gif,HIGH_CONFIDENCE,context-constrained similarity score 0.80
839,UP Cable Curl With Straight Bar,up-cable-curl-with-straight-bar,425,Standard Cable Curl With V-Bar,standard-cable-curl-v-bar,REVIEW,0.50,Biceps,Full Arms,Cable,Cable,,video/Full Arms/videos/Standard Cable Curl with V.mp4,REVIEW,candidate similarity score 0.50
840,30 Arms Cable Rope Hammer Curl,cable-rope-hammer-curl,474,Rope Hammer Curl,rope-hammer-curl,REVIEW,0.74,Biceps,Full Arms,Cable,Dumbbell,,video/Full Arms/Biceps and Forearm/gif-male/Rope hammer curl male.gif,CONFLICT,candidate similarity score 0.75; incompatible  equipment
841,30 Arms Squatting Cable Straight-Bar Curl,squatting-cable-straight-bar-curl,,,,UNMATCHED,0.00,Biceps,,Cable,,,,UNMATCHED,no deterministic Supabase slug/name/alias/media match
842,30 Arms High Cable Curl,high-cable-curl,489,Cable Curl,cable-curl,HIGH_CONFIDENCE,0.67,Biceps,Full Arms,Cable,Cable,,video/Full Arms/Biceps and Forearm/gif-male/Cable curl male.gif,HIGH_CONFIDENCE,context-constrained similarity score 0.67
843,30 Arms Cable Straight-Bar Curl,cable-straight-bar-curl,481,Straight Bar Preacher Curl,straight-bar-preacher-curl,REVIEW,0.60,Biceps,Full Arms,Cable,Bodyweight,,video/Full Arms/Biceps and Forearm/gif-female/Straight-bar preacher curl femme.gif,CONFLICT,candidate similarity score 0.60; incompatible  equipment
844,30 Arms Cable Concentration Curl,cable-concentration-curl,419,Concentration Curl,concentration-curl,REVIEW,0.67,Biceps,Full Arms,Cable,Dumbbell,,video/Full Arms/Biceps and Forearm/gif-female/concentration curl femme.gif,CONFLICT,candidate similarity score 0.67; incompatible  equipment
845,30 Arms BFR High Cable Curl,bfr-high-cable-curl,489,Cable Curl,cable-curl,REVIEW,0.50,Biceps,Full Arms,Cable,Cable,,video/Full Arms/Biceps and Forearm/gif-male/Cable curl male.gif,REVIEW,candidate similarity score 0.50
846,BFR cable rope hammer curl,bfr-cable-rope-hammer-curl,474,Rope Hammer Curl,rope-hammer-curl,REVIEW,0.60,Biceps,Full Arms,Cable,Dumbbell,,video/Full Arms/Biceps and Forearm/gif-male/Rope hammer curl male.gif,CONFLICT,candidate similarity score 0.60; incompatible  equipment
847,Machine Bicep Curl,machine-bicep-curl,494,Bicep Curl Machine,bicep-curl-machine,HIGH_CONFIDENCE,0.92,Biceps,Full Arms,Machine,Machine,,video/Full Arms/Biceps and Forearm/gif-male/bicep-curl-machine male.gif,HIGH_CONFIDENCE,context-constrained similarity score 1.00
848,Machine Preacher Curls,machine-preacher-curl,388,Machine Preacher Curl,machine-preacher-curl,EXACT_SLUG,1.00,Biceps,Full Arms,Machine,Machine,,video/Full Arms/Biceps and Forearm/gif-male/Machine preacher curl male.gif,VERIFIED,local derived slug equals Supabase slug; normalized local name equals normalized Supabase name; local alias equals Supabase name: machine preacher curl; local alias equals Supabase slug: machine preacher curl
849,Single-arm machine preacher curl,single-arm-machine-preacher-curl,424,Single Arm Hammer Preacher Curl,single-arm-hammer-preacher-curl,REVIEW,0.67,Biceps,Full Arms,Machine,Dumbbell,,video/Full Arms/Biceps and Forearm/gif-male/Single-arm hammer preacher curl male.gif,CONFLICT,candidate similarity score 0.67; incompatible  equipment
850,Machine preacher curl,machine-preacher-curl,388,Machine Preacher Curl,machine-preacher-curl,EXACT_SLUG,1.00,Biceps,Full Arms,Machine,Machine,,video/Full Arms/Biceps and Forearm/gif-male/Machine preacher curl male.gif,VERIFIED,local derived slug equals Supabase slug; normalized local name equals normalized Supabase name; local alias equals Supabase name: machine preacher curl; local alias equals Supabase slug: machine preacher curl
851,Smith machine drag curl,smith-machine-drag-curl,,,,UNMATCHED,0.00,Biceps,,Machine,,,,UNMATCHED,no deterministic Supabase slug/name/alias/media match
852,30 Arms BFR Machine Preacher Curl,bfr-machine-preacher-curl,388,Machine Preacher Curl,machine-preacher-curl,HIGH_CONFIDENCE,0.75,Biceps,Full Arms,Machine,Machine,,video/Full Arms/Biceps and Forearm/gif-male/Machine preacher curl male.gif,HIGH_CONFIDENCE,context-constrained similarity score 0.75
853,Seated Biceps,seated-biceps,,,,UNMATCHED,0.00,Biceps,,Body Only,,,,UNMATCHED,no deterministic Supabase slug/name/alias/media match
854,TBS Chin-Up,tbs-chinup,86,Chin-Up,chin-up,REVIEW,0.50,Biceps,BACK and TRAPEZIUS,Body Only,Body Only,,video/BACK and TRAPEZIUS/gif-male/chin-ups male.gif,REVIEW,candidate similarity score 0.50
855,Pull-up - Gethin Variation,pullup,126,Pull-Up,pull-up,EXACT_SLUG,1.00,Biceps,BACK and TRAPEZIUS,Body Only,Body Only,pulldown Entire Lats.mp4,video/BACK and TRAPEZIUS/gif-male/pull-up male.gif,VERIFIED,local derived slug equals Supabase slug; normalized local name equals normalized Supabase name; local alias equals Supabase name: pullup; local alias equals Supabase slug: pullup
856,UN Pull-Up Supinated,un-pullup-supinated,,,,UNMATCHED,0.00,Biceps,,Body Only,,,,UNMATCHED,no deterministic Supabase slug/name/alias/media match
857,UN Pull-Up Pronated,un-pullup-pronated,,,,UNMATCHED,0.00,Biceps,,Body Only,,,,UNMATCHED,no deterministic Supabase slug/name/alias/media match
858,UN Pull-Up Neutral,un-pullup-neutral,,,,UNMATCHED,0.00,Biceps,,Body Only,,,,UNMATCHED,no deterministic Supabase slug/name/alias/media match
859,EZ-Bar Curl,ez-bar-curl,396,EZ-Bar Bicep Curl,ez-bar-bicep-curl,REVIEW,0.74,Biceps,Full Arms,E-Z Curl Bar,EZ Bar,,video/Full Arms/Biceps and Forearm/gif-female/ez-bar-bicep-curl femme.gif,CONFLICT,candidate similarity score 0.75; incompatible  equipment
860,Reverse Barbell Preacher Curls,reverse-barbell-preacher-curl,415,Reverse Curl,reverse-curl,REVIEW,0.50,Biceps,Full Arms,E-Z Curl Bar,Barbell,,video/Full Arms/Biceps and Forearm/gif-female/dumbbell-reverse-curl femme.gif,CONFLICT,candidate similarity score 0.50; incompatible  equipment
861,Close-Grip EZ-Bar Curl with Band,close-grip-ez-bar-curl-with-band,491,Wide Grip Ez Bar Curl,wide-grip-ez-bar-curl,REVIEW,0.50,Biceps,Full Arms,E-Z Curl Bar,EZ Bar,,video/Full Arms/Biceps and Forearm/gif-male/wide-grip ez-bar curl male.gif,CONFLICT,candidate similarity score 0.50; incompatible  equipment
862,Standing EZ-Bar Curl - Gethin Variation,standing-ez-bar-curl,396,EZ-Bar Bicep Curl,ez-bar-bicep-curl,REVIEW,0.60,Biceps,Full Arms,E-Z Curl Bar,EZ Bar,,video/Full Arms/Biceps and Forearm/gif-female/ez-bar-bicep-curl femme.gif,CONFLICT,candidate similarity score 0.60; incompatible  equipment
863,TBS EZ-Bar Curl,tbs-ez-bar-curl,396,EZ-Bar Bicep Curl,ez-bar-bicep-curl,REVIEW,0.60,Biceps,Full Arms,E-Z Curl Bar,EZ Bar,,video/Full Arms/Biceps and Forearm/gif-female/ez-bar-bicep-curl femme.gif,CONFLICT,candidate similarity score 0.60; incompatible  equipment
864,Standing EZ-bar curl,standing-ez-bar-curl,396,EZ-Bar Bicep Curl,ez-bar-bicep-curl,REVIEW,0.60,Biceps,Full Arms,E-Z Curl Bar,EZ Bar,,video/Full Arms/Biceps and Forearm/gif-female/ez-bar-bicep-curl femme.gif,CONFLICT,candidate similarity score 0.60; incompatible  equipment
865,30 Arms Standing Overhand EZ-Bar Curl,standing-overhand-ez-bar-curl,396,EZ-Bar Bicep Curl,ez-bar-bicep-curl,REVIEW,0.50,Biceps,Full Arms,E-Z Curl Bar,EZ Bar,,video/Full Arms/Biceps and Forearm/gif-female/ez-bar-bicep-curl femme.gif,CONFLICT,candidate similarity score 0.50; incompatible  equipment
866,30 Arms EZ-Bar Spider Curl,ez-bar-spider-curl,396,EZ-Bar Bicep Curl,ez-bar-bicep-curl,REVIEW,0.60,Biceps,Full Arms,E-Z Curl Bar,EZ Bar,,video/Full Arms/Biceps and Forearm/gif-female/ez-bar-bicep-curl femme.gif,CONFLICT,candidate similarity score 0.60; incompatible  equipment
867,30 Arms EZ-Bar Preacher Curl,ez-bar-preacher-curl,441,Ez Bar Preacher Curl,ez-bar-preacher-curl,EXACT_SLUG,1.00,Biceps,Full Arms,E-Z Curl Bar,Barbell,,video/Full Arms/Biceps and Forearm/gif-male/ez-bar-preacher-curl male.gif,CONFLICT,local derived slug equals Supabase slug; normalized local name equals normalized Supabase name; local alias equals Supabase name: ez bar preacher curl; local alias equals Supabase slug: ez bar preacher curl; incompatible  equipment
868,30 Arms Standing EZ-Bar Curl,standing-ez-bar-curl,396,EZ-Bar Bicep Curl,ez-bar-bicep-curl,REVIEW,0.60,Biceps,Full Arms,E-Z Curl Bar,EZ Bar,,video/Full Arms/Biceps and Forearm/gif-female/ez-bar-bicep-curl femme.gif,CONFLICT,candidate similarity score 0.60; incompatible  equipment
869,Calf Raises - With Bands,calf-raise-with-bands,,,,UNMATCHED,0.00,Calves,,Bands,,,,UNMATCHED,no deterministic Supabase slug/name/alias/media match
870,Peroneals Stretch,peroneals-stretch,,,,UNMATCHED,0.00,Calves,,Bands,,,,UNMATCHED,no deterministic Supabase slug/name/alias/media match
871,Posterior Tibialis Stretch,posterior-tibialis-stretch,,,,UNMATCHED,0.00,Calves,,Bands,,,,UNMATCHED,no deterministic Supabase slug/name/alias/media match
872,Calf SMR,calf-smr,,,,UNMATCHED,0.00,Calves,,Foam Roll,,,,UNMATCHED,no deterministic Supabase slug/name/alias/media match
873,Rocking Standing Calf Raise,rocking-standing-calf-raise,538,Standing Calf Raise,standing-calf-raise,REVIEW,0.74,Calves,full legs,Barbell,Body Only,,video/full legs/gif-female/femme standing calf raise.gif,CONFLICT,candidate similarity score 0.75; incompatible  equipment
874,Standing barbell calf raise,standing-barbell-calf-raise,538,Standing Calf Raise,standing-calf-raise,REVIEW,0.74,Calves,full legs,Barbell,Body Only,,video/full legs/gif-female/femme standing calf raise.gif,CONFLICT,candidate similarity score 0.75; incompatible  equipment
875,Barbell Seated Calf Raise,barbell-seated-calf-raise,597,Seated Calf Raise,seated-calf-raise,REVIEW,0.74,Calves,full legs,Barbell,Machine,,video/full legs/gif-female/seated calf raise femme.gif,CONFLICT,candidate similarity score 0.75; incompatible  equipment
876,Smith machine standing calf raise,smith-machine-standing-calf-raise,584,Smith Machine Calf Raise,smith-machine-calf-raise,REVIEW,0.74,Calves,full legs,Barbell,Smith Machine,,video/full legs/gif-female/smith-machine-calf-raise  femme.gif,CONFLICT,candidate similarity score 0.80; incompatible  equipment
877,Calf Raise On A Dumbbell,calf-raise-on-a-dumbbell,561,Dumbbell Calf Raise,dumbbell-calf-raise,HIGH_CONFIDENCE,0.60,Calves,full legs,Dumbbell,Dumbbell,,video/full legs/gif-male/dumbbell calf raise male.gif,HIGH_CONFIDENCE,context-constrained similarity score 0.60
878,Standing Dumbbell Calf Raise,standing-dumbbell-calf-raise,561,Dumbbell Calf Raise,dumbbell-calf-raise,HIGH_CONFIDENCE,0.75,Calves,full legs,Dumbbell,Dumbbell,,video/full legs/gif-male/dumbbell calf raise male.gif,HIGH_CONFIDENCE,context-constrained similarity score 0.75
879,Single-leg standing dumbbell calf raise,single-leg-standing-dumbbell-calf-raise,504,Standing Single Leg Calf Raise,standing-single-leg-calf-raise,HIGH_CONFIDENCE,0.83,Calves,full legs,Dumbbell,Dumbbell,,video/full legs/gif-female/Standing single-leg calf raise femme.gif,HIGH_CONFIDENCE,context-constrained similarity score 0.83
880,Dumbbell walking calf raise,dumbbell-walking-calf-raise,561,Dumbbell Calf Raise,dumbbell-calf-raise,HIGH_CONFIDENCE,0.75,Calves,full legs,Dumbbell,Dumbbell,,video/full legs/gif-male/dumbbell calf raise male.gif,HIGH_CONFIDENCE,context-constrained similarity score 0.75
881,Balance Board,balance-board,,,,UNMATCHED,0.00,Calves,,Other,,,,UNMATCHED,no deterministic Supabase slug/name/alias/media match
882,Weighted donkey calf raise,weighted-donkey-calf-raise,579,Donkey Calf Raise,donkey-calf-raise,REVIEW,0.74,Calves,full legs,Other,Lever (selectorized),,video/full legs/gif-male/donkey calf raise male.gif,CONFLICT,candidate similarity score 0.75; incompatible  equipment
883,Anterior Tibialis-SMR,anterior-tibialis-smr,,,,UNMATCHED,0.00,Calves,,Other,,,,UNMATCHED,no deterministic Supabase slug/name/alias/media match
884,Foot-SMR,foot-smr,,,,UNMATCHED,0.00,Calves,,Other,,,,UNMATCHED,no deterministic Supabase slug/name/alias/media match
885,Agility Ladder,agility-ladder,,,,UNMATCHED,0.00,Calves,,Other,,,,UNMATCHED,no deterministic Supabase slug/name/alias/media match
886,Single-leg machine seated calf raise,single-leg-machine-seated-calf-raise,536,Single Leg Calf Raise,single-leg-calf-raise,REVIEW,0.67,Calves,full legs,Other,Weighted,,video/full legs/gif-male/single-leg calf raise male.gif,CONFLICT,candidate similarity score 0.67; incompatible  equipment
887,Smith Machine Calf Raise,smith-machine-calf-raise,584,Smith Machine Calf Raise,smith-machine-calf-raise,EXACT_SLUG,1.00,Calves,full legs,Machine,Smith Machine,,video/full legs/gif-female/smith-machine-calf-raise  femme.gif,VERIFIED,local derived slug equals Supabase slug; normalized local name equals normalized Supabase name; local alias equals Supabase name: smith machine calf raise; local alias equals Supabase slug: smith machine calf raise
888,Standing Calf Raises,standing-calf-raise,538,Standing Calf Raise,standing-calf-raise,EXACT_SLUG,1.00,Calves,full legs,Machine,Body Only,,video/full legs/gif-female/femme standing calf raise.gif,CONFLICT,local derived slug equals Supabase slug; normalized local name equals normalized Supabase name; local alias equals Supabase name: standing calf raise; local alias equals Supabase slug: standing calf raise; incompatible  equipment
889,Seated Calf Raise,seated-calf-raise,597,Seated Calf Raise,seated-calf-raise,EXACT_SLUG,1.00,Calves,full legs,Machine,Machine,Standing Calf Raise (Calves).mp4,video/full legs/gif-female/seated calf raise femme.gif,VERIFIED,local derived slug equals Supabase slug; normalized local name equals normalized Supabase name; local alias equals Supabase name: seated calf raise; local alias equals Supabase slug: seated calf raise
890,Calf Press On The Leg Press Machine,calf-press-on-the-leg-press-machine,,,,UNMATCHED,0.00,Calves,,Machine,,,,UNMATCHED,no deterministic Supabase slug/name/alias/media match
891,Calf Press,calf-press,505,Leg Press Calf Raise,leg-press-calf-raise,REVIEW,0.50,Calves,full legs,Machine,Machine,,video/full legs/gif-male/leg press calf raise male.gif,REVIEW,candidate similarity score 0.50
892,Smith Machine Reverse Calf Raises,smith-machine-reverse-calf-raise,584,Smith Machine Calf Raise,smith-machine-calf-raise,HIGH_CONFIDENCE,0.80,Calves,full legs,Machine,Smith Machine,,video/full legs/gif-female/smith-machine-calf-raise  femme.gif,HIGH_CONFIDENCE,context-constrained similarity score 0.80
893,Seated Single-Leg Calf Press - Gethin Variation,seated-single-leg-calf-press,505,Leg Press Calf Raise,leg-press-calf-raise,REVIEW,0.50,Calves,full legs,Machine,Machine,,video/full legs/gif-male/leg press calf raise male.gif,CONFLICT,candidate similarity score 0.50; multiple equal-confidence Supabase candidates
894,Seated Calf Raise - Gethin Variation,seated-calf-raise,597,Seated Calf Raise,seated-calf-raise,EXACT_SLUG,1.00,Calves,full legs,Machine,Machine,Standing Calf Raise (Calves).mp4,video/full legs/gif-female/seated calf raise femme.gif,VERIFIED,local derived slug equals Supabase slug; normalized local name equals normalized Supabase name; local alias equals Supabase name: seated calf raise; local alias equals Supabase slug: seated calf raise
895,Donkey Calf Raise - Gethin Variation,donkey-calf-raise,579,Donkey Calf Raise,donkey-calf-raise,EXACT_SLUG,1.00,Calves,full legs,Machine,Lever (selectorized),,video/full legs/gif-male/donkey calf raise male.gif,VERIFIED,local derived slug equals Supabase slug; normalized local name equals normalized Supabase name; local alias equals Supabase name: donkey calf raise; local alias equals Supabase slug: donkey calf raise
896,Standing Calf Raise Facing Hack Squat Machine - Gethin Variation,standing-calf-raise-facing-hack-squat-machine,,,,UNMATCHED,0.00,Calves,,Machine,,,,UNMATCHED,no deterministic Supabase slug/name/alias/media match
897,Calf Press On A Hack Squat Machine - Gethin Variation,calf-press-on-a-hack-squat-machine,,,,UNMATCHED,0.00,Calves,,Machine,,,,UNMATCHED,no deterministic Supabase slug/name/alias/media match
898,Smith Machine Standing Calf Raises - Gethin Variation,smith-machine-standing-calf-raise,584,Smith Machine Calf Raise,smith-machine-calf-raise,HIGH_CONFIDENCE,0.80,Calves,full legs,Machine,Smith Machine,,video/full legs/gif-female/smith-machine-calf-raise  femme.gif,HIGH_CONFIDENCE,context-constrained similarity score 0.80
899,Hack squat calf raise,hack-squat-calf-raise,521,Hack Squat,hack-squat,REVIEW,0.50,Calves,full legs,Machine,Barbell,,video/full legs/gif-female/Hack squat femme.gif,CONFLICT,candidate similarity score 0.50; incompatible  equipment
900,Seated Calf Press - Gethin Variation,seated-calf-press,597,Seated Calf Raise,seated-calf-raise,REVIEW,0.50,Calves,full legs,Machine,Machine,,video/full legs/gif-female/seated calf raise femme.gif,REVIEW,candidate similarity score 0.50
901,Leg press calf raise,leg-press-calf-raise,505,Leg Press Calf Raise,leg-press-calf-raise,EXACT_SLUG,1.00,Calves,full legs,Machine,Machine,,video/full legs/gif-male/leg press calf raise male.gif,VERIFIED,local derived slug equals Supabase slug; normalized local name equals normalized Supabase name; local alias equals Supabase name: leg press calf raise; local alias equals Supabase slug: leg press calf raise
902,Machine seated calf raise,machine-seated-calf-raise,597,Seated Calf Raise,seated-calf-raise,HIGH_CONFIDENCE,0.75,Calves,full legs,Machine,Machine,,video/full legs/gif-female/seated calf raise femme.gif,HIGH_CONFIDENCE,context-constrained similarity score 0.75
903,30 Legs Seated Calf Raise,seated-calf-raise,597,Seated Calf Raise,seated-calf-raise,EXACT_SLUG,1.00,Calves,full legs,Machine,Machine,Standing Calf Raise (Calves).mp4,video/full legs/gif-female/seated calf raise femme.gif,VERIFIED,local derived slug equals Supabase slug; normalized local name equals normalized Supabase name; local alias equals Supabase name: seated calf raise; local alias equals Supabase slug: seated calf raise
904,30 Legs Standing Calf Raise,standing-calf-raise,538,Standing Calf Raise,standing-calf-raise,EXACT_SLUG,1.00,Calves,full legs,Machine,Body Only,,video/full legs/gif-female/femme standing calf raise.gif,CONFLICT,local derived slug equals Supabase slug; normalized local name equals normalized Supabase name; local alias equals Supabase name: standing calf raise; local alias equals Supabase slug: standing calf raise; incompatible  equipment
905,Peroneals-SMR,peroneals-smr,,,,UNMATCHED,0.00,Calves,,Body Only,,,,UNMATCHED,no deterministic Supabase slug/name/alias/media match
906,Knee Circles,knee-circles,,,,UNMATCHED,0.00,Calves,,Body Only,,,,UNMATCHED,no deterministic Supabase slug/name/alias/media match
907,Standing Gastrocnemius Calf Stretch,standing-gastrocnemius-calf-stretch,,,,UNMATCHED,0.00,Calves,,Body Only,,,,UNMATCHED,no deterministic Supabase slug/name/alias/media match
908,Wall calf stretch,wall-calf-stretch,,,,UNMATCHED,0.00,Calves,,Body Only,,,,UNMATCHED,no deterministic Supabase slug/name/alias/media match
909,Seated Calf Stretch,seated-calf-stretch,597,Seated Calf Raise,seated-calf-raise,REVIEW,0.50,Calves,full legs,Body Only,Machine,,video/full legs/gif-female/seated calf raise femme.gif,CONFLICT,candidate similarity score 0.50; incompatible  equipment
910,Standing Calf Raise,standing-calf-raise,538,Standing Calf Raise,standing-calf-raise,EXACT_SLUG,1.00,Calves,full legs,Body Only,Body Only,,video/full legs/gif-female/femme standing calf raise.gif,CONFLICT,local derived slug equals Supabase slug; normalized local name equals normalized Supabase name; local alias equals Supabase name: standing calf raise; local alias equals Supabase slug: standing calf raise; incompatible category
911,Standing calf raise-,standing-calf-raise,538,Standing Calf Raise,standing-calf-raise,EXACT_SLUG,1.00,Calves,full legs,Body Only,Body Only,,video/full legs/gif-female/femme standing calf raise.gif,VERIFIED,local derived slug equals Supabase slug; normalized local name equals normalized Supabase name
912,HM Left Calf-Spike Sumo Pulse,hm-left-calf-spike-sumo-pulse,,,,UNMATCHED,0.00,Calves,,Body Only,,,,UNMATCHED,no deterministic Supabase slug/name/alias/media match
913,Ankle Circles,ankle-circles,,,,UNMATCHED,0.00,Calves,,None,,,,UNMATCHED,no deterministic Supabase slug/name/alias/media match
914,Calf Stretch Elbows Against Wall,calf-stretch-elbows-against-wall,,,,UNMATCHED,0.00,Calves,,None,,,,UNMATCHED,no deterministic Supabase slug/name/alias/media match
915,Standing Soleus And Achilles Stretch,standing-soleus-and-achilles-stretch,,,,UNMATCHED,0.00,Calves,,None,,,,UNMATCHED,no deterministic Supabase slug/name/alias/media match
916,Cross Over - With Bands,cross-over-with-bands,,,,UNMATCHED,0.00,Chest,,Bands,,,,UNMATCHED,no deterministic Supabase slug/name/alias/media match
917,Bench Press - With Bands,bench-press-with-bands,199,Bench Press,bench-press,REVIEW,0.50,Chest,Chest,Bands,Barbell,,video/Chest/gif-male/bench press male.gif,CONFLICT,candidate similarity score 0.50; incompatible  equipment
918,Bench Press With Short Bands,bench-press-with-short-bands,,,,UNMATCHED,0.00,Chest,,Bands,,,,UNMATCHED,no deterministic Supabase slug/name/alias/media match
919,Feet-Elevated TRX Push-Up,feet-elevated-trx-push-up,,,,UNMATCHED,0.00,Chest,,Bands,,,,UNMATCHED,no deterministic Supabase slug/name/alias/media match
920,Band-suspended kettlebell bench press,band-suspended-kettlebell-bench-press,,,,UNMATCHED,0.00,Chest,,Bands,,,,UNMATCHED,no deterministic Supabase slug/name/alias/media match
921,HM Banded Cross-Over Pull,hm-banded-cross-over-pull,,,,UNMATCHED,0.00,Chest,,Bands,,,,UNMATCHED,no deterministic Supabase slug/name/alias/media match
922,Rusin Band Pull-Apart,rusin-band-pull-apart,,,,UNMATCHED,0.00,Chest,,Bands,,,,UNMATCHED,no deterministic Supabase slug/name/alias/media match
923,UNS Banded Push-Up,uns-banded-push-up,230,Push-Up,push-up,REVIEW,0.50,Chest,Chest,Bands,Body Only,,video/Chest/videos/Push-up (Chest).mp4,CONFLICT,candidate similarity score 0.50; incompatible  equipment
924,Taylor Band-Assisted One-Arm Push-Up,taylor-band-assisted-single-arm-push-up,,,,UNMATCHED,0.00,Chest,,Bands,,,,UNMATCHED,no deterministic Supabase slug/name/alias/media match
925,Incline band bench press,incline-band-bench-press,239,Incline Bench Press,incline-bench-press,REVIEW,0.74,Chest,Chest,Bands,Barbell,,video/Chest/gif-female/Incline bench press femme.gif,CONFLICT,candidate similarity score 0.75; incompatible  equipment
926,Band push-up,band-push-up,230,Push-Up,push-up,REVIEW,0.67,Chest,Chest,Bands,Body Only,,video/Chest/videos/Push-up (Chest).mp4,CONFLICT,candidate similarity score 0.67; incompatible  equipment
927,Band chest fly,band-chest-fly,198,Chest Fly,chest-fly,REVIEW,0.67,Chest,Chest,Bands,Bodyweight,,video/Chest/videos/Flies (Chest).mp4,CONFLICT,candidate similarity score 0.67; incompatible  equipment
928,Close-grip bench press,close-grip-bench-press,443,Close-Grip Bench Press,close-grip-bench-press,EXACT_SLUG,1.00,Chest,Full Arms,Barbell,Barbell,,video/Full Arms/TRICEPS/gif-female/close-grip-bench-press-movement femme.gif,VERIFIED,local derived slug equals Supabase slug; normalized local name equals normalized Supabase name; local alias equals Supabase name: close grip bench press; local alias equals Supabase slug: close grip bench press
929,Barbell Bench Press - Medium Grip,barbell-bench-press-medium-grip,190,Incline Barbell Bench Press,incline-barbell-bench-press,REVIEW,0.50,Chest,Chest,Barbell,Barbell,,video/Chest/gif-female/incline-barbell-bench-press femme.gif,CONFLICT,candidate similarity score 0.50; multiple equal-confidence Supabase candidates
930,Decline barbell bench press,decline-barbell-bench-press,248,Decline Barbell Bench Press,decline-barbell-bench-press,EXACT_SLUG,1.00,Chest,Chest,Barbell,Barbell,,video/Chest/gif-female/barbell-decline-bench-press male.gif,VERIFIED,local derived slug equals Supabase slug; normalized local name equals normalized Supabase name; local alias equals Supabase name: decline barbell bench press; local alias equals Supabase slug: decline barbell bench press
931,Wide-grip bench press,wide-grip-bench-press,443,Close-Grip Bench Press,close-grip-bench-press,HIGH_CONFIDENCE,0.60,Chest,Full Arms,Barbell,Barbell,,video/Full Arms/TRICEPS/gif-female/close-grip-bench-press-movement femme.gif,HIGH_CONFIDENCE,context-constrained similarity score 0.60
932,Wide-Grip Decline Barbell Bench Press,wide-grip-decline-barbell-bench-press,248,Decline Barbell Bench Press,decline-barbell-bench-press,HIGH_CONFIDENCE,0.67,Chest,Chest,Barbell,Barbell,,video/Chest/gif-female/barbell-decline-bench-press male.gif,HIGH_CONFIDENCE,context-constrained similarity score 0.67
933,Barbell Incline Bench Press Medium-Grip,barbell-incline-bench-press-medium-grip,190,Incline Barbell Bench Press,incline-barbell-bench-press,HIGH_CONFIDENCE,0.67,Chest,Chest,Barbell,Barbell,,video/Chest/gif-female/incline-barbell-bench-press femme.gif,HIGH_CONFIDENCE,context-constrained similarity score 0.67
934,Neck Press,neck-press,,,,UNMATCHED,0.00,Chest,,Barbell,,,,UNMATCHED,no deterministic Supabase slug/name/alias/media match
935,Front Raise And Pullover,front-raise-and-pullover,,,,UNMATCHED,0.00,Chest,,Barbell,,,,UNMATCHED,no deterministic Supabase slug/name/alias/media match
936,Board bench press,board-bench-press,199,Bench Press,bench-press,HIGH_CONFIDENCE,0.67,Chest,Chest,Barbell,Barbell,,video/Chest/gif-male/bench press male.gif,HIGH_CONFIDENCE,context-constrained similarity score 0.67
937,Barbell Bench Press-Wide Grip,barbell-bench-press-wide-grip,190,Incline Barbell Bench Press,incline-barbell-bench-press,REVIEW,0.50,Chest,Chest,Barbell,Barbell,,video/Chest/gif-female/incline-barbell-bench-press femme.gif,CONFLICT,candidate similarity score 0.50; multiple equal-confidence Supabase candidates
938,Wide-Grip Decline Barbell Pullover,wide-grip-decline-barbell-pullover,,,,UNMATCHED,0.00,Chest,,Barbell,,,,UNMATCHED,no deterministic Supabase slug/name/alias/media match
939,Barbell Guillotine Bench Press,barbell-guillotine-bench-press,190,Incline Barbell Bench Press,incline-barbell-bench-press,HIGH_CONFIDENCE,0.60,Chest,Chest,Barbell,Barbell,,video/Chest/gif-female/incline-barbell-bench-press femme.gif,CONFLICT,context-constrained similarity score 0.60; multiple equal-confidence Supabase candidates
940,Band-suspended kettlebell bench press,band-suspended-kettlebell-bench-press,,,,UNMATCHED,0.00,Chest,,Bands,,,,UNMATCHED,no deterministic Supabase slug/name/alias/media match
941,Paul Carter Incline Bench Press,paul-carter-incline-bench-press,239,Incline Bench Press,incline-bench-press,HIGH_CONFIDENCE,0.60,Chest,Chest,Barbell,Barbell,,video/Chest/gif-female/Incline bench press femme.gif,HIGH_CONFIDENCE,context-constrained similarity score 0.60
942,Incline bench press,incline-bench-press,239,Incline Bench Press,incline-bench-press,EXACT_SLUG,1.00,Chest,Chest,Barbell,Barbell,,video/Chest/gif-female/Incline bench press femme.gif,VERIFIED,local derived slug equals Supabase slug; normalized local name equals normalized Supabase name; local alias equals Supabase name: incline bench press; local alias equals Supabase slug: incline bench press
943,Bench press,bench-press,199,Bench Press,bench-press,EXACT_SLUG,1.00,Chest,Chest,Barbell,Barbell,,video/Chest/gif-male/bench press male.gif,VERIFIED,local derived slug equals Supabase slug; normalized local name equals normalized Supabase name; local alias equals Supabase name: bench press; local alias equals Supabase slug: bench press
944,TBS Close-Grip Bench Press,tbs-close-grip-bench-press,443,Close-Grip Bench Press,close-grip-bench-press,HIGH_CONFIDENCE,0.80,Chest,Full Arms,Barbell,Barbell,,video/Full Arms/TRICEPS/gif-female/close-grip-bench-press-movement femme.gif,HIGH_CONFIDENCE,context-constrained similarity score 0.80
945,AM Flat Bench Barbell Press,flat-bench-barbell-press,190,Incline Barbell Bench Press,incline-barbell-bench-press,HIGH_CONFIDENCE,0.60,Chest,Chest,Barbell,Barbell,,video/Chest/gif-female/incline-barbell-bench-press femme.gif,CONFLICT,context-constrained similarity score 0.60; multiple equal-confidence Supabase candidates
946,UP Bench Press,up-bench-press,195,Feet-Up Bench Press,feet-up-bench-press,HIGH_CONFIDENCE,0.75,Chest,Chest,Barbell,Barbell,,video/Chest/gif-male/bench-press-feet-up male.gif,HIGH_CONFIDENCE,context-constrained similarity score 0.75
947,UP Close-Grip Bench Press,up-close-grip-bench-press,443,Close-Grip Bench Press,close-grip-bench-press,HIGH_CONFIDENCE,0.80,Chest,Full Arms,Barbell,Barbell,,video/Full Arms/TRICEPS/gif-female/close-grip-bench-press-movement femme.gif,HIGH_CONFIDENCE,context-constrained similarity score 0.80
948,King Maker Barbell Bench Press,king-maker-barbell-bench-press,190,Incline Barbell Bench Press,incline-barbell-bench-press,REVIEW,0.50,Chest,Chest,Barbell,Barbell,,video/Chest/gif-female/incline-barbell-bench-press femme.gif,CONFLICT,candidate similarity score 0.50; multiple equal-confidence Supabase candidates
949,King Maker Incline Barbell Bench Press,king-maker-incline-barbell-bench-press,190,Incline Barbell Bench Press,incline-barbell-bench-press,HIGH_CONFIDENCE,0.67,Chest,Chest,Barbell,Barbell,,video/Chest/gif-female/incline-barbell-bench-press femme.gif,HIGH_CONFIDENCE,context-constrained similarity score 0.67
950,30 Chest Incline Barbell Bench Press,incline-barbell-bench-press,190,Incline Barbell Bench Press,incline-barbell-bench-press,EXACT_SLUG,1.00,Chest,Chest,Barbell,Barbell,,video/Chest/gif-female/incline-barbell-bench-press femme.gif,VERIFIED,local derived slug equals Supabase slug; normalized local name equals normalized Supabase name; local alias equals Supabase name: incline barbell bench press; local alias equals Supabase slug: incline barbell bench press
951,30 Chest Barbell Bench Press,barbell-bench-press,190,Incline Barbell Bench Press,incline-barbell-bench-press,HIGH_CONFIDENCE,0.75,Chest,Chest,Barbell,Barbell,,video/Chest/gif-female/incline-barbell-bench-press femme.gif,CONFLICT,context-constrained similarity score 0.75; multiple equal-confidence Supabase candidates
952,30 Chest 30-Degree Incline Dumbbell Press,30-degree-incline-dumbbell-press,245,Incline Dumbbell Press,incline-dumbbell-press,REVIEW,0.60,Chest,Chest,Barbell,Dumbbell,,video/Chest/gif-male/Incline dumbbell press male.gif,CONFLICT,candidate similarity score 0.60; incompatible  equipment
953,Spoto press,spoto-press,,,,UNMATCHED,0.00,Chest,,Barbell,,,,UNMATCHED,no deterministic Supabase slug/name/alias/media match
954,Kettlebell plyo push-up,kettlebell-plyo-push-up,230,Push-Up,push-up,REVIEW,0.50,Chest,Chest,Kettlebells,Body Only,,video/Chest/videos/Push-up (Chest).mp4,CONFLICT,candidate similarity score 0.50; incompatible  equipment
955,Extended Range One-Arm Kettlebell Floor Press,extended-range-single-arm-kettlebell-floor-press,,,,UNMATCHED,0.00,Chest,,Kettlebells,,,,UNMATCHED,no deterministic Supabase slug/name/alias/media match
956,Kettlebell alternating floor press,kettlebell-alternating-floor-press,,,,UNMATCHED,0.00,Chest,,Kettlebells,,,,UNMATCHED,no deterministic Supabase slug/name/alias/media match
957,One-Arm Kettlebell Floor Press,single-arm-kettlebell-floor-press,,,,UNMATCHED,0.00,Chest,,Kettlebells,,,,UNMATCHED,no deterministic Supabase slug/name/alias/media match
958,Leg-Over Floor Press,leg-over-floor-press,,,,UNMATCHED,0.00,Chest,,Kettlebells,,,,UNMATCHED,no deterministic Supabase slug/name/alias/media match
959,Band-suspended kettlebell bench press,band-suspended-kettlebell-bench-press,,,,UNMATCHED,0.00,Chest,,Bands,,,,UNMATCHED,no deterministic Supabase slug/name/alias/media match
960,FYR2 Push-Up to Kettlebell Hike Combo,push-up-to-kettlebell-hike-combo,,,,UNMATCHED,0.00,Chest,,Kettlebells,,,,UNMATCHED,no deterministic Supabase slug/name/alias/media match
961,Pushups,pushups,,,,UNMATCHED,0.00,Chest,,Body Only,,,,UNMATCHED,no deterministic Supabase slug/name/alias/media match
962,Incline Push-Up,incline-push-up,247,Incline Push-Up,incline-push-up,EXACT_SLUG,1.00,Chest,Chest,Body Only,Body Only,,video/Chest/gif-male/High-bench push-up male.gif,VERIFIED,local derived slug equals Supabase slug; normalized local name equals normalized Supabase name; local alias equals Supabase name: incline push up; local alias equals Supabase slug: incline push up
963,Hands-elevated push-up,hands-elevated-push-up,230,Push-Up,push-up,REVIEW,0.50,Chest,Chest,Body Only,Body Only,,video/Chest/videos/Push-up (Chest).mp4,REVIEW,candidate similarity score 0.50
964,Decline Push-Up,decline-push-up,204,Decline Push-Up,decline-push-up,EXACT_SLUG,1.00,Chest,Chest,Body Only,Body Only,,video/Chest/gif-female/decline-push-up femme.gif,CONFLICT,local derived slug equals Supabase slug; normalized local name equals normalized Supabase name; local alias equals Supabase name: decline push up; local alias equals Supabase slug: decline push up; incompatible category
965,Single-Arm Push-Up,single-arm-push-up,230,Push-Up,push-up,REVIEW,0.50,Chest,Chest,Body Only,Body Only,,video/Chest/videos/Push-up (Chest).mp4,REVIEW,candidate similarity score 0.50
966,Close push-up to wide push-up,close-push-up-to-wide-push-up,,,,UNMATCHED,0.00,Chest,,Body Only,,,,UNMATCHED,no deterministic Supabase slug/name/alias/media match
967,Wide-grip hands-elevated push-up,wide-grip-hands-elevated-push-up,,,,UNMATCHED,0.00,Chest,,Body Only,,,,UNMATCHED,no deterministic Supabase slug/name/alias/media match
968,Push-Ups With Feet On An Exercise Ball,push-ups-with-feet-on-an-exercise-ball,,,,UNMATCHED,0.00,Chest,,Body Only,,,,UNMATCHED,no deterministic Supabase slug/name/alias/media match
969,Feet-elevated push-up,feet-elevated-push-up,230,Push-Up,push-up,REVIEW,0.50,Chest,Chest,Body Only,Body Only,,video/Chest/videos/Push-up (Chest).mp4,REVIEW,candidate similarity score 0.50
970,Isometric Wipers,isometric-wipers,,,,UNMATCHED,0.00,Chest,,Body Only,,,,UNMATCHED,no deterministic Supabase slug/name/alias/media match
971,Clock push-up,clock-push-up,230,Push-Up,push-up,HIGH_CONFIDENCE,0.67,Chest,Chest,Body Only,Body Only,,video/Chest/videos/Push-up (Chest).mp4,HIGH_CONFIDENCE,context-constrained similarity score 0.67
972,Incline Push-Up Depth Jump,incline-push-up-depth-jump,247,Incline Push-Up,incline-push-up,HIGH_CONFIDENCE,0.60,Chest,Chest,Body Only,Body Only,,video/Chest/gif-male/High-bench push-up male.gif,HIGH_CONFIDENCE,context-constrained similarity score 0.60
973,Push-Up Wide,push-up-wide,230,Push-Up,push-up,HIGH_CONFIDENCE,0.67,Chest,Chest,Body Only,Body Only,,video/Chest/videos/Push-up (Chest).mp4,HIGH_CONFIDENCE,context-constrained similarity score 0.67
974,Sphinx push-up,sphinx-push-up,405,Sphinx Push Up,sphinx-push-up,EXACT_SLUG,1.00,Chest,Full Arms,Body Only,Body Only,,video/Full Arms/TRICEPS/gif-male/sphinx-push-up male.gif,VERIFIED,local derived slug equals Supabase slug; normalized local name equals normalized Supabase name; local alias equals Supabase name: sphinx push up; local alias equals Supabase slug: sphinx push up
975,Close-Hands Push-Up,close-hands-push-up,230,Push-Up,push-up,REVIEW,0.50,Chest,Chest,Body Only,Body Only,,video/Chest/videos/Push-up (Chest).mp4,REVIEW,candidate similarity score 0.50
976,Tiger-bend push-up,tiger-bend-push-up,230,Push-Up,push-up,REVIEW,0.50,Chest,Chest,Body Only,Body Only,,video/Chest/videos/Push-up (Chest).mp4,REVIEW,candidate similarity score 0.50
977,Plyo push-up,plyo-push-up,230,Push-Up,push-up,HIGH_CONFIDENCE,0.67,Chest,Chest,Body Only,Body Only,,video/Chest/videos/Push-up (Chest).mp4,HIGH_CONFIDENCE,context-constrained similarity score 0.67
978,Close-grip hands-elevated push-up,close-grip-hands-elevated-push-up,,,,UNMATCHED,0.00,Chest,,Body Only,,,,UNMATCHED,no deterministic Supabase slug/name/alias/media match
979,Suspended push-up,suspended-push-up,230,Push-Up,push-up,HIGH_CONFIDENCE,0.67,Chest,Chest,Body Only,Body Only,,video/Chest/videos/Push-up (Chest).mp4,HIGH_CONFIDENCE,context-constrained similarity score 0.67
980,Push Up to Side Plank,push-up-to-side-plank,,,,UNMATCHED,0.00,Chest,,Body Only,,,,UNMATCHED,no deterministic Supabase slug/name/alias/media match
981,Isometric Chest Squeezes,isometric-chest-squeezes,,,,UNMATCHED,0.00,Chest,,Body Only,,,,UNMATCHED,no deterministic Supabase slug/name/alias/media match
982,Side-to-side push-up,side-to-side-push-up,230,Push-Up,push-up,REVIEW,0.50,Chest,Chest,Body Only,Body Only,,video/Chest/videos/Push-up (Chest).mp4,REVIEW,candidate similarity score 0.50
983,Typewriter push-up,typewriter-push-up,230,Push-Up,push-up,HIGH_CONFIDENCE,0.67,Chest,Chest,Body Only,Body Only,,video/Chest/videos/Push-up (Chest).mp4,HIGH_CONFIDENCE,context-constrained similarity score 0.67
984,Diamond push-up,diamond-push-up,478,Diamond Push Up,diamond-push-up,EXACT_SLUG,1.00,Chest,Full Arms,Body Only,Body Only,,video/Full Arms/TRICEPS/gif-male/Diamond push-up male.gif,VERIFIED,local derived slug equals Supabase slug; normalized local name equals normalized Supabase name; local alias equals Supabase name: diamond push up; local alias equals Supabase slug: diamond push up
985,Judo push-up,judo-push-up,230,Push-Up,push-up,HIGH_CONFIDENCE,0.67,Chest,Chest,Body Only,Body Only,,video/Chest/videos/Push-up (Chest).mp4,HIGH_CONFIDENCE,context-constrained similarity score 0.67
986,Superman Push-Up,superman-push-up,230,Push-Up,push-up,HIGH_CONFIDENCE,0.67,Chest,Chest,Body Only,Body Only,,video/Chest/videos/Push-up (Chest).mp4,HIGH_CONFIDENCE,context-constrained similarity score 0.67
987,Wide push-up,wide-push-up,230,Push-Up,push-up,HIGH_CONFIDENCE,0.67,Chest,Chest,Body Only,Body Only,,video/Chest/videos/Push-up (Chest).mp4,HIGH_CONFIDENCE,context-constrained similarity score 0.67
988,One-Arm Push-Up,single-arm-push-up,230,Push-Up,push-up,REVIEW,0.50,Chest,Chest,Body Only,Body Only,,video/Chest/videos/Push-up (Chest).mp4,REVIEW,candidate similarity score 0.50
989,Clapping Push-Up,clapping-push-up,230,Push-Up,push-up,HIGH_CONFIDENCE,0.67,Chest,Chest,Body Only,Body Only,,video/Chest/videos/Push-up (Chest).mp4,HIGH_CONFIDENCE,context-constrained similarity score 0.67
990,Staggered push-up,staggered-push-up,230,Push-Up,push-up,HIGH_CONFIDENCE,0.67,Chest,Chest,Body Only,Body Only,,video/Chest/videos/Push-up (Chest).mp4,HIGH_CONFIDENCE,context-constrained similarity score 0.67
991,Reverse-grip hands-elevated push-up,reverse-grip-hands-elevated-push-up,,,,UNMATCHED,0.00,Chest,,Body Only,,,,UNMATCHED,no deterministic Supabase slug/name/alias/media match
992,Triple Clap Push-Up,triple-clap-push-up,238,Clap Push-Up,clap-push-up,REVIEW,0.74,Chest,Chest,Body Only,Plyometric,,video/Chest/gif-male/push up with clap male.gif,CONFLICT,candidate similarity score 0.75; incompatible  equipment
993,Side kick-through push-up,side-kick-through-push-up,,,,UNMATCHED,0.00,Chest,,Body Only,,,,UNMATCHED,no deterministic Supabase slug/name/alias/media match
994,Swimming,swimming,,,,UNMATCHED,0.00,Chest,,Body Only,,,,UNMATCHED,no deterministic Supabase slug/name/alias/media match
995,FYR Push-Up,push-up,230,Push-Up,push-up,EXACT_SLUG,1.00,Chest,Chest,Body Only,Body Only,,video/Chest/videos/Push-up (Chest).mp4,VERIFIED,local derived slug equals Supabase slug; normalized local name equals normalized Supabase name; local alias equals Supabase name: push up; local alias equals Supabase slug: push up
996,Frog push-up,frog-push-up,230,Push-Up,push-up,HIGH_CONFIDENCE,0.67,Chest,Chest,Body Only,Body Only,,video/Chest/videos/Push-up (Chest).mp4,HIGH_CONFIDENCE,context-constrained similarity score 0.67
997,Wide push-up plank hold,wide-push-up-plank-hold,,,,UNMATCHED,0.00,Chest,,Body Only,,,,UNMATCHED,no deterministic Supabase slug/name/alias/media match
998,Close push-up,close-push-up,230,Push-Up,push-up,HIGH_CONFIDENCE,0.67,Chest,Chest,Body Only,Body Only,,video/Chest/videos/Push-up (Chest).mp4,HIGH_CONFIDENCE,context-constrained similarity score 0.67
999,Push-Up - Gethin Variation,push-up,230,Push-Up,push-up,EXACT_SLUG,1.00,Chest,Chest,Body Only,Body Only,,video/Chest/videos/Push-up (Chest).mp4,VERIFIED,local derived slug equals Supabase slug; normalized local name equals normalized Supabase name; local alias equals Supabase name: push up; local alias equals Supabase slug: push up
1000,HM Incline Push-Up On Chair,hm-incline-push-up-on-chair,247,Incline Push-Up,incline-push-up,REVIEW,0.50,Chest,Chest,Body Only,Body Only,,video/Chest/gif-male/High-bench push-up male.gif,REVIEW,candidate similarity score 0.50
1001,HM Push-Up,hm-push-up,230,Push-Up,push-up,HIGH_CONFIDENCE,0.67,Chest,Chest,Body Only,Body Only,,video/Chest/videos/Push-up (Chest).mp4,HIGH_CONFIDENCE,context-constrained similarity score 0.67
1002,HM Push-Plank,hm-push-plank,,,,UNMATCHED,0.00,Chest,,Body Only,,,,UNMATCHED,no deterministic Supabase slug/name/alias/media match
1003,AM Chest Dips,chest-dip,,,,UNMATCHED,0.00,Chest,,Body Only,,,,UNMATCHED,no deterministic Supabase slug/name/alias/media match
1004,Push-up,push-up,230,Push-Up,push-up,EXACT_SLUG,1.00,Chest,Chest,Body Only,Body Only,,video/Chest/videos/Push-up (Chest).mp4,CONFLICT,local derived slug equals Supabase slug; normalized local name equals normalized Supabase name; local alias equals Supabase name: push up; local alias equals Supabase slug: push up; incompatible category
1005,UP Push-up,up-push-up,230,Push-Up,push-up,HIGH_CONFIDENCE,0.92,Chest,Chest,Body Only,Body Only,,video/Chest/videos/Push-up (Chest).mp4,HIGH_CONFIDENCE,context-constrained similarity score 1.00
1006,UN Push-Up,un-push-up,230,Push-Up,push-up,HIGH_CONFIDENCE,0.67,Chest,Chest,Body Only,Body Only,,video/Chest/videos/Push-up (Chest).mp4,HIGH_CONFIDENCE,context-constrained similarity score 0.67
1007,UNS Foam Roll Pecs,uns-foam-roll-pecs,,,,UNMATCHED,0.00,Chest,,Body Only,,,,UNMATCHED,no deterministic Supabase slug/name/alias/media match
1008,UN Hands Elevated Push-Up,un-hands-elevated-push-up,,,,UNMATCHED,0.00,Chest,,Body Only,,,,UNMATCHED,no deterministic Supabase slug/name/alias/media match
1009,Holman Seal Drag to Push-Up,holman-seal-drag-to-push-up,,,,UNMATCHED,0.00,Chest,,Body Only,,,,UNMATCHED,no deterministic Supabase slug/name/alias/media match
1010,Holman Hand-Elevated Push-Up with Hand Row,holman-hand-elevated-push-up-with-hand-row,,,,UNMATCHED,0.00,Chest,,Body Only,,,,UNMATCHED,no deterministic Supabase slug/name/alias/media match
1011,Holman Push-Up,holman-push-up,230,Push-Up,push-up,HIGH_CONFIDENCE,0.67,Chest,Chest,Body Only,Body Only,,video/Chest/videos/Push-up (Chest).mp4,HIGH_CONFIDENCE,context-constrained similarity score 0.67
1012,Holman Slow Hips-Up Chest Press,holman-slow-hips-up-chest-press,,,,UNMATCHED,0.00,Chest,,Body Only,,,,UNMATCHED,no deterministic Supabase slug/name/alias/media match
1013,Holman Jump-Out Push-Up with Hand Hop Back,holman-jump-out-push-up-with-hand-hop-back,,,,UNMATCHED,0.00,Chest,,Body Only,,,,UNMATCHED,no deterministic Supabase slug/name/alias/media match
1014,Holman Froggy Push-Up to Donkey Kick,holman-froggy-push-up-to-donkey-kick,,,,UNMATCHED,0.00,Chest,,Body Only,,,,UNMATCHED,no deterministic Supabase slug/name/alias/media match
1015,Holman Push-Up to Sit Back,holman-push-up-to-sit-back,,,,UNMATCHED,0.00,Chest,,Body Only,,,,UNMATCHED,no deterministic Supabase slug/name/alias/media match
1016,Holman Sit Back Push-Up,holman-sit-back-push-up,,,,UNMATCHED,0.00,Chest,,Body Only,,,,UNMATCHED,no deterministic Supabase slug/name/alias/media match
1017,Holman Alternating Staggered Push-Up,holman-alternating-staggered-push-up,,,,UNMATCHED,0.00,Chest,,Body Only,,,,UNMATCHED,no deterministic Supabase slug/name/alias/media match
1018,Holman Foot-Up Diving Push-Up,holman-foot-up-diving-push-up,,,,UNMATCHED,0.00,Chest,,Body Only,,,,UNMATCHED,no deterministic Supabase slug/name/alias/media match
1019,Holman Narrow Push-Up,holman-narrow-push-up,230,Push-Up,push-up,REVIEW,0.50,Chest,Chest,Body Only,Body Only,,video/Chest/videos/Push-up (Chest).mp4,CONFLICT,candidate similarity score 0.50; incompatible category
1020,Holman Dynamo Push-Up,holman-dynamo-push-up,230,Push-Up,push-up,REVIEW,0.50,Chest,Chest,Body Only,Body Only,,video/Chest/videos/Push-up (Chest).mp4,REVIEW,candidate similarity score 0.50
1021,Holman Jump to Push-Up,holman-jump-to-push-up,,,,UNMATCHED,0.00,Chest,,Body Only,,,,UNMATCHED,no deterministic Supabase slug/name/alias/media match
1022,Holman Foot-Elevated Push-Up,holman-foot-elevated-push-up,,,,UNMATCHED,0.00,Chest,,Body Only,,,,UNMATCHED,no deterministic Supabase slug/name/alias/media match
1023,Holman Feet-Elevated Push-Up,holman-feet-elevated-push-up,,,,UNMATCHED,0.00,Chest,,Body Only,,,,UNMATCHED,no deterministic Supabase slug/name/alias/media match
1024,Total Fitness Plyo Push-Up,total-fitness-plyo-push-up,,,,UNMATCHED,0.00,Chest,,Body Only,,,,UNMATCHED,no deterministic Supabase slug/name/alias/media match
1025,Scapular push-up,scapular-push-up,230,Push-Up,push-up,HIGH_CONFIDENCE,0.67,Chest,Chest,Body Only,Body Only,,video/Chest/videos/Push-up (Chest).mp4,HIGH_CONFIDENCE,context-constrained similarity score 0.67
1026,King Maker Push-up,king-maker-push-up,230,Push-Up,push-up,REVIEW,0.50,Chest,Chest,Body Only,Body Only,,video/Chest/videos/Push-up (Chest).mp4,REVIEW,candidate similarity score 0.50
1027,Warrior push-up,warrior-push-up,230,Push-Up,push-up,HIGH_CONFIDENCE,0.67,Chest,Chest,Body Only,Body Only,,video/Chest/videos/Push-up (Chest).mp4,HIGH_CONFIDENCE,context-constrained similarity score 0.67
1028,Taylor Roll-Over Push-Up,taylor-roll-over-push-up,,,,UNMATCHED,0.00,Chest,,Body Only,,,,UNMATCHED,no deterministic Supabase slug/name/alias/media match
1029,Taylor One-Arm Push-Up Slow Negative,taylor-single-arm-push-up-slow-negative,,,,UNMATCHED,0.00,Chest,,Body Only,,,,UNMATCHED,no deterministic Supabase slug/name/alias/media match
1030,30 Chest Push-Up To Isometric Hold,push-up-to-isometric-hold,,,,UNMATCHED,0.00,Chest,,Body Only,,,,UNMATCHED,no deterministic Supabase slug/name/alias/media match
1031,30 Chest Push-Up,push-up,230,Push-Up,push-up,EXACT_SLUG,1.00,Chest,Chest,Body Only,Body Only,,video/Chest/videos/Push-up (Chest).mp4,VERIFIED,local derived slug equals Supabase slug; normalized local name equals normalized Supabase name; local alias equals Supabase name: push up; local alias equals Supabase slug: push up
1032,30 Chest Bench Push-Up,bench-push-up,230,Push-Up,push-up,HIGH_CONFIDENCE,0.67,Chest,Chest,Body Only,Body Only,,video/Chest/videos/Push-up (Chest).mp4,HIGH_CONFIDENCE,context-constrained similarity score 0.67
1033,MetaBurn 3-Phase Push-Up,metaburn-3-phase-push-up,,,,UNMATCHED,0.00,Chest,,Body Only,,,,UNMATCHED,no deterministic Supabase slug/name/alias/media match
1034,MetaBurn Fast Feet To Push-Up,metaburn-fast-feet-to-push-up,,,,UNMATCHED,0.00,Chest,,Body Only,,,,UNMATCHED,no deterministic Supabase slug/name/alias/media match
1035,MetaBurn Judo Push-Up To Pike Push-Up,metaburn-judo-push-up-to-pike-push-up,255,Pike Push-Up,pike-push-up,REVIEW,0.50,Chest,Chest,Body Only,Body Only,,video/Chest/gif-male/pike-push-up male.gif,REVIEW,candidate similarity score 0.50
1036,MetaBurn Pike Push-Up,metaburn-pike-push-up,255,Pike Push-Up,pike-push-up,HIGH_CONFIDENCE,0.75,Chest,Chest,Body Only,Body Only,,video/Chest/gif-male/pike-push-up male.gif,HIGH_CONFIDENCE,context-constrained similarity score 0.75
1037,MetaBurn Push-Up To Frogger,metaburn-push-up-to-frogger,,,,UNMATCHED,0.00,Chest,,Body Only,,,,UNMATCHED,no deterministic Supabase slug/name/alias/media match
1038,MetaBurn Push-Up With Hand Side-Step,metaburn-push-up-with-hand-side-step,,,,UNMATCHED,0.00,Chest,,Body Only,,,,UNMATCHED,no deterministic Supabase slug/name/alias/media match
1039,MetaBurn Push-Up With Hand-Up Rotation,metaburn-push-up-with-hand-up-rotation,,,,UNMATCHED,0.00,Chest,,Body Only,,,,UNMATCHED,no deterministic Supabase slug/name/alias/media match
1040,MetaBurn Sphinx Push-Up,metaburn-sphinx-push-up,405,Sphinx Push Up,sphinx-push-up,HIGH_CONFIDENCE,0.75,Chest,Full Arms,Body Only,Body Only,,video/Full Arms/TRICEPS/gif-male/sphinx-push-up male.gif,HIGH_CONFIDENCE,context-constrained similarity score 0.75
1041,MetaBurn Spiderman Push-Up,metaburn-spiderman-push-up,230,Push-Up,push-up,REVIEW,0.50,Chest,Chest,Body Only,Body Only,,video/Chest/videos/Push-up (Chest).mp4,REVIEW,candidate similarity score 0.50
1042,Roberston Push-up to Down Dog,roberston-push-up-to-down-dog,,,,UNMATCHED,0.00,Chest,,Body Only,,,,UNMATCHED,no deterministic Supabase slug/name/alias/media match
1043,FYR2 Push-Up-Breakdancer-Shoulder-Tap Complex,push-up-breakdancer-shoulder-tap-complex,,,,UNMATCHED,0.00,Chest,,Body Only,,,,UNMATCHED,no deterministic Supabase slug/name/alias/media match
1044,ACFT Hand-release push-up,hand-release-push-up,230,Push-Up,push-up,REVIEW,0.50,Chest,Chest,Body Only,Body Only,,video/Chest/videos/Push-up (Chest).mp4,REVIEW,candidate similarity score 0.50
1045,1.5-rep push-up,1-5-rep-push-up,,,,UNMATCHED,0.00,Chest,,Body Only,,,,UNMATCHED,no deterministic Supabase slug/name/alias/media match
1046,ACFT Triple-clap push-up,triple-clap-push-up,238,Clap Push-Up,clap-push-up,REVIEW,0.74,Chest,Chest,Body Only,Plyometric,,video/Chest/gif-male/push up with clap male.gif,CONFLICT,candidate similarity score 0.75; incompatible  equipment
1047,ACFT Superman push-up,superman-push-up,230,Push-Up,push-up,HIGH_CONFIDENCE,0.67,Chest,Chest,Body Only,Body Only,,video/Chest/videos/Push-up (Chest).mp4,HIGH_CONFIDENCE,context-constrained similarity score 0.67
1048,Cross-over push-up,cross-over-push-up,230,Push-Up,push-up,REVIEW,0.50,Chest,Chest,Body Only,Body Only,,video/Chest/videos/Push-up (Chest).mp4,REVIEW,candidate similarity score 0.50
1049,Leverage Incline Chest Press,leverage-incline-chest-press,233,Incline Cable Chest Press,incline-cable-chest-press,REVIEW,0.60,Chest,Chest,Machine,Cable,,video/Chest/gif-male/Incline cable chest press male.gif,CONFLICT,candidate similarity score 0.60; incompatible  equipment
1050,Butterfly,butterfly,28,Butterfly Abs,butterfly-abs,REVIEW,0.50,Chest,ABS,Machine,Machine,,video/ABS/gif-male/ABS butterfly valve MALE.gif,CONFLICT,candidate similarity score 0.50; incompatible category
1051,Leverage Chest Press,leverage-chest-press,220,Chest Press,chest-press,HIGH_CONFIDENCE,0.67,Chest,Chest,Machine,Lever (plate loaded),,video/Chest/gif-male/Chest press male.gif,HIGH_CONFIDENCE,context-constrained similarity score 0.67
1052,Decline Smith Press,decline-smith-press,234,Decline Smith Machine Press,decline-smith-machine-press,HIGH_CONFIDENCE,0.75,Chest,Chest,Machine,Smith Machine,,video/Chest/gif-female/decline smith machine press male.gif,HIGH_CONFIDENCE,context-constrained similarity score 0.75
1053,Smith machine bench press,smith-machine-bench-press,222,Smith Machine Bench Press,smith-machine-bench-press,EXACT_SLUG,1.00,Chest,Chest,Machine,Machine,,video/Chest/gif-male/Smith machine bench press male.gif,VERIFIED,local derived slug equals Supabase slug; normalized local name equals normalized Supabase name; local alias equals Supabase name: smith machine bench press; local alias equals Supabase slug: smith machine bench press
1054,Leverage Decline Chest Press,leverage-decline-chest-press,220,Chest Press,chest-press,REVIEW,0.50,Chest,Chest,Machine,Lever (plate loaded),,video/Chest/gif-male/Chest press male.gif,REVIEW,candidate similarity score 0.50
1055,Machine chest press,machine-chest-press,213,Machine Chest Press,machine-chest-press,EXACT_SLUG,1.00,Chest,Chest,Machine,Machine,Smith Machine Flat Bench Press.mp4,video/Chest/gif-female/chest-press-machine male.gif,VERIFIED,local derived slug equals Supabase slug; normalized local name equals normalized Supabase name; local alias equals Supabase name: machine chest press; local alias equals Supabase slug: machine chest press
1056,Smith Machine Incline Bench Press,smith-machine-incline-bench-press,222,Smith Machine Bench Press,smith-machine-bench-press,HIGH_CONFIDENCE,0.80,Chest,Chest,Machine,Machine,,video/Chest/gif-male/Smith machine bench press male.gif,CONFLICT,context-constrained similarity score 0.80; multiple equal-confidence Supabase candidates
1057,Smith Machine Close-Grip Bench Press,smith-machine-close-grip-bench-press,222,Smith Machine Bench Press,smith-machine-bench-press,HIGH_CONFIDENCE,0.67,Chest,Chest,Machine,Machine,,video/Chest/gif-male/Smith machine bench press male.gif,CONFLICT,context-constrained similarity score 0.67; multiple equal-confidence Supabase candidates
1058,Smith Machine Decline Press,smith-machine-decline-press,234,Decline Smith Machine Press,decline-smith-machine-press,HIGH_CONFIDENCE,0.92,Chest,Chest,Machine,Smith Machine,,video/Chest/gif-female/decline smith machine press male.gif,HIGH_CONFIDENCE,context-constrained similarity score 1.00
1059,Smith machine bench press throw,smith-machine-bench-press-throw,222,Smith Machine Bench Press,smith-machine-bench-press,REVIEW,0.74,Chest,Chest,Machine,Machine,,video/Chest/gif-male/Smith machine bench press male.gif,CONFLICT,candidate similarity score 0.80; incompatible category
1060,Machine chest fly,machine-chest-fly,198,Chest Fly,chest-fly,REVIEW,0.67,Chest,Chest,Machine,Bodyweight,,video/Chest/videos/Flies (Chest).mp4,CONFLICT,candidate similarity score 0.67; incompatible  equipment
1061,Machine bench press,machine-bench-press,222,Smith Machine Bench Press,smith-machine-bench-press,HIGH_CONFIDENCE,0.75,Chest,Chest,Machine,Machine,,video/Chest/gif-male/Smith machine bench press male.gif,HIGH_CONFIDENCE,context-constrained similarity score 0.75
1062,Machine Seated Chest Press - Gethin Variation,machine-seated-chest-press,213,Machine Chest Press,machine-chest-press,HIGH_CONFIDENCE,0.75,Chest,Chest,Machine,Machine,,video/Chest/gif-female/chest-press-machine male.gif,HIGH_CONFIDENCE,context-constrained similarity score 0.75
1063,Smith machine weighted push-up,smith-machine-weighted-push-up,,,,UNMATCHED,0.00,Chest,,Machine,,,,UNMATCHED,no deterministic Supabase slug/name/alias/media match
1064,Smith machine incline bench press-,smith-machine-incline-bench-press,222,Smith Machine Bench Press,smith-machine-bench-press,HIGH_CONFIDENCE,0.80,Chest,Chest,Machine,Machine,,video/Chest/gif-male/Smith machine bench press male.gif,CONFLICT,context-constrained similarity score 0.80; multiple equal-confidence Supabase candidates
1065,Smith machine decline bench press,smith-machine-decline-bench-press,222,Smith Machine Bench Press,smith-machine-bench-press,HIGH_CONFIDENCE,0.80,Chest,Chest,Machine,Machine,,video/Chest/gif-male/Smith machine bench press male.gif,CONFLICT,context-constrained similarity score 0.80; multiple equal-confidence Supabase candidates
1066,AM Pec Dec,pec-dec,,,,UNMATCHED,0.00,Chest,,Machine,,,,UNMATCHED,no deterministic Supabase slug/name/alias/media match
1067,30 Chest Machine Flat Chest Press,machine-flat-chest-press,213,Machine Chest Press,machine-chest-press,HIGH_CONFIDENCE,0.75,Chest,Chest,Machine,Machine,,video/Chest/gif-female/chest-press-machine male.gif,HIGH_CONFIDENCE,context-constrained similarity score 0.75
1068,Smith machine push-up,smith-machine-push-up,230,Push-Up,push-up,REVIEW,0.50,Chest,Chest,Machine,Body Only,,video/Chest/videos/Push-up (Chest).mp4,CONFLICT,candidate similarity score 0.50; incompatible  equipment
1069,30 Chest Smith Machine Incline Chest Press,smith-machine-incline-chest-press,249,Incline Smith Machine Press,incline-smith-machine-press,HIGH_CONFIDENCE,0.80,Chest,Chest,Machine,Smith Machine,,video/Chest/gif-male/Incline Smith Machine Press male.gif,HIGH_CONFIDENCE,context-constrained similarity score 0.80
1070,30 Chest Smith Machine Chest Press,smith-machine-chest-press,221,Upper Chest Smith Machine Press,upper-chest-smith-machine-press,HIGH_CONFIDENCE,0.80,Chest,Chest,Machine,Smith Machine,,video/Chest/videos/bech press upper smith machine.mp4,HIGH_CONFIDENCE,context-constrained similarity score 0.80
1071,30 Chest Machine Incline Chest Press,machine-incline-chest-press,213,Machine Chest Press,machine-chest-press,HIGH_CONFIDENCE,0.75,Chest,Chest,Machine,Machine,,video/Chest/gif-female/chest-press-machine male.gif,HIGH_CONFIDENCE,context-constrained similarity score 0.75
1072,30 Chest Machine Fly,machine-fly,120,Machine Reverse Fly,machine-reverse-fly,REVIEW,0.67,Chest,BACK and TRAPEZIUS,Machine,Machine,,video/BACK and TRAPEZIUS/gif-male/Machine reverse fly male.gif,CONFLICT,candidate similarity score 0.67; incompatible category
1073,30 Chest 30-Degree Incline Smith Machine Press,30-degree-incline-smith-machine-press,249,Incline Smith Machine Press,incline-smith-machine-press,HIGH_CONFIDENCE,0.67,Chest,Chest,Machine,Smith Machine,,video/Chest/gif-male/Incline Smith Machine Press male.gif,HIGH_CONFIDENCE,context-constrained similarity score 0.67
1074,Low-cable cross-over,low-cable-cross-over,,,,UNMATCHED,0.00,Chest,,Cable,,,,UNMATCHED,no deterministic Supabase slug/name/alias/media match
1075,Incline cable chest fly,incline-cable-chest-fly,206,Incline Chest Fly,incline-chest-fly,HIGH_CONFIDENCE,0.75,Chest,Chest,Cable,Cable,,video/Chest/videos/Incline Fly chest .mp4,CONFLICT,context-constrained similarity score 0.75; multiple equal-confidence Supabase candidates
1076,Cable Crossover,cable-crossover,219,Cable Crossover,cable-crossover,EXACT_SLUG,1.00,Chest,Chest,Cable,Cable,,video/Chest/gif-male/cable-cross-over male.gif,VERIFIED,local derived slug equals Supabase slug; normalized local name equals normalized Supabase name; local alias equals Supabase name: cable crossover; local alias equals Supabase slug: cable crossover
1077,Incline cable chest press,incline-cable-chest-press,233,Incline Cable Chest Press,incline-cable-chest-press,EXACT_SLUG,1.00,Chest,Chest,Cable,Cable,,video/Chest/gif-male/Incline cable chest press male.gif,VERIFIED,local derived slug equals Supabase slug; normalized local name equals normalized Supabase name; local alias equals Supabase name: incline cable chest press; local alias equals Supabase slug: incline cable chest press
1078,Cable Chest Press,cable-chest-press,244,Cable Chest Press,cable-chest-press,EXACT_SLUG,1.00,Chest,Chest,Cable,Cable,,video/Chest/gif-male/Cable chest press male.gif,VERIFIED,local derived slug equals Supabase slug; normalized local name equals normalized Supabase name; local alias equals Supabase name: cable chest press; local alias equals Supabase slug: cable chest press
1079,Single-arm cable cross-over,single-arm-cable-cross-over,137,Single-Arm Cable Pulldown,single-arm-cable-pulldown,REVIEW,0.50,Chest,BACK and TRAPEZIUS,Cable,Cable,,video/BACK and TRAPEZIUS/gif-male/Single-arm cable pulldown bunch male.gif,CONFLICT,candidate similarity score 0.50; incompatible category
1080,Cable cross-over,cable-cross-over,,,,UNMATCHED,0.00,Chest,,Cable,,,,UNMATCHED,no deterministic Supabase slug/name/alias/media match
1081,Standing Cable Chest Press,standing-cable-chest-press,244,Cable Chest Press,cable-chest-press,HIGH_CONFIDENCE,0.75,Chest,Chest,Cable,Cable,,video/Chest/gif-male/Cable chest press male.gif,HIGH_CONFIDENCE,context-constrained similarity score 0.75
1082,Lying cable chest fly,lying-cable-chest-fly,210,Lying Chest Fly,lying-chest-fly,HIGH_CONFIDENCE,0.75,Chest,Chest,Cable,Cable,,video/Chest/videos/Flies  Lying Fly (Chest).mp4,HIGH_CONFIDENCE,context-constrained similarity score 0.75
1083,Paul Carter Cable Cross-Over,paul-carter-cable-cross-over,,,,UNMATCHED,0.00,Chest,,Cable,,,,UNMATCHED,no deterministic Supabase slug/name/alias/media match
1084,One-Arm Cable Crossover - Gethin Variation,single-arm-cable-crossover,137,Single-Arm Cable Pulldown,single-arm-cable-pulldown,REVIEW,0.60,Chest,BACK and TRAPEZIUS,Cable,Cable,,video/BACK and TRAPEZIUS/gif-male/Single-arm cable pulldown bunch male.gif,CONFLICT,candidate similarity score 0.60; incompatible category
1085,Incline Cable Fly - Gethin Variation,incline-cable-fly,211,Incline Cable Fly,incline-cable-fly,EXACT_SLUG,1.00,Chest,Chest,Cable,Cable,,video/Chest/gif-female/Crucifixo inclinado no cabo femme.gif,VERIFIED,local derived slug equals Supabase slug; normalized local name equals normalized Supabase name; local alias equals Supabase name: incline cable fly; local alias equals Supabase slug: incline cable fly
1086,Cable Cross-Over - Gethin Variation,cable-cross-over,,,,UNMATCHED,0.00,Chest,,Cable,,,,UNMATCHED,no deterministic Supabase slug/name/alias/media match
1087,Seated cable chest fly,seated-cable-chest-fly,237,Seated Chest Fly,seated-chest-fly,HIGH_CONFIDENCE,0.75,Chest,Chest,Cable,Cable,,video/Chest/videos/Flies  Seated Fly (Chest).mp4,HIGH_CONFIDENCE,context-constrained similarity score 0.75
1088,Single-arm incline cable cross-over-,single-arm-incline-cable-cross-over,,,,UNMATCHED,0.00,Chest,,Cable,,,,UNMATCHED,no deterministic Supabase slug/name/alias/media match
1089,High-to-low cable chest fly,high-to-low-cable-chest-fly,254,Low-to-High Cable Fly,low-to-high-cable-fly,HIGH_CONFIDENCE,0.83,Chest,Chest,Cable,Cable,,video/Chest/gif-female/Low to top cable chest flyes femme.gif,HIGH_CONFIDENCE,context-constrained similarity score 0.83
1090,UP Cable Cross-Over,up-cable-cross-over,,,,UNMATCHED,0.00,Chest,,Cable,,,,UNMATCHED,no deterministic Supabase slug/name/alias/media match
1091,UP Cable Fly,up-cable-fly,194,Cable Fly,cable-fly,HIGH_CONFIDENCE,0.67,Chest,Chest,Cable,Cable,,video/Chest/gif-female/cable-fly femme.gif,HIGH_CONFIDENCE,context-constrained similarity score 0.67
1092,30 Chest Low-To-High Cable Fly,low-to-high-cable-fly,254,Low-to-High Cable Fly,low-to-high-cable-fly,EXACT_SLUG,1.00,Chest,Chest,Cable,Cable,Low-to-High Cable Fly.mp4,video/Chest/gif-female/Low to top cable chest flyes femme.gif,VERIFIED,local derived slug equals Supabase slug; normalized local name equals normalized Supabase name; local alias equals Supabase name: low to high cable fly; local alias equals Supabase slug: low to high cable fly; local linked video filename equals Supabase media filename: Low-to-High Cable Fly.mp4
1093,30 Chest Incline Cable Fly,incline-cable-fly,211,Incline Cable Fly,incline-cable-fly,EXACT_SLUG,1.00,Chest,Chest,Cable,Cable,,video/Chest/gif-female/Crucifixo inclinado no cabo femme.gif,VERIFIED,local derived slug equals Supabase slug; normalized local name equals normalized Supabase name; local alias equals Supabase name: incline cable fly; local alias equals Supabase slug: incline cable fly
1094,30 Chest Incline Cable Chest Press,incline-cable-chest-press,233,Incline Cable Chest Press,incline-cable-chest-press,EXACT_SLUG,1.00,Chest,Chest,Cable,Cable,,video/Chest/gif-male/Incline cable chest press male.gif,VERIFIED,local derived slug equals Supabase slug; normalized local name equals normalized Supabase name; local alias equals Supabase name: incline cable chest press; local alias equals Supabase slug: incline cable chest press
1095,30 Chest High-To-Low Cable Press,high-to-low-cable-press,251,High-to-Low Cable Crossover,high-to-low-cable-crossover,HIGH_CONFIDENCE,0.67,Chest,Chest,Cable,Cable,,video/Chest/gif-female/Cross over up to down femme.gif,CONFLICT,context-constrained similarity score 0.67; multiple equal-confidence Supabase candidates
1096,30 Chest High-To-Low Cable Fly,high-to-low-cable-fly,254,Low-to-High Cable Fly,low-to-high-cable-fly,HIGH_CONFIDENCE,0.92,Chest,Chest,Cable,Cable,,video/Chest/gif-female/Low to top cable chest flyes femme.gif,HIGH_CONFIDENCE,context-constrained similarity score 1.00
1097,30 Chest Shoulder-Height Cable Fly,shoulder-height-cable-fly,194,Cable Fly,cable-fly,REVIEW,0.50,Chest,Chest,Cable,Cable,,video/Chest/gif-female/cable-fly femme.gif,REVIEW,candidate similarity score 0.50
1098,Cable Pec Fly,cable-pec-fly,197,Seated Cable Pec Fly,seated-cable-pec-fly,HIGH_CONFIDENCE,0.75,Chest,Chest,Cable,Cable,,video/Chest/videos/Seated Cable Pec Flye.mp4,HIGH_CONFIDENCE,context-constrained similarity score 0.75
1099,Chest Push (multiple response),chest-push-multiple-response,,,,UNMATCHED,0.00,Chest,,Medicine Ball,,,,UNMATCHED,no deterministic Supabase slug/name/alias/media match
1100,Medicine Ball Chest Pass,medicine-ball-chest-pass,,,,UNMATCHED,0.00,Chest,,Medicine Ball,,,,UNMATCHED,no deterministic Supabase slug/name/alias/media match
1101,Medicine ball sprawl to chest press,medicine-ball-sprawl-to-chest-press,,,,UNMATCHED,0.00,Chest,,Medicine Ball,,,,UNMATCHED,no deterministic Supabase slug/name/alias/media match
1102,Medicine ball push-up,medicine-ball-push-up,230,Push-Up,push-up,REVIEW,0.50,Chest,Chest,Medicine Ball,Body Only,,video/Chest/videos/Push-up (Chest).mp4,CONFLICT,candidate similarity score 0.50; incompatible  equipment
1103,Chest Push (single response),chest-push-single-response,,,,UNMATCHED,0.00,Chest,,Medicine Ball,,,,UNMATCHED,no deterministic Supabase slug/name/alias/media match
1104,Chest Push with Run Release,chest-push-with-run-release,,,,UNMATCHED,0.00,Chest,,Medicine Ball,,,,UNMATCHED,no deterministic Supabase slug/name/alias/media match
1105,Chest Push from 3 point stance,chest-push-from-3-point-stance,,,,UNMATCHED,0.00,Chest,,Medicine Ball,,,,UNMATCHED,no deterministic Supabase slug/name/alias/media match
1106,Dumbbell Bench Press,dumbbell-bench-press,192,Decline Dumbbell Bench Press,decline-dumbbell-bench-press,HIGH_CONFIDENCE,0.75,Chest,Chest,Dumbbell,Dumbbell,,video/Chest/gif-male/decline bench press dumbbell male.gif,CONFLICT,context-constrained similarity score 0.75; multiple equal-confidence Supabase candidates
1107,Dumbbell Flyes,dumbbell-fly,60,Dumbbell Reverse Fly,dumbbell-reverse-fly,REVIEW,0.67,Chest,BACK and TRAPEZIUS|shoulders,Dumbbell,Dumbbell,,video/BACK and TRAPEZIUS/gif-female/Dumbbell Reverse Fly femme.gif,CONFLICT,candidate similarity score 0.67; incompatible category
1108,Incline dumbbell bench press,incline-dumbbell-bench-press,245,Incline Dumbbell Press,incline-dumbbell-press,ALIAS_MEDIA_MATCH,0.99,Chest,Chest,Dumbbell,Dumbbell,incline bench press dumbbell.mp4,video/Chest/gif-male/Incline dumbbell press male.gif,VERIFIED,local linked video filename equals Supabase media filename: incline bench press dumbbell.mp4
1109,Decline Dumbbell Flyes,decline-dumbbell-fly,60,Dumbbell Reverse Fly,dumbbell-reverse-fly,REVIEW,0.50,Chest,BACK and TRAPEZIUS|shoulders,Dumbbell,Dumbbell,,video/BACK and TRAPEZIUS/gif-female/Dumbbell Reverse Fly femme.gif,CONFLICT,candidate similarity score 0.50; incompatible category
1110,Reverse-grip incline dumbbell bench press,reverse-grip-incline-dumbbell-bench-press,246,Close-Grip Dumbbell Bench Press,close-grip-dumbbell-bench-press,REVIEW,0.57,Chest,Chest,Dumbbell,Dumbbell,,video/Chest/gif-male/Close-grip dumbbell bench press male.gif,CONFLICT,candidate similarity score 0.57; multiple equal-confidence Supabase candidates
1111,Incline Dumbbell Flyes,incline-dumbbell-fly,209,Incline Dumbbell Fly,incline-dumbbell-fly,EXACT_SLUG,1.00,Chest,Chest,Dumbbell,Dumbbell,,video/Chest/gif-male/Crucifixo inclinado com halteres male.gif,VERIFIED,local derived slug equals Supabase slug; normalized local name equals normalized Supabase name; local alias equals Supabase name: incline dumbbell fly; local alias equals Supabase slug: incline dumbbell fly
1112,Neutral-grip dumbbell bench press,neutral-grip-dumbbell-bench-press,246,Close-Grip Dumbbell Bench Press,close-grip-dumbbell-bench-press,HIGH_CONFIDENCE,0.67,Chest,Chest,Dumbbell,Dumbbell,,video/Chest/gif-male/Close-grip dumbbell bench press male.gif,HIGH_CONFIDENCE,context-constrained similarity score 0.67
1113,Decline dumbbell bench press,decline-dumbbell-bench-press,192,Decline Dumbbell Bench Press,decline-dumbbell-bench-press,EXACT_SLUG,1.00,Chest,Chest,Dumbbell,Dumbbell,,video/Chest/gif-male/decline bench press dumbbell male.gif,VERIFIED,local derived slug equals Supabase slug; normalized local name equals normalized Supabase name; local alias equals Supabase name: decline dumbbell bench press; local alias equals Supabase slug: decline dumbbell bench press
1114,Single-arm kettlebell row,single-arm-kettlebell-row,63,Single-Arm Dumbbell Row,single-arm-dumbbell-row,HIGH_CONFIDENCE,0.60,Chest,BACK and TRAPEZIUS,Dumbbell,Dumbbell,,video/BACK and TRAPEZIUS/gif-female/Single-arm row with bench support femme.gif,HIGH_CONFIDENCE,context-constrained similarity score 0.60
1115,Hammer Grip Incline DB Bench Press,hammer-grip-incline-dumbbell-bench-press,246,Close-Grip Dumbbell Bench Press,close-grip-dumbbell-bench-press,REVIEW,0.57,Chest,Chest,Dumbbell,Dumbbell,,video/Chest/gif-male/Close-grip dumbbell bench press male.gif,CONFLICT,candidate similarity score 0.57; multiple equal-confidence Supabase candidates
1116,Straight-arm dumbbell pull-over,straight-arm-dumbbell-pullover,203,Dumbbell Pullover,dumbbell-pullover,REVIEW,0.50,Chest,Chest,Dumbbell,Dumbbell,,video/Chest/gif-male/dumbbell-pullover male.gif,REVIEW,candidate similarity score 0.50
1117,Incline Dumbbell Bench With Palms Facing In,incline-dumbbell-bench-with-palms-facing-in,,,,UNMATCHED,0.00,Chest,,Dumbbell,,,,UNMATCHED,no deterministic Supabase slug/name/alias/media match
1118,Incline Dumbbell Flyes - With A Twist,incline-dumbbell-fly-with-a-twist,209,Incline Dumbbell Fly,incline-dumbbell-fly,REVIEW,0.50,Chest,Chest,Dumbbell,Dumbbell,,video/Chest/gif-male/Crucifixo inclinado com halteres male.gif,CONFLICT,candidate similarity score 0.50; incompatible category
1119,Bent-arm dumbbell pull-over,bent-arm-dumbbell-pullover,203,Dumbbell Pullover,dumbbell-pullover,REVIEW,0.50,Chest,Chest,Dumbbell,Dumbbell,,video/Chest/gif-male/dumbbell-pullover male.gif,REVIEW,candidate similarity score 0.50
1120,Close-grip dumbbell bench press,close-grip-dumbbell-bench-press,246,Close-Grip Dumbbell Bench Press,close-grip-dumbbell-bench-press,EXACT_SLUG,1.00,Chest,Chest,Dumbbell,Dumbbell,,video/Chest/gif-male/Close-grip dumbbell bench press male.gif,VERIFIED,local derived slug equals Supabase slug; normalized local name equals normalized Supabase name; local alias equals Supabase name: close grip dumbbell bench press; local alias equals Supabase slug: close grip dumbbell bench press
1121,Single-dumbbell push-up,single-dumbbell-push-up,230,Push-Up,push-up,REVIEW,0.50,Chest,Chest,Dumbbell,Body Only,,video/Chest/videos/Push-up (Chest).mp4,CONFLICT,candidate similarity score 0.50; incompatible  equipment
1122,One-Arm Flat Bench Dumbbell Flye,single-arm-flat-bench-dumbbell-flye,,,,UNMATCHED,0.00,Chest,,Dumbbell,,,,UNMATCHED,no deterministic Supabase slug/name/alias/media match
1123,Dumbbell Fix Dumbbell Floor Chest Fly,dumbbell-fix-dumbbell-floor-chest-fly,236,Dumbbell Chest Fly,dumbbell-chest-fly,HIGH_CONFIDENCE,0.60,Chest,Chest,Dumbbell,Dumbbell,,video/Chest/gif-male/Crucifico com halteres male.gif,HIGH_CONFIDENCE,context-constrained similarity score 0.60
1124,Dumbbell Fix Traveling Push-Up,dumbbell-fix-traveling-push-up,,,,UNMATCHED,0.00,Chest,,Dumbbell,,,,UNMATCHED,no deterministic Supabase slug/name/alias/media match
1125,Incline dumbbell chest fly,incline-dumbbell-chest-fly,209,Incline Dumbbell Fly,incline-dumbbell-fly,HIGH_CONFIDENCE,0.75,Chest,Chest,Dumbbell,Dumbbell,,video/Chest/gif-male/Crucifixo inclinado com halteres male.gif,CONFLICT,context-constrained similarity score 0.75; multiple equal-confidence Supabase candidates
1126,Paul Carter Dumbbell Shrug,paul-carter-dumbbell-shrug,96,Dumbbell Shrug,dumbbell-shrug,REVIEW,0.50,Chest,BACK and TRAPEZIUS,Dumbbell,Dumbbell,,video/BACK and TRAPEZIUS/gif-male/dumbbell shrug male.gif,REVIEW,candidate similarity score 0.50
1127,Dumbbell push-up row,dumbbell-push-up-row,,,,UNMATCHED,0.00,Chest,,Dumbbell,,,,UNMATCHED,no deterministic Supabase slug/name/alias/media match
1128,TBS Dumbbell Incline Press,tbs-dumbbell-incline-press,245,Incline Dumbbell Press,incline-dumbbell-press,HIGH_CONFIDENCE,0.75,Chest,Chest,Dumbbell,Dumbbell,,video/Chest/gif-male/Incline dumbbell press male.gif,HIGH_CONFIDENCE,context-constrained similarity score 0.75
1129,Incline Dumbbell Fly - Gethin Variation,incline-dumbbell-fly,209,Incline Dumbbell Fly,incline-dumbbell-fly,EXACT_SLUG,1.00,Chest,Chest,Dumbbell,Dumbbell,,video/Chest/gif-male/Crucifixo inclinado com halteres male.gif,VERIFIED,local derived slug equals Supabase slug; normalized local name equals normalized Supabase name; local alias equals Supabase name: incline dumbbell fly; local alias equals Supabase slug: incline dumbbell fly
1130,Dumbbell bench press-,dumbbell-bench-press,192,Decline Dumbbell Bench Press,decline-dumbbell-bench-press,HIGH_CONFIDENCE,0.75,Chest,Chest,Dumbbell,Dumbbell,,video/Chest/gif-male/decline bench press dumbbell male.gif,CONFLICT,context-constrained similarity score 0.75; multiple equal-confidence Supabase candidates
1131,Decline dumbbell fly and press,decline-dumbbell-fly-and-press,192,Decline Dumbbell Bench Press,decline-dumbbell-bench-press,REVIEW,0.50,Chest,Chest,Dumbbell,Dumbbell,,video/Chest/gif-male/decline bench press dumbbell male.gif,REVIEW,candidate similarity score 0.50
1132,Incline dumbbell fly and press,incline-dumbbell-fly-and-press,209,Incline Dumbbell Fly,incline-dumbbell-fly,HIGH_CONFIDENCE,0.60,Chest,Chest,Dumbbell,Dumbbell,,video/Chest/gif-male/Crucifixo inclinado com halteres male.gif,CONFLICT,context-constrained similarity score 0.60; multiple equal-confidence Supabase candidates
1133,Single-arm decline dumbbell bench press,single-arm-decline-dumbbell-bench-press,192,Decline Dumbbell Bench Press,decline-dumbbell-bench-press,HIGH_CONFIDENCE,0.67,Chest,Chest,Dumbbell,Dumbbell,,video/Chest/gif-male/decline bench press dumbbell male.gif,HIGH_CONFIDENCE,context-constrained similarity score 0.67
1134,Single-arm incline dumbbell bench press,single-arm-incline-dumbbell-bench-press,665,Incline Bench Press Dumbbell Shoulder,incline-bench-press-dumbbell-shoulder,REVIEW,0.57,Chest,shoulders,Dumbbell,Dumbbell,,video/shoulders/videos/incline bench press dumbbell shoulder.mp4,REVIEW,candidate similarity score 0.57
1135,Incline Dumbbell Press - Gethin Variation,incline-dumbbell-press,245,Incline Dumbbell Press,incline-dumbbell-press,EXACT_SLUG,1.00,Chest,Chest,Dumbbell,Dumbbell,incline bench press dumbbell.mp4,video/Chest/gif-male/Incline dumbbell press male.gif,VERIFIED,local derived slug equals Supabase slug; normalized local name equals normalized Supabase name; local alias equals Supabase name: incline dumbbell press; local alias equals Supabase slug: incline dumbbell press; local linked video filename equals Supabase media filename: incline bench press dumbbell.mp4
1136,Dumbbell Chest Press - Gethin Variation,dumbbell-chest-press,250,Dumbbell Chest Press,dumbbell-chest-press,EXACT_SLUG,1.00,Chest,Chest,Dumbbell,Dumbbell,,video/Chest/gif-female/dumbbell-chest-press femme.gif,VERIFIED,local derived slug equals Supabase slug; normalized local name equals normalized Supabase name; local alias equals Supabase name: dumbbell chest press; local alias equals Supabase slug: dumbbell chest press
1137,Dumbbell Floor Press - Gethin Variation,dumbbell-floor-press,645,Dumbbell Press,dumbbell-press,REVIEW,0.67,Chest,shoulders,Dumbbell,Dumbbell,,video/shoulders/videos/DUMBBELL PRESS.mp4,CONFLICT,candidate similarity score 0.67; incompatible category
1138,Decline Dumbbell Press - Gethin Variation,decline-dumbbell-press,192,Decline Dumbbell Bench Press,decline-dumbbell-bench-press,HIGH_CONFIDENCE,0.75,Chest,Chest,Dumbbell,Dumbbell,,video/Chest/gif-male/decline bench press dumbbell male.gif,HIGH_CONFIDENCE,context-constrained similarity score 0.75
1139,Dumbbell chest fly,dumbbell-chest-fly,236,Dumbbell Chest Fly,dumbbell-chest-fly,EXACT_SLUG,1.00,Chest,Chest,Dumbbell,Dumbbell,,video/Chest/gif-male/Crucifico com halteres male.gif,VERIFIED,local derived slug equals Supabase slug; normalized local name equals normalized Supabase name; local alias equals Supabase name: dumbbell chest fly; local alias equals Supabase slug: dumbbell chest fly
1140,Machine rear delt fly,machine-rear-delt-fly,,,,UNMATCHED,0.00,Chest,,Dumbbell,,,,UNMATCHED,no deterministic Supabase slug/name/alias/media match
1141,AM Dumbbell Bench Press,dumbbell-bench-press,192,Decline Dumbbell Bench Press,decline-dumbbell-bench-press,HIGH_CONFIDENCE,0.75,Chest,Chest,Dumbbell,Dumbbell,,video/Chest/gif-male/decline bench press dumbbell male.gif,CONFLICT,context-constrained similarity score 0.75; multiple equal-confidence Supabase candidates
1142,UP Incline Dumbbell Press,up-incline-dumbbell-press,245,Incline Dumbbell Press,incline-dumbbell-press,HIGH_CONFIDENCE,0.75,Chest,Chest,Dumbbell,Dumbbell,,video/Chest/gif-male/Incline dumbbell press male.gif,HIGH_CONFIDENCE,context-constrained similarity score 0.75
1143,UP Incline Dumbbell Fly,up-incline-dumbbell-fly,209,Incline Dumbbell Fly,incline-dumbbell-fly,HIGH_CONFIDENCE,0.75,Chest,Chest,Dumbbell,Dumbbell,,video/Chest/gif-male/Crucifixo inclinado com halteres male.gif,HIGH_CONFIDENCE,context-constrained similarity score 0.75
1144,Holman Push-Up to Belly Touch,holman-push-up-to-belly-touch,,,,UNMATCHED,0.00,Chest,,Dumbbell,,,,UNMATCHED,no deterministic Supabase slug/name/alias/media match
1145,Single-arm dumbbell floor press,single-arm-dumbbell-floor-press,63,Single-Arm Dumbbell Row,single-arm-dumbbell-row,REVIEW,0.50,Chest,BACK and TRAPEZIUS,Dumbbell,Dumbbell,,video/BACK and TRAPEZIUS/gif-female/Single-arm row with bench support femme.gif,CONFLICT,candidate similarity score 0.50; incompatible category
1146,Total Fitness Weighted Push-Up,total-fitness-weighted-push-up,,,,UNMATCHED,0.00,Chest,,Dumbbell,,,,UNMATCHED,no deterministic Supabase slug/name/alias/media match
1147,King Maker Standing Dumbbell Shoulder Press,king-maker-standing-dumbbell-shoulder-press,609,Dumbbell Press Shoulder,dumbbell-press-shoulder,REVIEW,0.50,Chest,shoulders,Dumbbell,Dumbbell,,video/shoulders/gif-male/Dumbbell Press shoulder femme.gif,CONFLICT,candidate similarity score 0.50; incompatible category
1148,30 Chest Incline Dumbbell Fly,incline-dumbbell-fly,209,Incline Dumbbell Fly,incline-dumbbell-fly,EXACT_SLUG,1.00,Chest,Chest,Dumbbell,Dumbbell,,video/Chest/gif-male/Crucifixo inclinado com halteres male.gif,VERIFIED,local derived slug equals Supabase slug; normalized local name equals normalized Supabase name; local alias equals Supabase name: incline dumbbell fly; local alias equals Supabase slug: incline dumbbell fly
1149,30 Chest Incline Dumbbell Bench Press,incline-dumbbell-bench-press,245,Incline Dumbbell Press,incline-dumbbell-press,ALIAS_MEDIA_MATCH,0.99,Chest,Chest,Dumbbell,Dumbbell,incline bench press dumbbell.mp4,video/Chest/gif-male/Incline dumbbell press male.gif,VERIFIED,local linked video filename equals Supabase media filename: incline bench press dumbbell.mp4
1150,30 Chest Dumbbells-Together Press,dumbbells-together-press,,,,UNMATCHED,0.00,Chest,,Dumbbell,,,,UNMATCHED,no deterministic Supabase slug/name/alias/media match
1151,30 Chest Dumbbells-Together Incline Bench Press,dumbbells-together-incline-bench-press,239,Incline Bench Press,incline-bench-press,REVIEW,0.60,Chest,Chest,Dumbbell,Barbell,,video/Chest/gif-female/Incline bench press femme.gif,CONFLICT,candidate similarity score 0.60; incompatible  equipment
1152,30 Chest Dumbbell Fly,dumbbell-fly,60,Dumbbell Reverse Fly,dumbbell-reverse-fly,REVIEW,0.67,Chest,BACK and TRAPEZIUS|shoulders,Dumbbell,Dumbbell,,video/BACK and TRAPEZIUS/gif-female/Dumbbell Reverse Fly femme.gif,CONFLICT,candidate similarity score 0.67; incompatible category
1153,30 Chest Dumbbell Bench Press,dumbbell-bench-press,192,Decline Dumbbell Bench Press,decline-dumbbell-bench-press,HIGH_CONFIDENCE,0.75,Chest,Chest,Dumbbell,Dumbbell,,video/Chest/gif-male/decline bench press dumbbell male.gif,CONFLICT,context-constrained similarity score 0.75; multiple equal-confidence Supabase candidates
1154,30 Chest 30-Degree Incline Dumbbell Fly,30-degree-incline-dumbbell-fly,209,Incline Dumbbell Fly,incline-dumbbell-fly,HIGH_CONFIDENCE,0.60,Chest,Chest,Dumbbell,Dumbbell,,video/Chest/gif-male/Crucifixo inclinado com halteres male.gif,HIGH_CONFIDENCE,context-constrained similarity score 0.60
1155,FYR2 Single-Dumbbell Push-Up,single-dumbbell-push-up,230,Push-Up,push-up,REVIEW,0.50,Chest,Chest,Dumbbell,Body Only,,video/Chest/videos/Push-up (Chest).mp4,CONFLICT,candidate similarity score 0.50; incompatible  equipment
1156,Bodyweight Flyes,bodyweight-fly,,,,UNMATCHED,0.00,Chest,,E-Z Curl Bar,,,,UNMATCHED,no deterministic Supabase slug/name/alias/media match
1157,Close-grip EZ-bar bench press,close-grip-ez-bar-bench-press,443,Close-Grip Bench Press,close-grip-bench-press,REVIEW,0.67,Chest,Full Arms,E-Z Curl Bar,Barbell,,video/Full Arms/TRICEPS/gif-female/close-grip-bench-press-movement femme.gif,CONFLICT,candidate similarity score 0.67; incompatible  equipment
1158,Chest dip,chest-dip,,,,UNMATCHED,0.00,Chest,,Other,,,,UNMATCHED,no deterministic Supabase slug/name/alias/media match
1159,Drop Push,drop-push,,,,UNMATCHED,0.00,Chest,,Other,,,,UNMATCHED,no deterministic Supabase slug/name/alias/media match
1160,Forward Drag with Press,forward-drag-with-press,,,,UNMATCHED,0.00,Chest,,Other,,,,UNMATCHED,no deterministic Supabase slug/name/alias/media match
1161,Chain Press,chain-press,,,,UNMATCHED,0.00,Chest,,Other,,,,UNMATCHED,no deterministic Supabase slug/name/alias/media match
1162,Behind Head Chest Stretch,behind-head-chest-stretch,,,,UNMATCHED,0.00,Chest,,Other,,,,UNMATCHED,no deterministic Supabase slug/name/alias/media match
1163,Pass-through stretch with band,pass-through-stretch-with-band,,,,UNMATCHED,0.00,Chest,,Other,,,,UNMATCHED,no deterministic Supabase slug/name/alias/media match
1164,Weighted Push-Up,weighted-push-up,230,Push-Up,push-up,REVIEW,0.67,Chest,Chest,Other,Body Only,,video/Chest/videos/Push-up (Chest).mp4,CONFLICT,candidate similarity score 0.67; incompatible  equipment
1165,Heavy Bag Thrust,heavy-bag-thrust,,,,UNMATCHED,0.00,Chest,,Other,,,,UNMATCHED,no deterministic Supabase slug/name/alias/media match
1166,Decline Explosive Push-Up,decline-explosive-push-up,204,Decline Push-Up,decline-push-up,REVIEW,0.74,Chest,Chest,Other,Body Only,,video/Chest/gif-female/decline-push-up femme.gif,CONFLICT,candidate similarity score 0.75; incompatible  equipment
1167,Suspended Chest Fly,suspended-chest-fly,198,Chest Fly,chest-fly,REVIEW,0.67,Chest,Chest,Other,Bodyweight,,video/Chest/videos/Flies (Chest).mp4,CONFLICT,candidate similarity score 0.67; incompatible  equipment
1168,Svend press,svend-press,,,,UNMATCHED,0.00,Chest,,Other,,,,UNMATCHED,no deterministic Supabase slug/name/alias/media match
1169,Bar Push-Up Smith Machine,bar-push-up-smith-machine,,,,UNMATCHED,0.00,Chest,,Other,,,,UNMATCHED,no deterministic Supabase slug/name/alias/media match
1170,Plate-weighted push-up,plate-weighted-push-up,230,Push-Up,push-up,REVIEW,0.50,Chest,Chest,Other,Body Only,,video/Chest/videos/Push-up (Chest).mp4,CONFLICT,candidate similarity score 0.50; incompatible  equipment
1171,Double-bar roll-out chest fly,double-bar-roll-out-chest-fly,,,,UNMATCHED,0.00,Chest,,Other,,,,UNMATCHED,no deterministic Supabase slug/name/alias/media match
1172,Holman Plate Dynamo Push-Up,holman-plate-dynamo-push-up,,,,UNMATCHED,0.00,Chest,,Other,,,,UNMATCHED,no deterministic Supabase slug/name/alias/media match
1173,Holman Towel Drag Two Steps to Push-Up,holman-towel-drag-two-steps-to-push-up,,,,UNMATCHED,0.00,Chest,,Other,,,,UNMATCHED,no deterministic Supabase slug/name/alias/media match
1174,Taylor Val Slide Push-Up/Fly Combo,taylor-val-slide-push-up-fly-combo,,,,UNMATCHED,0.00,Chest,,Other,,,,UNMATCHED,no deterministic Supabase slug/name/alias/media match
1175,Exercise ball chest stretch,exercise-ball-chest-stretch,,,,UNMATCHED,0.00,Chest,,Exercise Ball,,,,UNMATCHED,no deterministic Supabase slug/name/alias/media match
1176,Bosu Ball Push-Up,bosu-ball-push-up,230,Push-Up,push-up,REVIEW,0.50,Chest,Chest,Exercise Ball,Body Only,,video/Chest/videos/Push-up (Chest).mp4,CONFLICT,candidate similarity score 0.50; incompatible  equipment
1177,Feet-elevated push-up on ball,feet-elevated-push-up-on-ball,,,,UNMATCHED,0.00,Chest,,Exercise Ball,,,,UNMATCHED,no deterministic Supabase slug/name/alias/media match
1178,Standing alternating band speed row,standing-alternating-band-speed-row,,,,UNMATCHED,0.00,Forearms,,Bands,,,,UNMATCHED,no deterministic Supabase slug/name/alias/media match
1179,Band roundhouse elbow,band-roundhouse-elbow,,,,UNMATCHED,0.00,Forearms,,Bands,,,,UNMATCHED,no deterministic Supabase slug/name/alias/media match
1180,Palms-down wrist curl over bench,palms-down-wrist-curl-over-bench,,,,UNMATCHED,0.00,Forearms,,Barbell,,,,UNMATCHED,no deterministic Supabase slug/name/alias/media match
1181,Palms-up wrist curl over bench,palms-up-wrist-curl-over-bench,,,,UNMATCHED,0.00,Forearms,,Barbell,,,,UNMATCHED,no deterministic Supabase slug/name/alias/media match
1182,Standing behind-the-back wrist curl,standing-behind-the-back-wrist-curl,475,Forearm Behind The Back Wrist Curl,forearm-behind-the-back-wrist-curl,REVIEW,0.71,Forearms,Full Arms,Barbell,Bodyweight,,video/Full Arms/Biceps and Forearm/gif-male/Forearm Behind-the-back wrist curl male.gif,CONFLICT,candidate similarity score 0.71; incompatible  equipment
1183,Seated finger curl,seated-finger-curl,,,,UNMATCHED,0.00,Forearms,,Barbell,,,,UNMATCHED,no deterministic Supabase slug/name/alias/media match
1184,Seated palms-up wrist curl,seated-palms-up-wrist-curl,,,,UNMATCHED,0.00,Forearms,,Barbell,,,,UNMATCHED,no deterministic Supabase slug/name/alias/media match
1185,Bottoms-Up Clean From The Hang Position,bottoms-up-clean-from-the-hang-position,,,,UNMATCHED,0.00,Forearms,,Kettlebells,,,,UNMATCHED,no deterministic Supabase slug/name/alias/media match
1186,Seated One-Arm Dumbbell Palms-Up Wrist Curl,seated-single-arm-dumbbell-palms-up-wrist-curl,,,,UNMATCHED,0.00,Forearms,,Dumbbell,,,,UNMATCHED,no deterministic Supabase slug/name/alias/media match
1187,Palms-Up Dumbbell Wrist Curl Over A Bench,palms-up-dumbbell-wrist-curl-over-a-bench,,,,UNMATCHED,0.00,Forearms,,Dumbbell,,,,UNMATCHED,no deterministic Supabase slug/name/alias/media match
1188,Seated palms-down wrist curl,seated-palms-down-wrist-curl,,,,UNMATCHED,0.00,Forearms,,Dumbbell,,,,UNMATCHED,no deterministic Supabase slug/name/alias/media match
1189,Palms-Down Dumbbell Wrist Curl Over A Bench,palms-down-dumbbell-wrist-curl-over-a-bench,,,,UNMATCHED,0.00,Forearms,,Dumbbell,,,,UNMATCHED,no deterministic Supabase slug/name/alias/media match
1190,Seated One-Arm Dumbbell Palms-Down Wrist Curl,seated-single-arm-dumbbell-palms-down-wrist-curl,,,,UNMATCHED,0.00,Forearms,,Dumbbell,,,,UNMATCHED,no deterministic Supabase slug/name/alias/media match
1191,Seated Dumbbell Palms-Up Wrist Curl,seated-dumbbell-palms-up-wrist-curl,,,,UNMATCHED,0.00,Forearms,,Dumbbell,,,,UNMATCHED,no deterministic Supabase slug/name/alias/media match
1192,Partner farmer's walk,partner-farmer-s-walk,,,,UNMATCHED,0.00,Forearms,,Dumbbell,,,,UNMATCHED,no deterministic Supabase slug/name/alias/media match
1193,Dumbbell suitcase carry,dumbbell-suitcase-carry,,,,UNMATCHED,0.00,Forearms,,Dumbbell,,,,UNMATCHED,no deterministic Supabase slug/name/alias/media match
1194,Suitcase Dumbbell Carry,suitcase-dumbbell-carry,,,,UNMATCHED,0.00,Forearms,,Dumbbell,,,,UNMATCHED,no deterministic Supabase slug/name/alias/media match
1195,Side plank with dumbbell external rotation,side-plank-with-dumbbell-external-rotation,,,,UNMATCHED,0.00,Forearms,,Dumbbell,,,,UNMATCHED,no deterministic Supabase slug/name/alias/media match
1196,Rickshaw Carry,rickshaw-carry,,,,UNMATCHED,0.00,Forearms,,Other,,,,UNMATCHED,no deterministic Supabase slug/name/alias/media match
1197,Dumbbell farmer's walk,dumbbell-farmer-s-walk,,,,UNMATCHED,0.00,Forearms,,Other,,,,UNMATCHED,no deterministic Supabase slug/name/alias/media match
1198,Wrist Roller,wrist-roller,,,,UNMATCHED,0.00,Forearms,,Other,,,,UNMATCHED,no deterministic Supabase slug/name/alias/media match
1199,Standing Olympic Plate Hand Squeeze,standing-olympic-plate-hand-squeeze,,,,UNMATCHED,0.00,Forearms,,Other,,,,UNMATCHED,no deterministic Supabase slug/name/alias/media match
1200,Plate Pinch,plate-pinch,448,Plate Pinch,plate-pinch,EXACT_SLUG,1.00,Forearms,Full Arms,Other,Weight Plate,,video/Full Arms/videos/plate Pinch.mp4,CONFLICT,local derived slug equals Supabase slug; normalized local name equals normalized Supabase name; local alias equals Supabase name: plate pinch; local alias equals Supabase slug: plate pinch; incompatible  equipment
1201,Landmine Press and Catch,landmine-press-and-catch,,,,UNMATCHED,0.00,Forearms,,Other,,,,UNMATCHED,no deterministic Supabase slug/name/alias/media match
1202,Plate halo,plate-halo,,,,UNMATCHED,0.00,Forearms,,Other,,,,UNMATCHED,no deterministic Supabase slug/name/alias/media match
1203,Bryant Wrist Curl,bryant-wrist-curl,417,Barbell Wrist Curl,barbell-wrist-curl,REVIEW,0.50,Forearms,Full Arms,Other,Barbell,,video/Full Arms/Biceps and Forearm/gif-male/Barbell wrist curl male.gif,CONFLICT,candidate similarity score 0.50; incompatible  equipment
1204,Seated Two-Arm Palms-Up Low-Pulley Wrist Curl,seated-two-arm-palms-up-low-pulley-wrist-curl,,,,UNMATCHED,0.00,Forearms,,Cable,,,,UNMATCHED,no deterministic Supabase slug/name/alias/media match
1205,Cable Wrist Curl,cable-wrist-curl,489,Cable Curl,cable-curl,HIGH_CONFIDENCE,0.67,Forearms,Full Arms,Cable,Cable,,video/Full Arms/Biceps and Forearm/gif-male/Cable curl male.gif,HIGH_CONFIDENCE,context-constrained similarity score 0.67
1206,Single-arm cable push-down,single-arm-cable-push-down,137,Single-Arm Cable Pulldown,single-arm-cable-pulldown,REVIEW,0.50,Forearms,BACK and TRAPEZIUS,Cable,Cable,,video/BACK and TRAPEZIUS/gif-male/Single-arm cable pulldown bunch male.gif,CONFLICT,candidate similarity score 0.50; incompatible category
1207,Wrist Circles,wrist-circles,,,,UNMATCHED,0.00,Forearms,,Body Only,,,,UNMATCHED,no deterministic Supabase slug/name/alias/media match
1208,Kneeling Forearm Stretch,kneeling-forearm-stretch,,,,UNMATCHED,0.00,Forearms,,None,,,,UNMATCHED,no deterministic Supabase slug/name/alias/media match
1209,Hip Extension with Bands,hip-extension-with-bands,,,,UNMATCHED,0.00,Glutes,,Bands,,,,UNMATCHED,no deterministic Supabase slug/name/alias/media match
1210,Hip Lift with Band,hip-lift-with-band,,,,UNMATCHED,0.00,Glutes,,Bands,,,,UNMATCHED,no deterministic Supabase slug/name/alias/media match
1211,HM Monster Walk,hm-monster-walk,,,,UNMATCHED,0.00,Glutes,,Bands,,,,UNMATCHED,no deterministic Supabase slug/name/alias/media match
1212,UNS Banded Glute Bridge,uns-banded-glute-bridge,,,,UNMATCHED,0.00,Glutes,,Bands,,,,UNMATCHED,no deterministic Supabase slug/name/alias/media match
1213,FYR2 Banded Glute Bridge,banded-glute-bridge,,,,UNMATCHED,0.00,Glutes,,Bands,,,,UNMATCHED,no deterministic Supabase slug/name/alias/media match
1214,Piriformis SMR,piriformis-smr,,,,UNMATCHED,0.00,Glutes,,Foam Roll,,,,UNMATCHED,no deterministic Supabase slug/name/alias/media match
1215,Barbell glute bridge,barbell-glute-bridge,,,,UNMATCHED,0.00,Glutes,,Barbell,,,,UNMATCHED,no deterministic Supabase slug/name/alias/media match
1216,Barbell Hip Thrust,barbell-hip-thrust,588,Barbell Hip Thrust,barbell-hip-thrust,EXACT_SLUG,1.00,Glutes,full legs,Barbell,Barbell,,video/full legs/videos/Barbell Hip Thrust.mp4,VERIFIED,local derived slug equals Supabase slug; normalized local name equals normalized Supabase name; local alias equals Supabase name: barbell hip thrust; local alias equals Supabase slug: barbell hip thrust
1217,Kneeling Squat,kneeling-squat,,,,UNMATCHED,0.00,Glutes,,Barbell,,,,UNMATCHED,no deterministic Supabase slug/name/alias/media match
1218,Kneeling Jump Squat,kneeling-jump-squat,,,,UNMATCHED,0.00,Glutes,,Barbell,,,,UNMATCHED,no deterministic Supabase slug/name/alias/media match
1219,UN Rear Foot Elevated Split Squat,un-rear-foot-elevated-split-squat,,,,UNMATCHED,0.00,Glutes,,Barbell,,,,UNMATCHED,no deterministic Supabase slug/name/alias/media match
1220,Kettlebell thruster,kettlebell-thruster,,,,UNMATCHED,0.00,Glutes,,Kettlebells,,,,UNMATCHED,no deterministic Supabase slug/name/alias/media match
1221,Taylor Kettlebell Swing,taylor-kettlebell-swing,,,,UNMATCHED,0.00,Glutes,,Kettlebells,,,,UNMATCHED,no deterministic Supabase slug/name/alias/media match
1222,UN Goblet Squat,un-goblet-squat,558,Goblet Squat Quads,goblet-squat-quads,REVIEW,0.50,Glutes,full legs,Kettlebells,Bodyweight,,video/full legs/videos/Goblet Squat QUADS.mp4,CONFLICT,candidate similarity score 0.50; incompatible  equipment
1223,Single-arm triceps kick-back,single-arm-triceps-kick-back,402,Dumbbell Triceps Kickback,dumbbell-triceps-kickback,REVIEW,0.50,Glutes,Full Arms,Dumbbell,Dumbbell,,video/Full Arms/TRICEPS/gif-female/Dumbbell tricep kickback femme.gif,CONFLICT,candidate similarity score 0.50; multiple equal-confidence Supabase candidates
1224,Holman Lateral High Knees to Quad Touch Jump,holman-lateral-high-knees-to-quad-touch-jump,,,,UNMATCHED,0.00,Glutes,,Dumbbell,,,,UNMATCHED,no deterministic Supabase slug/name/alias/media match
1225,FYR2 Dumbbell Hip Thrust,dumbbell-hip-thrust,604,Hip Thrust,hip-thrust,REVIEW,0.67,Glutes,full legs,Dumbbell,Barbell,,video/full legs/gif-female/Hip thrust femme.gif,CONFLICT,candidate similarity score 0.67; incompatible  equipment
1226,FYR2 Glute Bridge Dumbbell Floor Press,glute-bridge-dumbbell-floor-press,,,,UNMATCHED,0.00,Glutes,,Dumbbell,,,,UNMATCHED,no deterministic Supabase slug/name/alias/media match
1227,Suspended Hip Thrust,suspended-hip-thrust,604,Hip Thrust,hip-thrust,REVIEW,0.67,Glutes,full legs,Other,Barbell,,video/full legs/gif-female/Hip thrust femme.gif,CONFLICT,candidate similarity score 0.67; incompatible  equipment
1228,Single-leg cable hip extension,single-leg-cable-hip-extension,595,Standing Cable Hip Extension,standing-cable-hip-extension,REVIEW,0.50,Glutes,full legs,Cable,Body Only,,video/full legs/gif-male/Standing cable hip extension male.gif,CONFLICT,candidate similarity score 0.50; incompatible  equipment
1229,Pull Through,pull-through,,,,UNMATCHED,0.00,Glutes,,Cable,,,,UNMATCHED,no deterministic Supabase slug/name/alias/media match
1230,Cable rope pull-through deadlift,cable-rope-pull-through-deadlift,,,,UNMATCHED,0.00,Glutes,,Cable,,,,UNMATCHED,no deterministic Supabase slug/name/alias/media match
1231,UNS Cable Pull-Through,uns-cable-pull-through,,,,UNMATCHED,0.00,Glutes,,Cable,,,,UNMATCHED,no deterministic Supabase slug/name/alias/media match
1232,30 Legs Glute-Ham Raise,glute-ham-raise,,,,UNMATCHED,0.00,Glutes,,Machine,,,,UNMATCHED,no deterministic Supabase slug/name/alias/media match
1233,Glute bridge,glute-bridge,,,,UNMATCHED,0.00,Glutes,,Body Only,,,,UNMATCHED,no deterministic Supabase slug/name/alias/media match
1234,Single-leg glute bridge,single-leg-glute-bridge,,,,UNMATCHED,0.00,Glutes,,Body Only,,,,UNMATCHED,no deterministic Supabase slug/name/alias/media match
1235,Step-up with knee raise,step-up-with-knee-raise,,,,UNMATCHED,0.00,Glutes,,Body Only,,,,UNMATCHED,no deterministic Supabase slug/name/alias/media match
1236,Glute Kickback,glute-kick-back,,,,UNMATCHED,0.00,Glutes,,Body Only,,,,UNMATCHED,no deterministic Supabase slug/name/alias/media match
1237,Standing hip extension,standing-hip-extension,574,Standing Hip Extension,standing-hip-extension,EXACT_SLUG,1.00,Glutes,full legs,Body Only,Body Only,,video/full legs/gif-female/Standing Hip Extension femme.gif,CONFLICT,local derived slug equals Supabase slug; normalized local name equals normalized Supabase name; local alias equals Supabase name: standing hip extension; local alias equals Supabase slug: standing hip extension; incompatible category
1238,Lying glute stretch,lying-glute-stretch,,,,UNMATCHED,0.00,Glutes,,Body Only,,,,UNMATCHED,no deterministic Supabase slug/name/alias/media match
1239,Knee Across The Body,knee-across-the-body,,,,UNMATCHED,0.00,Glutes,,Body Only,,,,UNMATCHED,no deterministic Supabase slug/name/alias/media match
1240,Seated Glute,seated-glute,,,,UNMATCHED,0.00,Glutes,,Body Only,,,,UNMATCHED,no deterministic Supabase slug/name/alias/media match
1241,Lying Glute,lying-glute,,,,UNMATCHED,0.00,Glutes,,Body Only,,,,UNMATCHED,no deterministic Supabase slug/name/alias/media match
1242,One Knee To Chest,one-knee-to-chest,,,,UNMATCHED,0.00,Glutes,,Body Only,,,,UNMATCHED,no deterministic Supabase slug/name/alias/media match
1243,Seated Glute Stretch,seated-glute-stretch,,,,UNMATCHED,0.00,Glutes,,Body Only,,,,UNMATCHED,no deterministic Supabase slug/name/alias/media match
1244,Neck Bridge Supine,neck-bridge-supine,,,,UNMATCHED,0.00,Glutes,,Body Only,,,,UNMATCHED,no deterministic Supabase slug/name/alias/media match
1245,Walking High Knee,walking-high-knee,,,,UNMATCHED,0.00,Glutes,,Body Only,,,,UNMATCHED,no deterministic Supabase slug/name/alias/media match
1246,Walking Butt Kicks,walking-butt-kicks,,,,UNMATCHED,0.00,Glutes,,Body Only,,,,UNMATCHED,no deterministic Supabase slug/name/alias/media match
1247,Walking Glute Stretch,walking-glute-stretch,,,,UNMATCHED,0.00,Glutes,,Body Only,,,,UNMATCHED,no deterministic Supabase slug/name/alias/media match
1248,Lunge kick,lunge-kick,,,,UNMATCHED,0.00,Glutes,,Body Only,,,,UNMATCHED,no deterministic Supabase slug/name/alias/media match
1249,Curtsy lunge,curtsy-lunge,,,,UNMATCHED,0.00,Glutes,,Body Only,,,,UNMATCHED,no deterministic Supabase slug/name/alias/media match
1250,Alternating standing glute stretch,alternating-standing-glute-stretch,,,,UNMATCHED,0.00,Glutes,,Body Only,,,,UNMATCHED,no deterministic Supabase slug/name/alias/media match
1251,Side-lying leg lift,side-lying-leg-lift,55,Weighted Side Leg Lift,weighted-side-leg-lift,REVIEW,0.60,Glutes,ABS,Body Only,Bodyweight,,video/ABS/videos/Weighted Leg Lift side(Dumbbell Between Feet).mp4,CONFLICT,candidate similarity score 0.60; incompatible category
1252,FYR Progressive High Knee,progressive-high-knee,,,,UNMATCHED,0.00,Glutes,,Body Only,,,,UNMATCHED,no deterministic Supabase slug/name/alias/media match
1253,Glute-Ham Raise - Gethin Variation,glute-ham-raise,,,,UNMATCHED,0.00,Glutes,,Body Only,,,,UNMATCHED,no deterministic Supabase slug/name/alias/media match
1254,Lunge glute stretch,lunge-glute-stretch,,,,UNMATCHED,0.00,Glutes,,Body Only,,,,UNMATCHED,no deterministic Supabase slug/name/alias/media match
1255,Natural Glute Ham Raise - Gethin Variation,natural-glute-ham-raise,,,,UNMATCHED,0.00,Glutes,,Body Only,,,,UNMATCHED,no deterministic Supabase slug/name/alias/media match
1256,Groiner,groiner,,,,UNMATCHED,0.00,Glutes,,Body Only,,,,UNMATCHED,no deterministic Supabase slug/name/alias/media match
1257,HM Alternating Donkey Kick,hm-alternating-donkey-kick,,,,UNMATCHED,0.00,Glutes,,Body Only,,,,UNMATCHED,no deterministic Supabase slug/name/alias/media match
1258,HM Alternating Slow Step-Down With Chair,hm-alternating-slow-step-down-with-chair,,,,UNMATCHED,0.00,Glutes,,Body Only,,,,UNMATCHED,no deterministic Supabase slug/name/alias/media match
1259,HM Right Side Iron Cross,hm-right-side-iron-cross,,,,UNMATCHED,0.00,Glutes,,Body Only,,,,UNMATCHED,no deterministic Supabase slug/name/alias/media match
1260,HM Single-Leg Bridge,hm-single-leg-bridge,,,,UNMATCHED,0.00,Glutes,,Body Only,,,,UNMATCHED,no deterministic Supabase slug/name/alias/media match
1261,HM Hi-Low,hm-hi-low,,,,UNMATCHED,0.00,Glutes,,Body Only,,,,UNMATCHED,no deterministic Supabase slug/name/alias/media match
1262,HM Kick-Back,hm-kick-back,,,,UNMATCHED,0.00,Glutes,,Body Only,,,,UNMATCHED,no deterministic Supabase slug/name/alias/media match
1263,HM Left Side Iron Cross,hm-left-side-iron-cross,,,,UNMATCHED,0.00,Glutes,,Body Only,,,,UNMATCHED,no deterministic Supabase slug/name/alias/media match
1264,HM Left Side-Kick,hm-left-side-kick,,,,UNMATCHED,0.00,Glutes,,Body Only,,,,UNMATCHED,no deterministic Supabase slug/name/alias/media match
1265,HM Leg Lifts,hm-leg-lifts,12,Alternating Leg Lifts,alternating-leg-lifts,REVIEW,0.50,Glutes,ABS,Body Only,Bodyweight,,video/ABS/gif-female/Alternating leg lifts abs femme.gif,CONFLICT,candidate similarity score 0.50; incompatible category
1266,Walking lunge,walking-lunge,532,Walking Lunge,walking-lunge,EXACT_SLUG,1.00,Glutes,full legs,Body Only,Body Only,WALKING LUNGE.mp4,video/full legs/videos/WALKING LUNGE.mp4,VERIFIED,local derived slug equals Supabase slug; normalized local name equals normalized Supabase name; local alias equals Supabase name: walking lunge; local alias equals Supabase slug: walking lunge; local linked video filename equals Supabase media filename: WALKING LUNGE.mp4
1267,High Plyometric Box Jump,high-plyometric-box-jump,,,,UNMATCHED,0.00,Glutes,,Body Only,,,,UNMATCHED,no deterministic Supabase slug/name/alias/media match
1268,Barbell hip thrust-,barbell-hip-thrust,588,Barbell Hip Thrust,barbell-hip-thrust,EXACT_SLUG,1.00,Glutes,full legs,Body Only,Barbell,,video/full legs/videos/Barbell Hip Thrust.mp4,CONFLICT,local derived slug equals Supabase slug; normalized local name equals normalized Supabase name; incompatible  equipment
1269,UN Glute Bridge,un-glute-bridge,,,,UNMATCHED,0.00,Glutes,,Body Only,,,,UNMATCHED,no deterministic Supabase slug/name/alias/media match
1270,Holman Donkey Kick,holman-donkey-kick,,,,UNMATCHED,0.00,Glutes,,Body Only,,,,UNMATCHED,no deterministic Supabase slug/name/alias/media match
1271,Holman Hip Raise with Alternating Kick,holman-hip-raise-with-alternating-kick,,,,UNMATCHED,0.00,Glutes,,Body Only,,,,UNMATCHED,no deterministic Supabase slug/name/alias/media match
1272,Holman Left Leg Donkey Kick,holman-left-leg-donkey-kick,,,,UNMATCHED,0.00,Glutes,,Body Only,,,,UNMATCHED,no deterministic Supabase slug/name/alias/media match
1273,Holman Diagonal Right Leg Step-Out to Right Knee-Up,holman-diagonal-right-leg-step-out-to-right-knee-up,,,,UNMATCHED,0.00,Glutes,,Body Only,,,,UNMATCHED,no deterministic Supabase slug/name/alias/media match
1274,Holman Right Leg Donkey Kick,holman-right-leg-donkey-kick,,,,UNMATCHED,0.00,Glutes,,Body Only,,,,UNMATCHED,no deterministic Supabase slug/name/alias/media match
1275,Holman Butt Tap to Jump,holman-butt-tap-to-jump,,,,UNMATCHED,0.00,Glutes,,Body Only,,,,UNMATCHED,no deterministic Supabase slug/name/alias/media match
1276,Holman Butt Tap to Jump-Forward-Jump-Back,holman-butt-tap-to-jump-forward-jump-back,,,,UNMATCHED,0.00,Glutes,,Body Only,,,,UNMATCHED,no deterministic Supabase slug/name/alias/media match
1277,Holman Traveling High Knees to Squat Thrust,holman-traveling-high-knees-to-squat-thrust,,,,UNMATCHED,0.00,Glutes,,Body Only,,,,UNMATCHED,no deterministic Supabase slug/name/alias/media match
1278,Holman Butt Kicker to High Knees,holman-butt-kicker-to-high-knees,,,,UNMATCHED,0.00,Glutes,,Body Only,,,,UNMATCHED,no deterministic Supabase slug/name/alias/media match
1279,Holman Daisy Cutter,holman-daisy-cutter,,,,UNMATCHED,0.00,Glutes,,Body Only,,,,UNMATCHED,no deterministic Supabase slug/name/alias/media match
1280,Holman Frogger,holman-frogger,,,,UNMATCHED,0.00,Glutes,,Body Only,,,,UNMATCHED,no deterministic Supabase slug/name/alias/media match
1281,Holman Hip Raise with Chest Press,holman-hip-raise-with-chest-press,,,,UNMATCHED,0.00,Glutes,,Body Only,,,,UNMATCHED,no deterministic Supabase slug/name/alias/media match
1282,Total Fitness Bear Crawl,total-fitness-bear-crawl,,,,UNMATCHED,0.00,Glutes,,Body Only,,,,UNMATCHED,no deterministic Supabase slug/name/alias/media match
1283,Pigeon stretch,pigeon-stretch,,,,UNMATCHED,0.00,Glutes,,Body Only,,,,UNMATCHED,no deterministic Supabase slug/name/alias/media match
1284,Levitating side kick-through,levitating-side-kick-through,,,,UNMATCHED,0.00,Glutes,,Body Only,,,,UNMATCHED,no deterministic Supabase slug/name/alias/media match
1285,30 Legs Hip Thrust,hip-thrust,604,Hip Thrust,hip-thrust,EXACT_SLUG,1.00,Glutes,full legs,Body Only,Barbell,Barbell Hip Thrust.mp4,video/full legs/gif-female/Hip thrust femme.gif,CONFLICT,local derived slug equals Supabase slug; normalized local name equals normalized Supabase name; local alias equals Supabase name: hip thrust; local alias equals Supabase slug: hip thrust; incompatible  equipment
1286,Dumbbell single-leg hip thrust,dumbbell-single-leg-hip-thrust,580,Single Leg Hip Thrust Muscles,single-leg-hip-thrust-muscles,HIGH_CONFIDENCE,0.67,Glutes,full legs,Body Only,Bodyweight,,video/full legs/gif-female/single-leg-hip-thrust-muscles femme.gif,HIGH_CONFIDENCE,context-constrained similarity score 0.67
1287,Medicine ball duck walk,medicine-ball-duck-walk,,,,UNMATCHED,0.00,Glutes,,Medicine Ball,,,,UNMATCHED,no deterministic Supabase slug/name/alias/media match
1288,Exercise ball hip thrust,exercise-ball-hip-thrust,604,Hip Thrust,hip-thrust,REVIEW,0.50,Glutes,full legs,Exercise Ball,Barbell,,video/full legs/gif-female/Hip thrust femme.gif,CONFLICT,candidate similarity score 0.50; incompatible  equipment
1289,Downward Facing Balance,downward-facing-balance,,,,UNMATCHED,0.00,Glutes,,Exercise Ball,,,,UNMATCHED,no deterministic Supabase slug/name/alias/media match
1290,Band Good Morning (Pull Through),band-good-morning-pull-through,,,,UNMATCHED,0.00,Hamstrings,,Bands,,,,UNMATCHED,no deterministic Supabase slug/name/alias/media match
1291,Standing Hamstring and Calf Stretch,standing-hamstring-and-calf-stretch,,,,UNMATCHED,0.00,Hamstrings,,Bands,,,,UNMATCHED,no deterministic Supabase slug/name/alias/media match
1292,Hamstring-SMR,hamstring-smr,,,,UNMATCHED,0.00,Hamstrings,,Foam Roll,,,,UNMATCHED,no deterministic Supabase slug/name/alias/media match
1293,Barbell Deadlift,barbell-deadlift,592,Barbell Deadlift,barbell-deadlift,EXACT_SLUG,1.00,Hamstrings,full legs,Barbell,Barbell,Deadlift .mp4,video/full legs/gif-male/barbell deadlift male.gif,VERIFIED,local derived slug equals Supabase slug; normalized local name equals normalized Supabase name; local alias equals Supabase name: barbell deadlift; local alias equals Supabase slug: barbell deadlift
1294,Clean Deadlift,clean-deadlift,175,Deadlift,deadlift,REVIEW,0.50,Hamstrings,BACK and TRAPEZIUS,Barbell,Barbell,,video/BACK and TRAPEZIUS/videos/Deadlift .mp4,REVIEW,candidate similarity score 0.50
1295,Sumo deadlift,sumo-deadlift,175,Deadlift,deadlift,REVIEW,0.50,Hamstrings,BACK and TRAPEZIUS,Barbell,Barbell,,video/BACK and TRAPEZIUS/videos/Deadlift .mp4,REVIEW,candidate similarity score 0.50
1296,Romanian Deadlift from Deficit,romanian-deadlift-from-deficit,582,Romanian Deadlift,romanian-deadlift,REVIEW,0.50,Hamstrings,full legs,Barbell,Barbell,,video/full legs/videos/romanian deadlift.mp4,REVIEW,candidate similarity score 0.50
1297,Power Snatch,power-snatch,,,,UNMATCHED,0.00,Hamstrings,,Barbell,,,,UNMATCHED,no deterministic Supabase slug/name/alias/media match
1298,Power Clean from Blocks,power-clean-from-blocks,,,,UNMATCHED,0.00,Hamstrings,,Barbell,,,,UNMATCHED,no deterministic Supabase slug/name/alias/media match
1299,Snatch Deadlift,snatch-deadlift,175,Deadlift,deadlift,REVIEW,0.50,Hamstrings,BACK and TRAPEZIUS,Barbell,Barbell,,video/BACK and TRAPEZIUS/videos/Deadlift .mp4,REVIEW,candidate similarity score 0.50
1300,Power clean,power-clean,,,,UNMATCHED,0.00,Hamstrings,,Barbell,,,,UNMATCHED,no deterministic Supabase slug/name/alias/media match
1301,Hang Snatch,hang-snatch,,,,UNMATCHED,0.00,Hamstrings,,Barbell,,,,UNMATCHED,no deterministic Supabase slug/name/alias/media match
1302,Wide Stance Stiff Legs,wide-stance-stiff-legs,,,,UNMATCHED,0.00,Hamstrings,,Barbell,,,,UNMATCHED,no deterministic Supabase slug/name/alias/media match
1303,Clean,clean,,,,UNMATCHED,0.00,Hamstrings,,Barbell,,,,UNMATCHED,no deterministic Supabase slug/name/alias/media match
1304,Good Morning,good-morning,,,,UNMATCHED,0.00,Hamstrings,,Barbell,,,,UNMATCHED,no deterministic Supabase slug/name/alias/media match
1305,Barbell stiff-legged deadlift,barbell-stiff-legged-deadlift,596,Barbell Stiff Leg Deadlift,barbell-stiff-leg-deadlift,HIGH_CONFIDENCE,0.60,Hamstrings,full legs,Barbell,Barbell,,video/full legs/gif-male/Barbell stiff-leg deadlift male.gif,CONFLICT,context-constrained similarity score 0.60; multiple equal-confidence Supabase candidates
1306,Romanian Deadlift,romanian-deadlift,582,Romanian Deadlift,romanian-deadlift,EXACT_SLUG,1.00,Hamstrings,full legs,Barbell,Barbell,,video/full legs/videos/romanian deadlift.mp4,VERIFIED,local derived slug equals Supabase slug; normalized local name equals normalized Supabase name; local alias equals Supabase name: romanian deadlift; local alias equals Supabase slug: romanian deadlift
1307,Sumo Deadlift with Chains,sumo-deadlift-with-chains,,,,UNMATCHED,0.00,Hamstrings,,Barbell,,,,UNMATCHED,no deterministic Supabase slug/name/alias/media match
1308,Sumo Deadlift with Bands,sumo-deadlift-with-bands,,,,UNMATCHED,0.00,Hamstrings,,Barbell,,,,UNMATCHED,no deterministic Supabase slug/name/alias/media match
1309,Good Morning off Pins,good-morning-off-pins,,,,UNMATCHED,0.00,Hamstrings,,Barbell,,,,UNMATCHED,no deterministic Supabase slug/name/alias/media match
1310,Stiff-Legged Deadlift,stiff-legged-deadlift,602,Dumbbell Stiff Legged Deadlift,dumbbell-stiff-legged-deadlift,REVIEW,0.74,Hamstrings,full legs,Barbell,Dumbbell,,video/full legs/gif-male/Dumbbell Stiff-Legged Deadlift male.gif,CONFLICT,candidate similarity score 0.75; incompatible  equipment
1311,Snatch Pull,snatch-pull,,,,UNMATCHED,0.00,Hamstrings,,Barbell,,,,UNMATCHED,no deterministic Supabase slug/name/alias/media match
1312,Hanging Bar Good Morning,hanging-bar-good-morning,,,,UNMATCHED,0.00,Hamstrings,,Barbell,,,,UNMATCHED,no deterministic Supabase slug/name/alias/media match
1313,Reverse Band Sumo Deadlift,reverse-band-sumo-deadlift,,,,UNMATCHED,0.00,Hamstrings,,Barbell,,,,UNMATCHED,no deterministic Supabase slug/name/alias/media match
1314,Muscle Snatch,muscle-snatch,,,,UNMATCHED,0.00,Hamstrings,,Barbell,,,,UNMATCHED,no deterministic Supabase slug/name/alias/media match
1315,Split Snatch,split-snatch,,,,UNMATCHED,0.00,Hamstrings,,Barbell,,,,UNMATCHED,no deterministic Supabase slug/name/alias/media match
1316,Hang Snatch - Below Knees,hang-snatch-below-knees,,,,UNMATCHED,0.00,Hamstrings,,Barbell,,,,UNMATCHED,no deterministic Supabase slug/name/alias/media match
1317,30 Legs Sumo Deadlift,sumo-deadlift,175,Deadlift,deadlift,REVIEW,0.50,Hamstrings,BACK and TRAPEZIUS,Barbell,Barbell,,video/BACK and TRAPEZIUS/videos/Deadlift .mp4,REVIEW,candidate similarity score 0.50
1318,Kettlebell pass-through lunge,kettlebell-pass-through-lunge,,,,UNMATCHED,0.00,Hamstrings,,Kettlebells,,,,UNMATCHED,no deterministic Supabase slug/name/alias/media match
1319,Kettlebell One-Legged Deadlift,kettlebell-one-legged-deadlift,,,,UNMATCHED,0.00,Hamstrings,,Kettlebells,,,,UNMATCHED,no deterministic Supabase slug/name/alias/media match
1320,Single-arm kettlebell clean,single-arm-kettlebell-clean,,,,UNMATCHED,0.00,Hamstrings,,Kettlebells,,,,UNMATCHED,no deterministic Supabase slug/name/alias/media match
1321,Single-leg kettlebell deadlift,single-leg-kettlebell-deadlift,,,,UNMATCHED,0.00,Hamstrings,,Kettlebells,,,,UNMATCHED,no deterministic Supabase slug/name/alias/media match
1322,Romanian Deadlift with Kettlebell,romanian-deadlift-with-kettlebell,582,Romanian Deadlift,romanian-deadlift,REVIEW,0.50,Hamstrings,full legs,Kettlebells,Barbell,,video/full legs/videos/romanian deadlift.mp4,CONFLICT,candidate similarity score 0.50; incompatible  equipment
1323,Single-arm kettlebell swing,single-arm-kettlebell-swing,,,,UNMATCHED,0.00,Hamstrings,,Kettlebells,,,,UNMATCHED,no deterministic Supabase slug/name/alias/media match
1324,Kettlebell Dead Clean,kettlebell-dead-clean,,,,UNMATCHED,0.00,Hamstrings,,Kettlebells,,,,UNMATCHED,no deterministic Supabase slug/name/alias/media match
1325,Alternating Hang Clean,alternating-hang-clean,,,,UNMATCHED,0.00,Hamstrings,,Kettlebells,,,,UNMATCHED,no deterministic Supabase slug/name/alias/media match
1326,One-Arm Open Palm Kettlebell Clean,single-arm-open-palm-kettlebell-clean,,,,UNMATCHED,0.00,Hamstrings,,Kettlebells,,,,UNMATCHED,no deterministic Supabase slug/name/alias/media match
1327,Open Palm Kettlebell Clean,open-palm-kettlebell-clean,,,,UNMATCHED,0.00,Hamstrings,,Kettlebells,,,,UNMATCHED,no deterministic Supabase slug/name/alias/media match
1328,Kettlebell Hang Clean,kettlebell-hang-clean,,,,UNMATCHED,0.00,Hamstrings,,Kettlebells,,,,UNMATCHED,no deterministic Supabase slug/name/alias/media match
1329,Double Kettlebell Alternating Hang Clean,double-kettlebell-alternating-hang-clean,,,,UNMATCHED,0.00,Hamstrings,,Kettlebells,,,,UNMATCHED,no deterministic Supabase slug/name/alias/media match
1330,Romanian Deadlift With Dumbbells,romanian-deadlift-with-dumbbells,582,Romanian Deadlift,romanian-deadlift,REVIEW,0.50,Hamstrings,full legs,Dumbbell,Barbell,,video/full legs/videos/romanian deadlift.mp4,CONFLICT,candidate similarity score 0.50; incompatible  equipment
1331,Stiff-Legged Dumbbell Deadlift,stiff-legged-dumbbell-deadlift,602,Dumbbell Stiff Legged Deadlift,dumbbell-stiff-legged-deadlift,HIGH_CONFIDENCE,0.92,Hamstrings,full legs,Dumbbell,Dumbbell,,video/full legs/gif-male/Dumbbell Stiff-Legged Deadlift male.gif,HIGH_CONFIDENCE,context-constrained similarity score 1.00
1332,Vertical Swing,vertical-swing,,,,UNMATCHED,0.00,Hamstrings,,Dumbbell,,,,UNMATCHED,no deterministic Supabase slug/name/alias/media match
1333,Dumbbell Fix Dumbbell Swing,dumbbell-fix-dumbbell-swing,,,,UNMATCHED,0.00,Hamstrings,,Dumbbell,,,,UNMATCHED,no deterministic Supabase slug/name/alias/media match
1334,Dumbbell Lying Hamstring Curl,dumbbell-lying-hamstring-curl,500,Hamstring Curl,hamstring-curl,REVIEW,0.50,Hamstrings,full legs,Dumbbell,Machine,,video/full legs/gif-female/hamstring curl femme.gif,CONFLICT,candidate similarity score 0.50; incompatible  equipment
1335,30 Legs Dumbbell Stiff-Legged Deadlift,dumbbell-stiff-legged-deadlift,602,Dumbbell Stiff Legged Deadlift,dumbbell-stiff-legged-deadlift,EXACT_SLUG,1.00,Hamstrings,full legs,Dumbbell,Dumbbell,,video/full legs/gif-male/Dumbbell Stiff-Legged Deadlift male.gif,VERIFIED,local derived slug equals Supabase slug; normalized local name equals normalized Supabase name; local alias equals Supabase name: dumbbell stiff legged deadlift; local alias equals Supabase slug: dumbbell stiff legged deadlift
1336,Box jump,box-jump,,,,UNMATCHED,0.00,Hamstrings,,Other,,,,UNMATCHED,no deterministic Supabase slug/name/alias/media match
1337,Box Jump (Multiple Response),box-jump-multiple-response,,,,UNMATCHED,0.00,Hamstrings,,Other,,,,UNMATCHED,no deterministic Supabase slug/name/alias/media match
1338,Sled push-,sled-push,,,,UNMATCHED,0.00,Hamstrings,,Other,,,,UNMATCHED,no deterministic Supabase slug/name/alias/media match
1339,Lying Hamstring,lying-hamstring,,,,UNMATCHED,0.00,Hamstrings,,Other,,,,UNMATCHED,no deterministic Supabase slug/name/alias/media match
1340,Chair Leg Extended Stretch,chair-leg-extended-stretch,,,,UNMATCHED,0.00,Hamstrings,,Other,,,,UNMATCHED,no deterministic Supabase slug/name/alias/media match
1341,Suspended Leg Curl,suspended-leg-curl,,,,UNMATCHED,0.00,Hamstrings,,Other,,,,UNMATCHED,no deterministic Supabase slug/name/alias/media match
1342,Box Skip,box-skip,,,,UNMATCHED,0.00,Hamstrings,,Other,,,,UNMATCHED,no deterministic Supabase slug/name/alias/media match
1343,Power Stairs,power-stairs,,,,UNMATCHED,0.00,Hamstrings,,Other,,,,UNMATCHED,no deterministic Supabase slug/name/alias/media match
1344,Seated Hamstring and Calf Stretch,seated-hamstring-and-calf-stretch,,,,UNMATCHED,0.00,Hamstrings,,Other,,,,UNMATCHED,no deterministic Supabase slug/name/alias/media match
1345,Hamstring slide,hamstring-slide,,,,UNMATCHED,0.00,Hamstrings,,Other,,,,UNMATCHED,no deterministic Supabase slug/name/alias/media match
1346,Seated Band Hamstring Curl,seated-band-hamstring-curl,500,Hamstring Curl,hamstring-curl,REVIEW,0.50,Hamstrings,full legs,Other,Machine,,video/full legs/gif-female/hamstring curl femme.gif,CONFLICT,candidate similarity score 0.50; incompatible  equipment
1347,Lying cable leg curl,lying-cable-leg-curl,548,Lying Leg Curl Machine,lying-leg-curl-machine,REVIEW,0.60,Hamstrings,full legs,Cable,Machine,,video/full legs/videos/Lying Leg Curl Machine.mp4,CONFLICT,candidate similarity score 0.60; incompatible  equipment
1348,Standing cable leg curl,standing-cable-leg-curl,489,Cable Curl,cable-curl,REVIEW,0.50,Hamstrings,Full Arms,Cable,Cable,,video/Full Arms/Biceps and Forearm/gif-male/Cable curl male.gif,CONFLICT,candidate similarity score 0.50; incompatible category
1349,Lying Leg Curls,lying-leg-curl,548,Lying Leg Curl Machine,lying-leg-curl-machine,ALIAS_MEDIA_MATCH,0.99,Hamstrings,full legs,Machine,Machine,Lying Leg Curl Machine.mp4,video/full legs/videos/Lying Leg Curl Machine.mp4,VERIFIED,local linked video filename equals Supabase media filename: Lying Leg Curl Machine.mp4
1350,Glute Ham Raise,glute-ham-raise,,,,UNMATCHED,0.00,Hamstrings,,Machine,,,,UNMATCHED,no deterministic Supabase slug/name/alias/media match
1351,Reverse Hyperextension,reverse-hyperextension,,,,UNMATCHED,0.00,Hamstrings,,Machine,,,,UNMATCHED,no deterministic Supabase slug/name/alias/media match
1352,Seated Leg Curl,seated-leg-curl,548,Lying Leg Curl Machine,lying-leg-curl-machine,ALIAS_MEDIA_MATCH,0.99,Hamstrings,full legs,Machine,Machine,Lying Leg Curl Machine.mp4,video/full legs/videos/Lying Leg Curl Machine.mp4,VERIFIED,local linked video filename equals Supabase media filename: Lying Leg Curl Machine.mp4
1353,Standing Leg Curl,standing-leg-curl,,,,UNMATCHED,0.00,Hamstrings,,Machine,,,,UNMATCHED,no deterministic Supabase slug/name/alias/media match
1354,Smith machine stiff-legged deadlift,smith-machine-stiff-legged-deadlift,585,Unilateral Smith Stiff Legged Deadlift,unilateral-smith-stiff-legged-deadlift,HIGH_CONFIDENCE,0.67,Hamstrings,full legs,Machine,Smith Machine,,video/full legs/gif-female/unilateral Smith stiff-legged deadlift femme.gif,HIGH_CONFIDENCE,context-constrained similarity score 0.67
1355,Lying Leg Curl - Gethin Variation,lying-leg-curl,548,Lying Leg Curl Machine,lying-leg-curl-machine,ALIAS_MEDIA_MATCH,0.99,Hamstrings,full legs,Machine,Machine,Lying Leg Curl Machine.mp4,video/full legs/videos/Lying Leg Curl Machine.mp4,VERIFIED,local linked video filename equals Supabase media filename: Lying Leg Curl Machine.mp4
1356,Paul Carter Leg Extension,paul-carter-leg-extension,,,,UNMATCHED,0.00,Hamstrings,,Machine,,,,UNMATCHED,no deterministic Supabase slug/name/alias/media match
1357,Lying leg curl,lying-leg-curl,548,Lying Leg Curl Machine,lying-leg-curl-machine,ALIAS_MEDIA_MATCH,0.99,Hamstrings,full legs,Machine,Machine,Lying Leg Curl Machine.mp4,video/full legs/videos/Lying Leg Curl Machine.mp4,VERIFIED,local linked video filename equals Supabase media filename: Lying Leg Curl Machine.mp4
1358,Seated Hamstring Curl - Gethin Variation,seated-hamstring-curl,500,Hamstring Curl,hamstring-curl,HIGH_CONFIDENCE,0.67,Hamstrings,full legs,Machine,Machine,,video/full legs/gif-female/hamstring curl femme.gif,HIGH_CONFIDENCE,context-constrained similarity score 0.67
1359,Single-leg lying leg curl,single-leg-lying-leg-curl,573,Lever Lying Single Leg Curl,lever-lying-single-leg-curl,HIGH_CONFIDENCE,0.80,Hamstrings,full legs,Machine,Machine,,video/full legs/gif-male/Lever Lying Single Leg Curl male.gif,HIGH_CONFIDENCE,context-constrained similarity score 0.80
1360,Leg curl,leg-curl,548,Lying Leg Curl Machine,lying-leg-curl-machine,REVIEW,0.50,Hamstrings,full legs,Machine,Machine,,video/full legs/videos/Lying Leg Curl Machine.mp4,CONFLICT,candidate similarity score 0.50; incompatible category
1361,Leg Extension - Gethin Variation,leg-extension,541,Leg Extension Toes Up,leg-extension-toes-up,ALIAS_MEDIA_MATCH,0.99,Hamstrings,full legs,Machine,Bodyweight,Leg Extension toes up.mp4,video/full legs/videos/Leg Extension toes up.mp4,CONFLICT,local linked video filename equals Supabase media filename: Leg Extension toes up.mp4; incompatible  equipment
1362,Single-leg leg extension-,single-leg-leg-extension,577,Leg Extension Machine,leg-extension-machine,REVIEW,0.50,Hamstrings,full legs,Machine,Machine,,video/full legs/gif-male/leg extension machine male.gif,REVIEW,candidate similarity score 0.50
1363,Lying Hamstring Curls - Gethin Variation,lying-hamstring-curl,500,Hamstring Curl,hamstring-curl,HIGH_CONFIDENCE,0.67,Hamstrings,full legs,Machine,Machine,,video/full legs/gif-female/hamstring curl femme.gif,HIGH_CONFIDENCE,context-constrained similarity score 0.67
1364,AM Seated Hamstring Curl,seated-hamstring-curl,500,Hamstring Curl,hamstring-curl,HIGH_CONFIDENCE,0.67,Hamstrings,full legs,Machine,Machine,,video/full legs/gif-female/hamstring curl femme.gif,HIGH_CONFIDENCE,context-constrained similarity score 0.67
1365,UP Hamstring Curl,up-hamstring-curl,500,Hamstring Curl,hamstring-curl,HIGH_CONFIDENCE,0.67,Hamstrings,full legs,Machine,Machine,,video/full legs/gif-female/hamstring curl femme.gif,HIGH_CONFIDENCE,context-constrained similarity score 0.67
1366,30 Legs Leg Extension,leg-extension,541,Leg Extension Toes Up,leg-extension-toes-up,ALIAS_MEDIA_MATCH,0.99,Hamstrings,full legs,Machine,Bodyweight,Leg Extension toes up.mp4,video/full legs/videos/Leg Extension toes up.mp4,CONFLICT,local linked video filename equals Supabase media filename: Leg Extension toes up.mp4; incompatible  equipment
1367,30 Legs Seated Leg Curl,seated-leg-curl,548,Lying Leg Curl Machine,lying-leg-curl-machine,ALIAS_MEDIA_MATCH,0.99,Hamstrings,full legs,Machine,Machine,Lying Leg Curl Machine.mp4,video/full legs/videos/Lying Leg Curl Machine.mp4,VERIFIED,local linked video filename equals Supabase media filename: Lying Leg Curl Machine.mp4
1368,Natural Glute Ham Raise,natural-glute-ham-raise,,,,UNMATCHED,0.00,Hamstrings,,Body Only,,,,UNMATCHED,no deterministic Supabase slug/name/alias/media match
1369,Standing leg swing,standing-leg-swing,,,,UNMATCHED,0.00,Hamstrings,,Body Only,,,,UNMATCHED,no deterministic Supabase slug/name/alias/media match
1370,Linear Acceleration Wall Drill,linear-acceleration-wall-drill,,,,UNMATCHED,0.00,Hamstrings,,Body Only,,,,UNMATCHED,no deterministic Supabase slug/name/alias/media match
1371,Knee Tuck Jump,knee-tuck-jump,,,,UNMATCHED,0.00,Hamstrings,,Body Only,,,,UNMATCHED,no deterministic Supabase slug/name/alias/media match
1372,Leg-Up Hamstring Stretch,leg-up-hamstring-stretch,,,,UNMATCHED,0.00,Hamstrings,,Body Only,,,,UNMATCHED,no deterministic Supabase slug/name/alias/media match
1373,Inchworm,inchworm,,,,UNMATCHED,0.00,Hamstrings,,Body Only,,,,UNMATCHED,no deterministic Supabase slug/name/alias/media match
1374,Moving Claw Series,moving-claw-series,,,,UNMATCHED,0.00,Hamstrings,,Body Only,,,,UNMATCHED,no deterministic Supabase slug/name/alias/media match
1375,Lying groin stretch with band,lying-groin-stretch-with-band,,,,UNMATCHED,0.00,Hamstrings,,Body Only,,,,UNMATCHED,no deterministic Supabase slug/name/alias/media match
1376,90/90 Hamstring,90-90-hamstring,,,,UNMATCHED,0.00,Hamstrings,,Body Only,,,,UNMATCHED,no deterministic Supabase slug/name/alias/media match
1377,World's greatest stretch,world-s-greatest-stretch,,,,UNMATCHED,0.00,Hamstrings,,Body Only,,,,UNMATCHED,no deterministic Supabase slug/name/alias/media match
1378,The Straddle,the-straddle,,,,UNMATCHED,0.00,Hamstrings,,Body Only,,,,UNMATCHED,no deterministic Supabase slug/name/alias/media match
1379,Prone Manual Hamstring,prone-manual-hamstring,,,,UNMATCHED,0.00,Hamstrings,,Body Only,,,,UNMATCHED,no deterministic Supabase slug/name/alias/media match
1380,Knee To Chest,knee-to-chest,,,,UNMATCHED,0.00,Hamstrings,,Body Only,,,,UNMATCHED,no deterministic Supabase slug/name/alias/media match
1381,Hurdle Hops,hurdle-hops,,,,UNMATCHED,0.00,Hamstrings,,Body Only,,,,UNMATCHED,no deterministic Supabase slug/name/alias/media match
1382,Hip Stretch With Twist,hip-stretch-with-twist,,,,UNMATCHED,0.00,Hamstrings,,Body Only,,,,UNMATCHED,no deterministic Supabase slug/name/alias/media match
1383,Linear 3-Part Start Technique,linear-3-part-start-technique,,,,UNMATCHED,0.00,Hamstrings,,Body Only,,,,UNMATCHED,no deterministic Supabase slug/name/alias/media match
1384,Alternating Leg Swing,alternating-leg-swing,11,Alternating Leg Abs,alternating-leg-abs,REVIEW,0.50,Hamstrings,ABS,Body Only,Bodyweight,,video/ABS/gif-female/alternating leg abs FEMME.gif,CONFLICT,candidate similarity score 0.50; incompatible category
1385,Single-leg balance and reach,single-leg-balance-and-reach,,,,UNMATCHED,0.00,Hamstrings,,Body Only,,,,UNMATCHED,no deterministic Supabase slug/name/alias/media match
1386,High Kick,high-kick,,,,UNMATCHED,0.00,Hamstrings,,Body Only,,,,UNMATCHED,no deterministic Supabase slug/name/alias/media match
1387,Boss Everline 10-Yard Sprints,boss-everline-10-yard-sprints,,,,UNMATCHED,0.00,Hamstrings,,Body Only,,,,UNMATCHED,no deterministic Supabase slug/name/alias/media match
1388,Standing hamstring stretch,standing-hamstring-stretch,,,,UNMATCHED,0.00,Hamstrings,,Body Only,,,,UNMATCHED,no deterministic Supabase slug/name/alias/media match
1389,Reverse lunge,reverse-lunge,515,Deficit Reverse Lunge,deficit-reverse-lunge,HIGH_CONFIDENCE,0.67,Hamstrings,full legs,Body Only,Bodyweight,,video/full legs/videos/Deficit reverse lunge.mp4,HIGH_CONFIDENCE,context-constrained similarity score 0.67
1390,HM Alternating Cross Lunge,hm-alternating-cross-lunge,,,,UNMATCHED,0.00,Hamstrings,,Body Only,,,,UNMATCHED,no deterministic Supabase slug/name/alias/media match
1391,HM Alternating Front Kick,hm-alternating-front-kick,,,,UNMATCHED,0.00,Hamstrings,,Body Only,,,,UNMATCHED,no deterministic Supabase slug/name/alias/media match
1392,HM World's Greatest Stretch,hm-world-s-greatest-stretch,,,,UNMATCHED,0.00,Hamstrings,,Body Only,,,,UNMATCHED,no deterministic Supabase slug/name/alias/media match
1393,HM Alternating Sprawl Kick-Through,hm-alternating-sprawl-kick-through,,,,UNMATCHED,0.00,Hamstrings,,Body Only,,,,UNMATCHED,no deterministic Supabase slug/name/alias/media match
1394,HM Alternating Step-Back,hm-alternating-step-back,,,,UNMATCHED,0.00,Hamstrings,,Body Only,,,,UNMATCHED,no deterministic Supabase slug/name/alias/media match
1395,HM Alternating Step-Up With Chair,hm-alternating-step-up-with-chair,,,,UNMATCHED,0.00,Hamstrings,,Body Only,,,,UNMATCHED,no deterministic Supabase slug/name/alias/media match
1396,HM Right Knee-Up,hm-right-knee-up,,,,UNMATCHED,0.00,Hamstrings,,Body Only,,,,UNMATCHED,no deterministic Supabase slug/name/alias/media match
1397,HM Low Lunge With External Twist,hm-low-lunge-with-external-twist,,,,UNMATCHED,0.00,Hamstrings,,Body Only,,,,UNMATCHED,no deterministic Supabase slug/name/alias/media match
1398,HM Ninja Crawl,hm-ninja-crawl,,,,UNMATCHED,0.00,Hamstrings,,Body Only,,,,UNMATCHED,no deterministic Supabase slug/name/alias/media match
1399,HM Pigeon Stretch,hm-pigeon-stretch,,,,UNMATCHED,0.00,Hamstrings,,Body Only,,,,UNMATCHED,no deterministic Supabase slug/name/alias/media match
1400,Single-Leg Deadlift Walk,single-leg-deadlift-walk,,,,UNMATCHED,0.00,Hamstrings,,Body Only,,,,UNMATCHED,no deterministic Supabase slug/name/alias/media match
1401,Total Fitness Hamstring Slide,total-fitness-hamstring-slide,,,,UNMATCHED,0.00,Hamstrings,,Body Only,,,,UNMATCHED,no deterministic Supabase slug/name/alias/media match
1402,30 Legs Walking Lunge,walking-lunge,532,Walking Lunge,walking-lunge,EXACT_SLUG,1.00,Hamstrings,full legs,Body Only,Body Only,WALKING LUNGE.mp4,video/full legs/videos/WALKING LUNGE.mp4,VERIFIED,local derived slug equals Supabase slug; normalized local name equals normalized Supabase name; local alias equals Supabase name: walking lunge; local alias equals Supabase slug: walking lunge; local linked video filename equals Supabase media filename: WALKING LUNGE.mp4
1403,Glute ham raise-,glute-ham-raise,,,,UNMATCHED,0.00,Hamstrings,,None,,,,UNMATCHED,no deterministic Supabase slug/name/alias/media match
1404,Lying hamstring stretch with band,lying-hamstring-stretch-with-band,,,,UNMATCHED,0.00,Hamstrings,,None,,,,UNMATCHED,no deterministic Supabase slug/name/alias/media match
1405,Upper Back-Leg Grab,upper-back-leg-grab,,,,UNMATCHED,0.00,Hamstrings,,None,,,,UNMATCHED,no deterministic Supabase slug/name/alias/media match
1406,Seated Hamstring,seated-hamstring,,,,UNMATCHED,0.00,Hamstrings,,None,,,,UNMATCHED,no deterministic Supabase slug/name/alias/media match
1407,Alternating lunge jump,alternating-lunge-jump,,,,UNMATCHED,0.00,Hamstrings,,None,,,,UNMATCHED,no deterministic Supabase slug/name/alias/media match
1408,Runner's Stretch,runner-s-stretch,,,,UNMATCHED,0.00,Hamstrings,,None,,,,UNMATCHED,no deterministic Supabase slug/name/alias/media match
1409,Exercise ball leg curl,exercise-ball-leg-curl,,,,UNMATCHED,0.00,Hamstrings,,Exercise Ball,,,,UNMATCHED,no deterministic Supabase slug/name/alias/media match
1410,Ball Hamstring Hat Trick,ball-hamstring-hat-trick,,,,UNMATCHED,0.00,Hamstrings,,Exercise Ball,,,,UNMATCHED,no deterministic Supabase slug/name/alias/media match
1411,Band-assisted pull-up,band-assisted-pullup,57,Band-Assisted Pull-Up,band-assisted-pull-up,EXACT_SLUG,1.00,Lats,BACK and TRAPEZIUS,Bands,Bands,,video/BACK and TRAPEZIUS/gif-female/band-assisted-pull-up  femme.gif,VERIFIED,local derived slug equals Supabase slug; normalized local name equals normalized Supabase name; local alias equals Supabase name: band assisted pullup; local alias equals Supabase slug: band assisted pullup
1412,Assisted Chin-Up,assisted-chinup,86,Chin-Up,chin-up,REVIEW,0.50,Lats,BACK and TRAPEZIUS,Bands,Body Only,,video/BACK and TRAPEZIUS/gif-male/chin-ups male.gif,CONFLICT,candidate similarity score 0.50; incompatible  equipment
1413,UN Band Assisted Pull-up Pronated,un-band-assisted-pullup-pronated,57,Band-Assisted Pull-Up,band-assisted-pull-up,HIGH_CONFIDENCE,0.60,Lats,BACK and TRAPEZIUS,Bands,Bands,,video/BACK and TRAPEZIUS/gif-female/band-assisted-pull-up  femme.gif,HIGH_CONFIDENCE,context-constrained similarity score 0.60
1414,UN Band Assisted Pull-up Neutral,un-band-assisted-pullup-neutral,57,Band-Assisted Pull-Up,band-assisted-pull-up,HIGH_CONFIDENCE,0.60,Lats,BACK and TRAPEZIUS,Bands,Bands,,video/BACK and TRAPEZIUS/gif-female/band-assisted-pull-up  femme.gif,HIGH_CONFIDENCE,context-constrained similarity score 0.60
1415,UN Band Assisted Pull-up Supinated,un-band-assisted-pullup-supinated,57,Band-Assisted Pull-Up,band-assisted-pull-up,HIGH_CONFIDENCE,0.60,Lats,BACK and TRAPEZIUS,Bands,Bands,,video/BACK and TRAPEZIUS/gif-female/band-assisted-pull-up  femme.gif,HIGH_CONFIDENCE,context-constrained similarity score 0.60
1416,FYR2 Monster Band Face-Pull Hold,monster-band-face-pull-hold,,,,UNMATCHED,0.00,Lats,,Bands,,,,UNMATCHED,no deterministic Supabase slug/name/alias/media match
1417,Single-arm band low row,single-arm-band-low-row,139,Single-Arm Low Row Neutral Grip,single-arm-low-row-neutral-grip,REVIEW,0.57,Lats,BACK and TRAPEZIUS,Bands,Bodyweight,,video/BACK and TRAPEZIUS/gif-male/Single-arm low row with a neutral grip male.gif,CONFLICT,candidate similarity score 0.57; incompatible  equipment
1418,Latissimus dorsi SMR,latissimus-dorsi-smr,,,,UNMATCHED,0.00,Lats,,Foam Roll,,,,UNMATCHED,no deterministic Supabase slug/name/alias/media match
1419,Bent-arm barbell pull-over,bent-arm-barbell-pullover,208,Barbell Pullover,barbell-pullover,REVIEW,0.50,Lats,Chest,Barbell,Barbell,,video/Chest/gif-male/barbell-pullover male.gif,REVIEW,candidate similarity score 0.50
1420,Barbell pull-over to press,barbell-pullover-to-press,208,Barbell Pullover,barbell-pullover,REVIEW,0.50,Lats,Chest,Barbell,Barbell,,video/Chest/gif-male/barbell-pullover male.gif,REVIEW,candidate similarity score 0.50
1421,Single-arm barbell bent-over row,single-arm-barbell-bent-over-row,78,Bent-Over Barbell Row,bent-over-barbell-row,HIGH_CONFIDENCE,0.67,Lats,BACK and TRAPEZIUS,Barbell,Barbell,,video/BACK and TRAPEZIUS/gif-male/Bent-Over Barbell Row male.gif,HIGH_CONFIDENCE,context-constrained similarity score 0.67
1422,Reverse Barbell Row,reverse-barbell-row,69,Barbell Row,barbell-row,HIGH_CONFIDENCE,0.67,Lats,BACK and TRAPEZIUS,Barbell,Barbell,,video/BACK and TRAPEZIUS/gif-male/barbell row male.gif,HIGH_CONFIDENCE,context-constrained similarity score 0.67
1423,Side kick-through to kettlebell high pull,side-kick-through-to-kettlebell-high-pull,,,,UNMATCHED,0.00,Lats,,Kettlebells,,,,UNMATCHED,no deterministic Supabase slug/name/alias/media match
1424,FYR2 Alternating Kettlebell Snatch,alternating-kettlebell-snatch,,,,UNMATCHED,0.00,Lats,,Kettlebells,,,,UNMATCHED,no deterministic Supabase slug/name/alias/media match
1425,FYR2 Alternating Kettlebell Swing,alternating-kettlebell-swing,,,,UNMATCHED,0.00,Lats,,Kettlebells,,,,UNMATCHED,no deterministic Supabase slug/name/alias/media match
1426,FYR2 American Kettlebell Swing,american-kettlebell-swing,,,,UNMATCHED,0.00,Lats,,Kettlebells,,,,UNMATCHED,no deterministic Supabase slug/name/alias/media match
1427,FYR2 Double-Kettlebell Standing Clean,double-kettlebell-standing-clean,,,,UNMATCHED,0.00,Lats,,Kettlebells,,,,UNMATCHED,no deterministic Supabase slug/name/alias/media match
1428,FYR2 Kettlebell Swing High Pull,kettlebell-swing-high-pull,,,,UNMATCHED,0.00,Lats,,Kettlebells,,,,UNMATCHED,no deterministic Supabase slug/name/alias/media match
1429,FYR2 Kettlebell Swing-Clean-Press Combo,kettlebell-swing-clean-press-combo,,,,UNMATCHED,0.00,Lats,,Kettlebells,,,,UNMATCHED,no deterministic Supabase slug/name/alias/media match
1430,FYR2 Kettlebell Swing-Clean-Press-Row Combo,kettlebell-swing-clean-press-row-combo,,,,UNMATCHED,0.00,Lats,,Kettlebells,,,,UNMATCHED,no deterministic Supabase slug/name/alias/media match
1431,FYR2 Single-Arm Kettlebell Clean,single-arm-kettlebell-clean,,,,UNMATCHED,0.00,Lats,,Kettlebells,,,,UNMATCHED,no deterministic Supabase slug/name/alias/media match
1432,FYR2 Single-Arm Kettlebell Swing,single-arm-kettlebell-swing,,,,UNMATCHED,0.00,Lats,,Kettlebells,,,,UNMATCHED,no deterministic Supabase slug/name/alias/media match
1433,PJR pull-over-,pjr-pullover,,,,UNMATCHED,0.00,Lats,,Dumbbell,,,,UNMATCHED,no deterministic Supabase slug/name/alias/media match
1434,Dumbbell seal row,dumbbell-seal-row,98,Dumbbell Upright Row,dumbbell-upright-row,REVIEW,0.50,Lats,BACK and TRAPEZIUS,Dumbbell,Dumbbell,,video/BACK and TRAPEZIUS/gif-male/Dumbbell upright row male.gif,REVIEW,candidate similarity score 0.50
1435,Incline Dumbbell Row - Gethin Variation,incline-dumbbell-row,107,Incline Bench Dumbbell Row,incline-bench-dumbbell-row,HIGH_CONFIDENCE,0.75,Lats,BACK and TRAPEZIUS,Dumbbell,Dumbbell,,video/BACK and TRAPEZIUS/gif-male/Incline bench dumbbell rowIncline bench dumbbell row male.gif,HIGH_CONFIDENCE,context-constrained similarity score 0.75
1436,FYR Bent-Over Dumbbell Row,bent-over-dumbbell-row,78,Bent-Over Barbell Row,bent-over-barbell-row,REVIEW,0.60,Lats,BACK and TRAPEZIUS,Dumbbell,Barbell,,video/BACK and TRAPEZIUS/gif-male/Bent-Over Barbell Row male.gif,CONFLICT,candidate similarity score 0.60; incompatible  equipment
1437,Straight-Arm Dumbbell Pull-Over - Gethin Variation,straight-arm-dumbbell-pullover,203,Dumbbell Pullover,dumbbell-pullover,REVIEW,0.50,Lats,Chest,Dumbbell,Dumbbell,,video/Chest/gif-male/dumbbell-pullover male.gif,REVIEW,candidate similarity score 0.50
1438,Bent-Over Dumbbell Row - Gethin Variation,bent-over-dumbbell-row,78,Bent-Over Barbell Row,bent-over-barbell-row,REVIEW,0.60,Lats,BACK and TRAPEZIUS,Dumbbell,Barbell,,video/BACK and TRAPEZIUS/gif-male/Bent-Over Barbell Row male.gif,CONFLICT,candidate similarity score 0.60; incompatible  equipment
1439,Bent-over dumbbell rear delt fly,bent-over-dumbbell-rear-delt-fly,,,,UNMATCHED,0.00,Lats,,Dumbbell,,,,UNMATCHED,no deterministic Supabase slug/name/alias/media match
1440,Band Resisted Dumbbell Row,band-resisted-dumbbell-row,,,,UNMATCHED,0.00,Lats,,Dumbbell,,,,UNMATCHED,no deterministic Supabase slug/name/alias/media match
1441,Holman Right Arm Weighted Half Jack,holman-right-arm-weighted-half-jack,,,,UNMATCHED,0.00,Lats,,Dumbbell,,,,UNMATCHED,no deterministic Supabase slug/name/alias/media match
1442,Holman Left Arm Weighted Half Jack,holman-left-arm-weighted-half-jack,,,,UNMATCHED,0.00,Lats,,Dumbbell,,,,UNMATCHED,no deterministic Supabase slug/name/alias/media match
1443,Holman Renegade Row,holman-renegade-row,,,,UNMATCHED,0.00,Lats,,Dumbbell,,,,UNMATCHED,no deterministic Supabase slug/name/alias/media match
1444,Holman Renegade Row with Opposite Foot Step-Out,holman-renegade-row-with-opposite-foot-step-out,,,,UNMATCHED,0.00,Lats,,Dumbbell,,,,UNMATCHED,no deterministic Supabase slug/name/alias/media match
1445,Holman Renegade Row to Weighted Burpee,holman-renegade-row-to-weighted-burpee,,,,UNMATCHED,0.00,Lats,,Dumbbell,,,,UNMATCHED,no deterministic Supabase slug/name/alias/media match
1446,Holman Weighted Double-Arm Cross Punch,holman-weighted-double-arm-cross-punch,,,,UNMATCHED,0.00,Lats,,Dumbbell,,,,UNMATCHED,no deterministic Supabase slug/name/alias/media match
1447,Holman Standing Flat Back Row,holman-standing-flat-back-row,,,,UNMATCHED,0.00,Lats,,Dumbbell,,,,UNMATCHED,no deterministic Supabase slug/name/alias/media match
1448,Total Fitness Dumbbell Isometric Row Hold,total-fitness-dumbbell-isometric-row-hold,,,,UNMATCHED,0.00,Lats,,Dumbbell,,,,UNMATCHED,no deterministic Supabase slug/name/alias/media match
1449,Dumbbell renegade row,dumbbell-renegade-row,98,Dumbbell Upright Row,dumbbell-upright-row,REVIEW,0.50,Lats,BACK and TRAPEZIUS,Dumbbell,Dumbbell,,video/BACK and TRAPEZIUS/gif-male/Dumbbell upright row male.gif,REVIEW,candidate similarity score 0.50
1450,MetaBurn Bent-Over Row to Rear-Delt Raise,metaburn-bent-over-row-to-rear-delt-raise,,,,UNMATCHED,0.00,Lats,,Dumbbell,,,,UNMATCHED,no deterministic Supabase slug/name/alias/media match
1451,FYR2 Bent-Over Reverse Fly,bent-over-reverse-fly,,,,UNMATCHED,0.00,Lats,,Dumbbell,,,,UNMATCHED,no deterministic Supabase slug/name/alias/media match
1452,Weighted pull-up,weighted-pullup,159,Weighted Pull-Up,weighted-pull-up,EXACT_SLUG,1.00,Lats,BACK and TRAPEZIUS,Other,Other,Pull-Up .mp4,video/BACK and TRAPEZIUS/gif-male/Weighted pull-up male.gif,VERIFIED,local derived slug equals Supabase slug; normalized local name equals normalized Supabase name; local alias equals Supabase name: weighted pullup; local alias equals Supabase slug: weighted pullup
1453,Rocky Pull-Ups/Pulldowns,rocky-pullup-pulldown,,,,UNMATCHED,0.00,Lats,,Other,,,,UNMATCHED,no deterministic Supabase slug/name/alias/media match
1454,Gironda Sternum Chins,gironda-sternum-chins,,,,UNMATCHED,0.00,Lats,,Other,,,,UNMATCHED,no deterministic Supabase slug/name/alias/media match
1455,Floor rope climb,floor-rope-climb,,,,UNMATCHED,0.00,Lats,,Other,,,,UNMATCHED,no deterministic Supabase slug/name/alias/media match
1456,Overhead Lat,overhead-lat,,,,UNMATCHED,0.00,Lats,,Other,,,,UNMATCHED,no deterministic Supabase slug/name/alias/media match
1457,Around-the-world pull-up,around-the-world-pullup,,,,UNMATCHED,0.00,Lats,,Other,,,,UNMATCHED,no deterministic Supabase slug/name/alias/media match
1458,L-sit chin-up,l-sit-chinup,,,,UNMATCHED,0.00,Lats,,Other,,,,UNMATCHED,no deterministic Supabase slug/name/alias/media match
1459,Back Flyes - Gethin Variation,back-fly,,,,UNMATCHED,0.00,Lats,,Other,,,,UNMATCHED,no deterministic Supabase slug/name/alias/media match
1460,Incline straight-arm pull-over,incline-straight-arm-pullover,,,,UNMATCHED,0.00,Lats,,Other,,,,UNMATCHED,no deterministic Supabase slug/name/alias/media match
1461,Machine high row,machine-high-row,121,Machine Row,machine-row,HIGH_CONFIDENCE,0.67,Lats,BACK and TRAPEZIUS,Other,Other,,video/BACK and TRAPEZIUS/gif-male/Machine row male.gif,HIGH_CONFIDENCE,context-constrained similarity score 0.67
1462,AM T-Bar Row,t-bar-row,151,T-Bar Row,t-bar-row,EXACT_SLUG,1.00,Lats,BACK and TRAPEZIUS,Other,Other,Cable Back Row 1.mp4,video/BACK and TRAPEZIUS/gif-male/t-bar-row-muscles male.gif,VERIFIED,local derived slug equals Supabase slug; normalized local name equals normalized Supabase name; local alias equals Supabase name: t bar row; local alias equals Supabase slug: t bar row
1463,Assisted Single-Arm Pull-Up,assisted-single-arm-pullup,,,,UNMATCHED,0.00,Lats,,Other,,,,UNMATCHED,no deterministic Supabase slug/name/alias/media match
1464,Assisted Single-Arm Chin-Up,assisted-single-arm-chinup,,,,UNMATCHED,0.00,Lats,,Other,,,,UNMATCHED,no deterministic Supabase slug/name/alias/media match
1465,Holman Renegade Punch-Under,holman-renegade-punch-under,,,,UNMATCHED,0.00,Lats,,Other,,,,UNMATCHED,no deterministic Supabase slug/name/alias/media match
1466,Holman Renegade Row to Split Jump,holman-renegade-row-to-split-jump,,,,UNMATCHED,0.00,Lats,,Other,,,,UNMATCHED,no deterministic Supabase slug/name/alias/media match
1467,Holman Dirty Dog to Renegade Row,holman-dirty-dog-to-renegade-row,,,,UNMATCHED,0.00,Lats,,Other,,,,UNMATCHED,no deterministic Supabase slug/name/alias/media match
1468,Holman Renegade Row to Side Punch to Forward Punch,holman-renegade-row-to-side-punch-to-forward-punch,,,,UNMATCHED,0.00,Lats,,Other,,,,UNMATCHED,no deterministic Supabase slug/name/alias/media match
1469,Standing dumbbell knee crunch,standing-dumbbell-knee-crunch,,,,UNMATCHED,0.00,Lats,,Other,,,,UNMATCHED,no deterministic Supabase slug/name/alias/media match
1470,Close-grip pull-down,close-grip-pulldown,180,Pulldown Lower Lats 1,pulldown-lower-lats-1,ALIAS_MEDIA_MATCH,0.99,Lats,BACK and TRAPEZIUS,Cable,Bodyweight,pulldown Lower Lats 1.mp4,video/BACK and TRAPEZIUS/videos/pulldown Lower Lats 1.mp4,CONFLICT,local linked video filename equals Supabase media filename: pulldown Lower Lats 1.mp4; incompatible  equipment
1471,Shotgun row,shotgun-row,,,,UNMATCHED,0.00,Lats,,Cable,,,,UNMATCHED,no deterministic Supabase slug/name/alias/media match
1472,Close-Grip Front Lat Pulldown,close-grip-front-lat-pulldown,89,Close-Grip Lat Pulldown,close-grip-lat-pulldown,HIGH_CONFIDENCE,0.80,Lats,BACK and TRAPEZIUS,Cable,Cable,,video/BACK and TRAPEZIUS/gif-male/Close-grip lat pulldown male.gif,HIGH_CONFIDENCE,context-constrained similarity score 0.80
1473,Straight-arm rope pull-down,straight-arm-rope-pulldown,131,Rope Pulldown,rope-pulldown,REVIEW,0.50,Lats,BACK and TRAPEZIUS,Cable,Bodyweight,,video/BACK and TRAPEZIUS/gif-male/Rope pulldown male.gif,CONFLICT,candidate similarity score 0.50; incompatible  equipment
1474,Lat pull-down,lat-pulldown,179,Pulldown Entire Lats,pulldown-entire-lats,ALIAS_MEDIA_MATCH,0.99,Lats,BACK and TRAPEZIUS,Cable,Bodyweight,pulldown Entire Lats.mp4,video/BACK and TRAPEZIUS/videos/pulldown  Entire Lats.mp4,CONFLICT,local linked video filename equals Supabase media filename: pulldown Entire Lats.mp4; incompatible  equipment
1475,Straight-Arm Pulldown,straight-arm-pulldown,171,Cable Pullover,cable-pullover,ALIAS_MEDIA_MATCH,0.99,Lats,BACK and TRAPEZIUS,Cable,Cable,Cable Pullover.mp4,video/BACK and TRAPEZIUS/videos/Cable Pullover.mp4,VERIFIED,local linked video filename equals Supabase media filename: Cable Pullover.mp4
1476,Single-arm kneeling lat pull-down,single-arm-kneeling-lat-pulldown,103,Half-Kneeling Single-Arm Lat Pulldown,half-kneeling-single-arm-lat-pulldown,REVIEW,0.74,Lats,BACK and TRAPEZIUS,Cable,Bodyweight,,video/BACK and TRAPEZIUS/gif-male/half kneeling Single-arm lat pulldown male.gif,CONFLICT,candidate similarity score 0.83; incompatible  equipment
1477,Elevated Cable Rows,elevated-cable-row,59,Seated Cable Row,seated-cable-row,REVIEW,0.50,Lats,BACK and TRAPEZIUS,Cable,Cable,,video/BACK and TRAPEZIUS/gif-female/cable-seated-row femme.gif,CONFLICT,candidate similarity score 0.50; multiple equal-confidence Supabase candidates
1478,Full Range-Of-Motion Lat Pulldown,full-range-of-motion-lat-pulldown,,,,UNMATCHED,0.00,Lats,,Cable,,,,UNMATCHED,no deterministic Supabase slug/name/alias/media match
1479,Kneeling lat pull-down,kneeling-lat-pulldown,103,Half-Kneeling Single-Arm Lat Pulldown,half-kneeling-single-arm-lat-pulldown,REVIEW,0.50,Lats,BACK and TRAPEZIUS,Cable,Bodyweight,,video/BACK and TRAPEZIUS/gif-male/half kneeling Single-arm lat pulldown male.gif,CONFLICT,candidate similarity score 0.50; incompatible  equipment
1480,Behind-the-neck pull-down,behind-the-neck-pulldown,75,Behind-the-Neck Lat Pulldown,behind-neck-lat-pulldown,REVIEW,0.74,Lats,BACK and TRAPEZIUS,Cable,Bodyweight,,video/BACK and TRAPEZIUS/gif-male/Behind-the-neck lat pulldown male.gif,CONFLICT,candidate similarity score 0.80; incompatible  equipment
1481,Straight-arm cable pull-over,straight-arm-cable-pullover,171,Cable Pullover,cable-pullover,REVIEW,0.50,Lats,BACK and TRAPEZIUS,Cable,Cable,,video/BACK and TRAPEZIUS/videos/Cable Pullover.mp4,REVIEW,candidate similarity score 0.50
1482,Cable Straight-Arm Pulldown - Gethin Variation,cable-straight-arm-pulldown,137,Single-Arm Cable Pulldown,single-arm-cable-pulldown,HIGH_CONFIDENCE,0.60,Lats,BACK and TRAPEZIUS,Cable,Cable,,video/BACK and TRAPEZIUS/gif-male/Single-arm cable pulldown bunch male.gif,HIGH_CONFIDENCE,context-constrained similarity score 0.60
1483,Rope Lat Pull-down - Gethin Variation,rope-lat-pulldown,131,Rope Pulldown,rope-pulldown,REVIEW,0.67,Lats,BACK and TRAPEZIUS,Cable,Bodyweight,,video/BACK and TRAPEZIUS/gif-male/Rope pulldown male.gif,CONFLICT,candidate similarity score 0.67; incompatible  equipment
1484,Straight-Arm Pull-Down - Gethin Variation,straight-arm-pulldown,171,Cable Pullover,cable-pullover,ALIAS_MEDIA_MATCH,0.99,Lats,BACK and TRAPEZIUS,Cable,Cable,Cable Pullover.mp4,video/BACK and TRAPEZIUS/videos/Cable Pullover.mp4,VERIFIED,local linked video filename equals Supabase media filename: Cable Pullover.mp4
1485,High-cable standing row,high-cable-standing-row,148,Standing Cable Row,standing-cable-row,HIGH_CONFIDENCE,0.75,Lats,BACK and TRAPEZIUS,Cable,Cable,,video/BACK and TRAPEZIUS/gif-male/standing-cable-row male.gif,HIGH_CONFIDENCE,context-constrained similarity score 0.75
1486,Lat Pull-down - Gethin Variation,lat-pulldown,179,Pulldown Entire Lats,pulldown-entire-lats,ALIAS_MEDIA_MATCH,0.99,Lats,BACK and TRAPEZIUS,Cable,Bodyweight,pulldown Entire Lats.mp4,video/BACK and TRAPEZIUS/videos/pulldown  Entire Lats.mp4,CONFLICT,local linked video filename equals Supabase media filename: pulldown Entire Lats.mp4; incompatible  equipment
1487,Wide-Grip Lat Pull-Down - Gethin Variation,wide-grip-lat-pulldown,65,Wide-Grip Lat Pulldown,wide-grip-lat-pulldown,EXACT_SLUG,1.00,Lats,BACK and TRAPEZIUS,Cable,Bodyweight,pulldown Upper Lats.mp4,video/BACK and TRAPEZIUS/gif-female/wide-grip lat pulldown femme.gif,CONFLICT,local derived slug equals Supabase slug; normalized local name equals normalized Supabase name; local alias equals Supabase name: wide grip lat pulldown; local alias equals Supabase slug: wide grip lat pulldown; incompatible  equipment
1488,Behind-The-Neck Pull-Down - Gethin Variation,behind-the-neck-pulldown,75,Behind-the-Neck Lat Pulldown,behind-neck-lat-pulldown,REVIEW,0.74,Lats,BACK and TRAPEZIUS,Cable,Bodyweight,,video/BACK and TRAPEZIUS/gif-male/Behind-the-neck lat pulldown male.gif,CONFLICT,candidate similarity score 0.80; incompatible  equipment
1489,Single-Arm Cable Row - Gethin Variation,single-arm-cable-row,145,Standing Single-Arm Cable Low Row,standing-single-arm-cable-low-row,HIGH_CONFIDENCE,0.67,Lats,BACK and TRAPEZIUS,Cable,Cable,,video/BACK and TRAPEZIUS/gif-male/standing Single-arm cable low row male.gif,CONFLICT,context-constrained similarity score 0.67; multiple equal-confidence Supabase candidates
1490,Scapular Rows,scapular-row,,,,UNMATCHED,0.00,Lats,,Cable,,,,UNMATCHED,no deterministic Supabase slug/name/alias/media match
1491,Standing V-Grip Cable Rows,standing-v-grip-cable-row,148,Standing Cable Row,standing-cable-row,HIGH_CONFIDENCE,0.60,Lats,BACK and TRAPEZIUS,Cable,Cable,,video/BACK and TRAPEZIUS/gif-male/standing-cable-row male.gif,HIGH_CONFIDENCE,context-constrained similarity score 0.60
1492,AM Close-Grip Pull-Down,close-grip-pulldown,180,Pulldown Lower Lats 1,pulldown-lower-lats-1,ALIAS_MEDIA_MATCH,0.99,Lats,BACK and TRAPEZIUS,Cable,Bodyweight,pulldown Lower Lats 1.mp4,video/BACK and TRAPEZIUS/videos/pulldown Lower Lats 1.mp4,CONFLICT,local linked video filename equals Supabase media filename: pulldown Lower Lats 1.mp4; incompatible  equipment
1493,AM Wide-Grip Pull-Down,wide-grip-pulldown,183,Pulldown Upper Lats,pulldown-upper-lats,ALIAS_MEDIA_MATCH,0.99,Lats,BACK and TRAPEZIUS,Cable,Bodyweight,pulldown Upper Lats.mp4,video/BACK and TRAPEZIUS/videos/pulldown Upper Lats.mp4,CONFLICT,local linked video filename equals Supabase media filename: pulldown Upper Lats.mp4; incompatible  equipment
1494,UP Lat Pull-Down,up-lat-pulldown,115,Lat Pulldown Machine,lat-pulldown-machine,REVIEW,0.50,Lats,BACK and TRAPEZIUS,Cable,Machine,,video/BACK and TRAPEZIUS/gif-male/lat pulldown machine male.gif,CONFLICT,candidate similarity score 0.50; incompatible  equipment
1495,Reverse-grip lat pull-down,reverse-grip-lat-pulldown,65,Wide-Grip Lat Pulldown,wide-grip-lat-pulldown,REVIEW,0.60,Lats,BACK and TRAPEZIUS,Machine,Bodyweight,,video/BACK and TRAPEZIUS/gif-female/wide-grip lat pulldown femme.gif,CONFLICT,candidate similarity score 0.60; incompatible  equipment
1496,Machine seated row,machine-seated-row,121,Machine Row,machine-row,REVIEW,0.67,Lats,BACK and TRAPEZIUS,Machine,Other,,video/BACK and TRAPEZIUS/gif-male/Machine row male.gif,CONFLICT,candidate similarity score 0.67; incompatible  equipment
1497,Machine-assisted pull-up,machine-assisted-pullup,57,Band-Assisted Pull-Up,band-assisted-pull-up,REVIEW,0.50,Lats,BACK and TRAPEZIUS,Machine,Bands,,video/BACK and TRAPEZIUS/gif-female/band-assisted-pull-up  femme.gif,CONFLICT,candidate similarity score 0.50; incompatible  equipment
1498,Single-arm pull-down,single-arm-pulldown,176,Front Pulldown,front-pulldown,ALIAS_MEDIA_MATCH,0.99,Lats,BACK and TRAPEZIUS,Machine,Lever (selectorized),Front Pulldown (Back).mp4,video/BACK and TRAPEZIUS/videos/Front Pulldown (Back).mp4,VERIFIED,local linked video filename equals Supabase media filename: Front Pulldown (Back).mp4
1499,Chest-Supported Smith Machine Row - Gethin Variation,chest-supported-smith-machine-row,142,Smith Machine Row,smith-machine-row,HIGH_CONFIDENCE,0.60,Lats,BACK and TRAPEZIUS,Machine,Machine,,video/BACK and TRAPEZIUS/gif-male/Smith machine row male.gif,HIGH_CONFIDENCE,context-constrained similarity score 0.60
1500,Single-arm machine high row,single-arm-machine-high-row,63,Single-Arm Dumbbell Row,single-arm-dumbbell-row,REVIEW,0.50,Lats,BACK and TRAPEZIUS,Machine,Dumbbell,,video/BACK and TRAPEZIUS/gif-female/Single-arm row with bench support femme.gif,CONFLICT,candidate similarity score 0.50; incompatible  equipment
1501,Machine Pull-Over - Gethin Variation,machine-pullover,128,Pullover Machine,pullover-machine,HIGH_CONFIDENCE,0.92,Lats,BACK and TRAPEZIUS,Machine,Machine,,video/BACK and TRAPEZIUS/gif-male/Pullover machine male.gif,HIGH_CONFIDENCE,context-constrained similarity score 1.00
1502,Seated Machine Row - Gethin Variation,seated-machine-row,121,Machine Row,machine-row,REVIEW,0.67,Lats,BACK and TRAPEZIUS,Machine,Other,,video/BACK and TRAPEZIUS/gif-male/Machine row male.gif,CONFLICT,candidate similarity score 0.67; incompatible  equipment
1503,Wide-Grip Machine Row,wide-grip-machine-row,68,Banded Wide-Grip Row,banded-wide-grip-row,REVIEW,0.60,Lats,BACK and TRAPEZIUS,Machine,Bodyweight,,video/BACK and TRAPEZIUS/gif-male/banded-wide-grip-row male.gif,CONFLICT,candidate similarity score 0.60; incompatible  equipment
1504,King Maker Lat Pull-Down,king-maker-lat-pulldown,,,,UNMATCHED,0.00,Lats,,Machine,,,,UNMATCHED,no deterministic Supabase slug/name/alias/media match
1505,Robertson Half-Kneeling Landmine Press,robertson-half-kneeling-landmine-press,,,,UNMATCHED,0.00,Lats,,Machine,,,,UNMATCHED,no deterministic Supabase slug/name/alias/media match
1506,Pullups,pullup,126,Pull-Up,pull-up,EXACT_SLUG,1.00,Lats,BACK and TRAPEZIUS,Body Only,Body Only,pulldown Entire Lats.mp4,video/BACK and TRAPEZIUS/gif-male/pull-up male.gif,VERIFIED,local derived slug equals Supabase slug; normalized local name equals normalized Supabase name; local alias equals Supabase name: pullup; local alias equals Supabase slug: pullup
1507,Pull-up,pullup,126,Pull-Up,pull-up,EXACT_SLUG,1.00,Lats,BACK and TRAPEZIUS,Body Only,Body Only,pulldown Entire Lats.mp4,video/BACK and TRAPEZIUS/gif-male/pull-up male.gif,VERIFIED,local derived slug equals Supabase slug; normalized local name equals normalized Supabase name; local alias equals Supabase name: pullup; local alias equals Supabase slug: pullup
1508,Muscle Up,muscle-up,,,,UNMATCHED,0.00,Lats,,Body Only,,,,UNMATCHED,no deterministic Supabase slug/name/alias/media match
1509,Rope climb,rope-climb,,,,UNMATCHED,0.00,Lats,,Body Only,,,,UNMATCHED,no deterministic Supabase slug/name/alias/media match
1510,Wide-Grip Rear Pull-Up,wide-grip-rear-pullup,122,Wide-Grip Pull-Up,wide-grip-pull-up,HIGH_CONFIDENCE,0.75,Lats,BACK and TRAPEZIUS,Body Only,Bodyweight,,video/BACK and TRAPEZIUS/gif-male/male Wide-grip pull-up.gif,HIGH_CONFIDENCE,context-constrained similarity score 0.75
1511,Side To Side Chins,side-to-side-chins,,,,UNMATCHED,0.00,Lats,,Body Only,,,,UNMATCHED,no deterministic Supabase slug/name/alias/media match
1512,Neutral-grip pull-up,neutral-grip-pullup,126,Pull-Up,pull-up,ALIAS_MEDIA_MATCH,0.99,Lats,BACK and TRAPEZIUS,Body Only,Body Only,Pull-Up .mp4,video/BACK and TRAPEZIUS/gif-male/pull-up male.gif,VERIFIED,local linked video filename equals Supabase media filename: Pull-Up .mp4
1513,Kipping Muscle Up,kipping-muscle-up,,,,UNMATCHED,0.00,Lats,,Body Only,,,,UNMATCHED,no deterministic Supabase slug/name/alias/media match
1514,One Arm Against Wall,single-arm-against-wall,,,,UNMATCHED,0.00,Lats,,Body Only,,,,UNMATCHED,no deterministic Supabase slug/name/alias/media match
1515,One Handed Hang,one-handed-hang,,,,UNMATCHED,0.00,Lats,,Body Only,,,,UNMATCHED,no deterministic Supabase slug/name/alias/media match
1516,Standing side bend stretch,standing-side-bend-stretch,,,,UNMATCHED,0.00,Lats,,Body Only,,,,UNMATCHED,no deterministic Supabase slug/name/alias/media match
1517,Burpee to pull-up,burpee-to-pullup,,,,UNMATCHED,0.00,Lats,,Body Only,,,,UNMATCHED,no deterministic Supabase slug/name/alias/media match
1518,Negative pull-up,negative-pullup,126,Pull-Up,pull-up,REVIEW,0.50,Lats,BACK and TRAPEZIUS,Body Only,Body Only,,video/BACK and TRAPEZIUS/gif-male/pull-up male.gif,REVIEW,candidate similarity score 0.50
1519,Chin-Up,chinup,86,Chin-Up,chin-up,EXACT_SLUG,1.00,Lats,BACK and TRAPEZIUS,Body Only,Body Only,pulldown Entire Lats.mp4,video/BACK and TRAPEZIUS/gif-male/chin-ups male.gif,VERIFIED,local derived slug equals Supabase slug; normalized local name equals normalized Supabase name; local alias equals Supabase name: chinup; local alias equals Supabase slug: chinup
1520,HM Superman Lat Pull,hm-superman-lat-pull,,,,UNMATCHED,0.00,Lats,,Body Only,,,,UNMATCHED,no deterministic Supabase slug/name/alias/media match
1521,AM Pull-Up,pullup,126,Pull-Up,pull-up,EXACT_SLUG,1.00,Lats,BACK and TRAPEZIUS,Body Only,Body Only,pulldown Entire Lats.mp4,video/BACK and TRAPEZIUS/gif-male/pull-up male.gif,VERIFIED,local derived slug equals Supabase slug; normalized local name equals normalized Supabase name; local alias equals Supabase name: pullup; local alias equals Supabase slug: pullup
1522,UP Chin-Up,up-chinup,86,Chin-Up,chin-up,REVIEW,0.50,Lats,BACK and TRAPEZIUS,Body Only,Body Only,,video/BACK and TRAPEZIUS/gif-male/chin-ups male.gif,REVIEW,candidate similarity score 0.50
1523,Holman Alternating Forward and Side Punch,holman-alternating-forward-and-side-punch,,,,UNMATCHED,0.00,Lats,,Body Only,,,,UNMATCHED,no deterministic Supabase slug/name/alias/media match
1524,Jump to pull-up,jump-to-pullup,,,,UNMATCHED,0.00,Lats,,Body Only,,,,UNMATCHED,no deterministic Supabase slug/name/alias/media match
1525,Bent-over scapular slide,bent-over-scapular-slide,,,,UNMATCHED,0.00,Lats,,Body Only,,,,UNMATCHED,no deterministic Supabase slug/name/alias/media match
1526,Iron cross stretch,iron-cross-stretch,,,,UNMATCHED,0.00,Lats,,Body Only,,,,UNMATCHED,no deterministic Supabase slug/name/alias/media match
1527,Total Fitness Standing Lat Stretch,total-fitness-standing-lat-stretch,,,,UNMATCHED,0.00,Lats,,Body Only,,,,UNMATCHED,no deterministic Supabase slug/name/alias/media match
1528,King Maker Pull-Up,king-maker-pullup,,,,UNMATCHED,0.00,Lats,,Body Only,,,,UNMATCHED,no deterministic Supabase slug/name/alias/media match
1529,Medicine ball slam,medicine-ball-slam,,,,UNMATCHED,0.00,Lats,,Medicine Ball,,,,UNMATCHED,no deterministic Supabase slug/name/alias/media match
1530,Catch and Overhead Throw,catch-and-overhead-throw,,,,UNMATCHED,0.00,Lats,,Medicine Ball,,,,UNMATCHED,no deterministic Supabase slug/name/alias/media match
1531,FYR2 Bent-Over Medicine Ball Slam,bent-over-medicine-ball-slam,,,,UNMATCHED,0.00,Lats,,Medicine Ball,,,,UNMATCHED,no deterministic Supabase slug/name/alias/media match
1532,Dynamic Back Stretch,dynamic-back-stretch,,,,UNMATCHED,0.00,Lats,,None,,,,UNMATCHED,no deterministic Supabase slug/name/alias/media match
1533,Chair Lower Back Stretch,chair-lower-back-stretch,,,,UNMATCHED,0.00,Lats,,None,,,,UNMATCHED,no deterministic Supabase slug/name/alias/media match
1534,Side-Lying Floor Stretch,side-lying-floor-stretch,,,,UNMATCHED,0.00,Lats,,None,,,,UNMATCHED,no deterministic Supabase slug/name/alias/media match
1535,Band good morning-,band-good-morning,,,,UNMATCHED,0.00,Lower Back,,Bands,,,,UNMATCHED,no deterministic Supabase slug/name/alias/media match
1536,FYR2 Monster Banded Good Morning,monster-banded-good-morning,,,,UNMATCHED,0.00,Lower Back,,Bands,,,,UNMATCHED,no deterministic Supabase slug/name/alias/media match
1537,Band deadlift,band-deadlift,175,Deadlift,deadlift,REVIEW,0.50,Lower Back,BACK and TRAPEZIUS,Bands,Barbell,,video/BACK and TRAPEZIUS/videos/Deadlift .mp4,CONFLICT,candidate similarity score 0.50; incompatible  equipment
1538,Lower back SMR,lower-back-smr,,,,UNMATCHED,0.00,Lower Back,,Foam Roll,,,,UNMATCHED,no deterministic Supabase slug/name/alias/media match
1539,Barbell deficit deadlift,barbell-deficit-deadlift,592,Barbell Deadlift,barbell-deadlift,HIGH_CONFIDENCE,0.67,Lower Back,full legs,Barbell,Barbell,,video/full legs/gif-male/barbell deadlift male.gif,HIGH_CONFIDENCE,context-constrained similarity score 0.67
1540,Deadlift with Bands,deadlift-with-bands,,,,UNMATCHED,0.00,Lower Back,,Barbell,,,,UNMATCHED,no deterministic Supabase slug/name/alias/media match
1541,Deadlift with Chains,deadlift-with-chains,,,,UNMATCHED,0.00,Lower Back,,Barbell,,,,UNMATCHED,no deterministic Supabase slug/name/alias/media match
1542,Rack Pull with Bands,rack-pull-with-bands,,,,UNMATCHED,0.00,Lower Back,,Barbell,,,,UNMATCHED,no deterministic Supabase slug/name/alias/media match
1543,Rack pull,rack-pull,,,,UNMATCHED,0.00,Lower Back,,Barbell,,traps.mp4,,UNMATCHED,no deterministic Supabase slug/name/alias/media match
1544,Seated Good Mornings,seated-good-mornings,,,,UNMATCHED,0.00,Lower Back,,Barbell,,,,UNMATCHED,no deterministic Supabase slug/name/alias/media match
1545,Stiff Leg Barbell Good Morning,stiff-leg-barbell-good-morning,596,Barbell Stiff Leg Deadlift,barbell-stiff-leg-deadlift,REVIEW,0.50,Lower Back,full legs,Barbell,Barbell,,video/full legs/gif-male/Barbell stiff-leg deadlift male.gif,REVIEW,candidate similarity score 0.50
1546,Reverse Band Deadlift,reverse-band-deadlift,100,Band Reverse Fly,band-reverse-fly,REVIEW,0.50,Lower Back,BACK and TRAPEZIUS,Barbell,Resistance Band,,video/BACK and TRAPEZIUS/gif-male/Elastic inverted fly male.gif,CONFLICT,candidate similarity score 0.50; incompatible  equipment
1547,Paul Carter Romanian Deadlift,paul-carter-romanian-deadlift,582,Romanian Deadlift,romanian-deadlift,REVIEW,0.50,Lower Back,full legs,Barbell,Barbell,,video/full legs/videos/romanian deadlift.mp4,REVIEW,candidate similarity score 0.50
1548,TBS Good Morning,tbs-good-morning,,,,UNMATCHED,0.00,Lower Back,,Barbell,,,,UNMATCHED,no deterministic Supabase slug/name/alias/media match
1549,TBS Romanian Deadlift,tbs-romanian-deadlift,582,Romanian Deadlift,romanian-deadlift,HIGH_CONFIDENCE,0.67,Lower Back,full legs,Barbell,Barbell,,video/full legs/videos/romanian deadlift.mp4,HIGH_CONFIDENCE,context-constrained similarity score 0.67
1550,Barbell deadlift-,barbell-deadlift,592,Barbell Deadlift,barbell-deadlift,EXACT_SLUG,1.00,Lower Back,full legs,Barbell,Barbell,Deadlift .mp4,video/full legs/gif-male/barbell deadlift male.gif,VERIFIED,local derived slug equals Supabase slug; normalized local name equals normalized Supabase name
1551,Deadlift - Gethin Variation,deadlift,175,Deadlift,deadlift,EXACT_SLUG,1.00,Lower Back,BACK and TRAPEZIUS,Barbell,Barbell,Deadlift .mp4,video/BACK and TRAPEZIUS/videos/Deadlift .mp4,VERIFIED,local derived slug equals Supabase slug; normalized local name equals normalized Supabase name; local alias equals Supabase name: deadlift; local alias equals Supabase slug: deadlift; local linked video filename equals Supabase media filename: Deadlift .mp4
1552,Barbell good morning,barbell-good-morning,,,,UNMATCHED,0.00,Lower Back,,Barbell,,,,UNMATCHED,no deterministic Supabase slug/name/alias/media match
1553,UP Conventional Deadlift,up-conventional-deadlift,,,,UNMATCHED,0.00,Lower Back,,Barbell,,,,UNMATCHED,no deterministic Supabase slug/name/alias/media match
1554,30 Day Back Barbell Rack Pull,back-barbell-rack-pull,,,,UNMATCHED,0.00,Lower Back,,Barbell,,,,UNMATCHED,no deterministic Supabase slug/name/alias/media match
1555,FYR Sumo Deadlift High Pull,sumo-deadlift-high-pull,,,,UNMATCHED,0.00,Lower Back,,Kettlebells,,,,UNMATCHED,no deterministic Supabase slug/name/alias/media match
1556,Kettlebell deadlift,kettlebell-deadlift,175,Deadlift,deadlift,REVIEW,0.50,Lower Back,BACK and TRAPEZIUS,Kettlebells,Barbell,,video/BACK and TRAPEZIUS/videos/Deadlift .mp4,CONFLICT,candidate similarity score 0.50; incompatible  equipment
1557,HM Kettlebell Swing,hm-kettlebell-swing,,,,UNMATCHED,0.00,Lower Back,,Kettlebells,,,,UNMATCHED,no deterministic Supabase slug/name/alias/media match
1558,KV Romanian Deadlift with Kettlebell,kv-romanian-deadlift-with-kettlebell,,,,UNMATCHED,0.00,Lower Back,,Kettlebells,,,,UNMATCHED,no deterministic Supabase slug/name/alias/media match
1559,FYR2 Kettlebell Good Morning,kettlebell-good-morning,,,,UNMATCHED,0.00,Lower Back,,Kettlebells,,,,UNMATCHED,no deterministic Supabase slug/name/alias/media match
1560,FYR2 Kettlebell Romanian Deadlift,kettlebell-romanian-deadlift,582,Romanian Deadlift,romanian-deadlift,REVIEW,0.67,Lower Back,full legs,Kettlebells,Barbell,,video/full legs/videos/romanian deadlift.mp4,CONFLICT,candidate similarity score 0.67; incompatible  equipment
1561,FYR2 Kettlebell Staggered-Stance Deadlift,kettlebell-staggered-stance-deadlift,,,,UNMATCHED,0.00,Lower Back,,Kettlebells,,,,UNMATCHED,no deterministic Supabase slug/name/alias/media match
1562,Dumbbell Fix Dumbbell Deadlift,dumbbell-fix-dumbbell-deadlift,530,Dumbbell Deadlift,dumbbell-deadlift,HIGH_CONFIDENCE,0.67,Lower Back,full legs,Dumbbell,Dumbbell,,video/full legs/gif-male/dumbbell deadlift male.gif,HIGH_CONFIDENCE,context-constrained similarity score 0.67
1563,Dumbbell skier,dumbbell-skier,,,,UNMATCHED,0.00,Lower Back,,Dumbbell,,,,UNMATCHED,no deterministic Supabase slug/name/alias/media match
1564,TBS Dumbbell Romanian Deadlift,tbs-dumbbell-romanian-deadlift,530,Dumbbell Deadlift,dumbbell-deadlift,REVIEW,0.50,Lower Back,full legs,Dumbbell,Dumbbell,,video/full legs/gif-male/dumbbell deadlift male.gif,CONFLICT,candidate similarity score 0.50; multiple equal-confidence Supabase candidates
1565,Stiff-Legged Dumbbell Deadlift - Gethin Variation,stiff-legged-dumbbell-deadlift,602,Dumbbell Stiff Legged Deadlift,dumbbell-stiff-legged-deadlift,HIGH_CONFIDENCE,0.92,Lower Back,full legs,Dumbbell,Dumbbell,,video/full legs/gif-male/Dumbbell Stiff-Legged Deadlift male.gif,HIGH_CONFIDENCE,context-constrained similarity score 1.00
1566,UNS Dumbbell Romanian Deadlift,uns-dumbbell-romanian-deadlift,530,Dumbbell Deadlift,dumbbell-deadlift,REVIEW,0.50,Lower Back,full legs,Dumbbell,Dumbbell,,video/full legs/gif-male/dumbbell deadlift male.gif,CONFLICT,candidate similarity score 0.50; multiple equal-confidence Supabase candidates
1567,Holman Slow Deadlift,holman-slow-deadlift,,,,UNMATCHED,0.00,Lower Back,,Dumbbell,,,,UNMATCHED,no deterministic Supabase slug/name/alias/media match
1568,Holman Deadlift to Overhead Press,holman-deadlift-to-overhead-press,,,,UNMATCHED,0.00,Lower Back,,Dumbbell,,,,UNMATCHED,no deterministic Supabase slug/name/alias/media match
1569,Holman Staggered-Stance Deadlift,holman-staggered-stance-deadlift,,,,UNMATCHED,0.00,Lower Back,,Dumbbell,,,,UNMATCHED,no deterministic Supabase slug/name/alias/media match
1570,Holman Deadlift to Front Raise,holman-deadlift-to-front-raise,,,,UNMATCHED,0.00,Lower Back,,Dumbbell,,,,UNMATCHED,no deterministic Supabase slug/name/alias/media match
1571,Holman Deadlift to Chest Press,holman-deadlift-to-chest-press,,,,UNMATCHED,0.00,Lower Back,,Dumbbell,,,,UNMATCHED,no deterministic Supabase slug/name/alias/media match
1572,Holman Deadlift to Squat Thrust,holman-deadlift-to-squat-thrust,,,,UNMATCHED,0.00,Lower Back,,Dumbbell,,,,UNMATCHED,no deterministic Supabase slug/name/alias/media match
1573,Holman Deadlift to Biceps Curl,holman-deadlift-to-biceps-curl,,,,UNMATCHED,0.00,Lower Back,,Dumbbell,,,,UNMATCHED,no deterministic Supabase slug/name/alias/media match
1574,Dumbbell kickstand deadlift,dumbbell-kickstand-deadlift,530,Dumbbell Deadlift,dumbbell-deadlift,HIGH_CONFIDENCE,0.67,Lower Back,full legs,Dumbbell,Dumbbell,,video/full legs/gif-male/dumbbell deadlift male.gif,HIGH_CONFIDENCE,context-constrained similarity score 0.67
1575,Single-leg stiff-legged deadlift to row,single-leg-stiff-legged-deadlift-to-row,,,,UNMATCHED,0.00,Lower Back,,Dumbbell,,,,UNMATCHED,no deterministic Supabase slug/name/alias/media match
1576,FYR2 Dumbbell Deadlift,dumbbell-deadlift,530,Dumbbell Deadlift,dumbbell-deadlift,EXACT_SLUG,1.00,Lower Back,full legs,Dumbbell,Dumbbell,,video/full legs/gif-male/dumbbell deadlift male.gif,VERIFIED,local derived slug equals Supabase slug; normalized local name equals normalized Supabase name; local alias equals Supabase name: dumbbell deadlift; local alias equals Supabase slug: dumbbell deadlift
1577,FYR2 Dumbbell Deadlift to Dumbbell Upright Row,dumbbell-deadlift-to-dumbbell-upright-row,98,Dumbbell Upright Row,dumbbell-upright-row,HIGH_CONFIDENCE,0.60,Lower Back,BACK and TRAPEZIUS,Dumbbell,Dumbbell,,video/BACK and TRAPEZIUS/gif-male/Dumbbell upright row male.gif,HIGH_CONFIDENCE,context-constrained similarity score 0.60
1578,Atlas Stones,atlas-stones,,,,UNMATCHED,0.00,Lower Back,,Other,,,,UNMATCHED,no deterministic Supabase slug/name/alias/media match
1579,Axle Deadlift,axle-deadlift,175,Deadlift,deadlift,REVIEW,0.50,Lower Back,BACK and TRAPEZIUS,Other,Barbell,,video/BACK and TRAPEZIUS/videos/Deadlift .mp4,CONFLICT,candidate similarity score 0.50; incompatible  equipment
1580,Atlas Stone Trainer,atlas-stone-trainer,,,,UNMATCHED,0.00,Lower Back,,Other,,,,UNMATCHED,no deterministic Supabase slug/name/alias/media match
1581,Partner Flat-Bench Back Extension,partner-flat-bench-back-extension,,,,UNMATCHED,0.00,Lower Back,,Other,,,,UNMATCHED,no deterministic Supabase slug/name/alias/media match
1582,Keg Load,keg-load,,,,UNMATCHED,0.00,Lower Back,,Other,,,,UNMATCHED,no deterministic Supabase slug/name/alias/media match
1583,Partner bench back extension,partner-bench-back-extension,64,Back Extension,back-extension,REVIEW,0.50,Lower Back,BACK and TRAPEZIUS,Other,Body Only,,video/BACK and TRAPEZIUS/gif-female/Trunk hyperextension femme.gif,CONFLICT,candidate similarity score 0.50; incompatible  equipment
1584,Rack Pull - Gethin Variation,rack-pull,,,,UNMATCHED,0.00,Lower Back,,Other,,traps.mp4,,UNMATCHED,no deterministic Supabase slug/name/alias/media match
1585,Hex Bar Deadlift - Gethin Variation,hex-bar-deadlift,,,,UNMATCHED,0.00,Lower Back,,Other,,,,UNMATCHED,no deterministic Supabase slug/name/alias/media match
1586,Holman Deadlift,holman-deadlift,175,Deadlift,deadlift,REVIEW,0.50,Lower Back,BACK and TRAPEZIUS,Other,Barbell,,video/BACK and TRAPEZIUS/videos/Deadlift .mp4,CONFLICT,candidate similarity score 0.50; incompatible  equipment
1587,ACFT Low-handle trap bar deadlift,low-handle-trap-bar-deadlift,,,,UNMATCHED,0.00,Lower Back,,Other,,,,UNMATCHED,no deterministic Supabase slug/name/alias/media match
1588,Neutral-grip lat pull-down,neutral-grip-lat-pulldown,65,Wide-Grip Lat Pulldown,wide-grip-lat-pulldown,REVIEW,0.60,Lower Back,BACK and TRAPEZIUS,Cable,Bodyweight,,video/BACK and TRAPEZIUS/gif-female/wide-grip lat pulldown femme.gif,CONFLICT,candidate similarity score 0.60; incompatible  equipment
1589,Seated cable deadlift,seated-cable-deadlift,59,Seated Cable Row,seated-cable-row,REVIEW,0.50,Lower Back,BACK and TRAPEZIUS,Cable,Cable,,video/BACK and TRAPEZIUS/gif-female/cable-seated-row femme.gif,REVIEW,candidate similarity score 0.50
1590,Cable stiff-legged deadlift,cable-stiff-legged-deadlift,602,Dumbbell Stiff Legged Deadlift,dumbbell-stiff-legged-deadlift,REVIEW,0.60,Lower Back,full legs,Cable,Dumbbell,,video/full legs/gif-male/Dumbbell Stiff-Legged Deadlift male.gif,CONFLICT,candidate similarity score 0.60; incompatible  equipment
1591,Single-leg cable stiff-legged deadlift,single-leg-cable-stiff-legged-deadlift,523,Stiff Leg Deadlift,stiff-leg-deadlift,REVIEW,0.50,Lower Back,full legs,Cable,Barbell,,video/full legs/gif-male/stiff leg deadlift male.gif,CONFLICT,candidate similarity score 0.50; incompatible  equipment
1592,UNS Banded Dumbbell Romanian Deadlift,uns-banded-dumbbell-romanian-deadlift,,,,UNMATCHED,0.00,Lower Back,,Cable,,,,UNMATCHED,no deterministic Supabase slug/name/alias/media match
1593,Seated Back Extension,seated-back-extension,64,Back Extension,back-extension,REVIEW,0.67,Lower Back,BACK and TRAPEZIUS,Machine,Body Only,,video/BACK and TRAPEZIUS/gif-female/Trunk hyperextension femme.gif,CONFLICT,candidate similarity score 0.67; incompatible  equipment
1594,Back extension,back-extension,64,Back Extension,back-extension,EXACT_SLUG,1.00,Lower Back,BACK and TRAPEZIUS,Body Only,Body Only,Back Extensions .mp4,video/BACK and TRAPEZIUS/gif-female/Trunk hyperextension femme.gif,VERIFIED,local derived slug equals Supabase slug; normalized local name equals normalized Supabase name; local alias equals Supabase name: back extension; local alias equals Supabase slug: back extension; local linked video filename equals Supabase media filename: Back Extensions .mp4
1595,Hyperextensions With No Hyperextension Bench,hyperextensions-with-no-hyperextension-bench,,,,UNMATCHED,0.00,Lower Back,,Body Only,,,,UNMATCHED,no deterministic Supabase slug/name/alias/media match
1596,Superman,superman,,,,UNMATCHED,0.00,Lower Back,,Body Only,,,,UNMATCHED,no deterministic Supabase slug/name/alias/media match
1597,Hug A Ball,hug-a-ball,,,,UNMATCHED,0.00,Lower Back,,Body Only,,,,UNMATCHED,no deterministic Supabase slug/name/alias/media match
1598,Child's pose,child-s-pose,,,,UNMATCHED,0.00,Lower Back,,Body Only,,,,UNMATCHED,no deterministic Supabase slug/name/alias/media match
1599,Pelvic Tilt Into Bridge,pelvic-tilt-into-bridge,,,,UNMATCHED,0.00,Lower Back,,Body Only,,,,UNMATCHED,no deterministic Supabase slug/name/alias/media match
1600,Hug Knees To Chest,hug-knees-to-chest,,,,UNMATCHED,0.00,Lower Back,,Body Only,,,,UNMATCHED,no deterministic Supabase slug/name/alias/media match
1601,Pyramid,pyramid,,,,UNMATCHED,0.00,Lower Back,,Body Only,,,,UNMATCHED,no deterministic Supabase slug/name/alias/media match
1602,Partner Superman with alternating high-five,partner-superman-with-alternating-high-five,,,,UNMATCHED,0.00,Lower Back,,Body Only,,,,UNMATCHED,no deterministic Supabase slug/name/alias/media match
1603,Yoga plex,yoga-plex,,,,UNMATCHED,0.00,Lower Back,,Body Only,,,,UNMATCHED,no deterministic Supabase slug/name/alias/media match
1604,TBS Back Extension,tbs-back-extension,64,Back Extension,back-extension,HIGH_CONFIDENCE,0.67,Lower Back,BACK and TRAPEZIUS,Body Only,Body Only,,video/BACK and TRAPEZIUS/gif-female/Trunk hyperextension femme.gif,HIGH_CONFIDENCE,context-constrained similarity score 0.67
1605,Lower Back Stretch - Yates Variation,lower-back-stretch-yates,,,,UNMATCHED,0.00,Lower Back,,Body Only,,,,UNMATCHED,no deterministic Supabase slug/name/alias/media match
1606,Hyperextension - Gethin Variation,hyperextension,64,Back Extension,back-extension,ALIAS_MEDIA_MATCH,0.99,Lower Back,BACK and TRAPEZIUS,Body Only,Body Only,Back Extensions .mp4,video/BACK and TRAPEZIUS/gif-female/Trunk hyperextension femme.gif,VERIFIED,local linked video filename equals Supabase media filename: Back Extensions .mp4
1607,Back Extension - Gethin Variation,back-extension,64,Back Extension,back-extension,EXACT_SLUG,1.00,Lower Back,BACK and TRAPEZIUS,Body Only,Body Only,Back Extensions .mp4,video/BACK and TRAPEZIUS/gif-female/Trunk hyperextension femme.gif,VERIFIED,local derived slug equals Supabase slug; normalized local name equals normalized Supabase name; local alias equals Supabase name: back extension; local alias equals Supabase slug: back extension; local linked video filename equals Supabase media filename: Back Extensions .mp4
1608,HM Banana Stretch,hm-banana-stretch,,,,UNMATCHED,0.00,Lower Back,,Body Only,,,,UNMATCHED,no deterministic Supabase slug/name/alias/media match
1609,HM T-Spine Stretch on Wall,hm-t-spine-stretch-on-wall,,,,UNMATCHED,0.00,Lower Back,,Body Only,,,,UNMATCHED,no deterministic Supabase slug/name/alias/media match
1610,HM Child's Pose,hm-child-s-pose,,,,UNMATCHED,0.00,Lower Back,,Body Only,,,,UNMATCHED,no deterministic Supabase slug/name/alias/media match
1611,HM Cobra,hm-cobra,,,,UNMATCHED,0.00,Lower Back,,Body Only,,,,UNMATCHED,no deterministic Supabase slug/name/alias/media match
1612,HM Cobra With Arm Retraction,hm-cobra-with-arm-retraction,,,,UNMATCHED,0.00,Lower Back,,Body Only,,,,UNMATCHED,no deterministic Supabase slug/name/alias/media match
1613,HM Dive-Bomber,hm-dive-bomber,,,,UNMATCHED,0.00,Lower Back,,Body Only,,,,UNMATCHED,no deterministic Supabase slug/name/alias/media match
1614,HM Downward-Facing Dog Pose,hm-downward-facing-dog-pose,,,,UNMATCHED,0.00,Lower Back,,Body Only,,,,UNMATCHED,no deterministic Supabase slug/name/alias/media match
1615,HM Downward Dog To Left Leg Extension To Warrior Pose,hm-downward-dog-to-left-leg-extension-to-warrior-pose,,,,UNMATCHED,0.00,Lower Back,,Body Only,,,,UNMATCHED,no deterministic Supabase slug/name/alias/media match
1616,HM Downward Dog To Right Leg Extension To Warrior Pose,hm-downward-dog-to-right-leg-extension-to-warrior-pose,,,,UNMATCHED,0.00,Lower Back,,Body Only,,,,UNMATCHED,no deterministic Supabase slug/name/alias/media match
1617,HM Spine Twist,hm-spine-twist,,,,UNMATCHED,0.00,Lower Back,,Body Only,,,,UNMATCHED,no deterministic Supabase slug/name/alias/media match
1618,HM Good Morning,hm-good-morning,,,,UNMATCHED,0.00,Lower Back,,Body Only,,,,UNMATCHED,no deterministic Supabase slug/name/alias/media match
1619,HM Rag Doll,hm-rag-doll,,,,UNMATCHED,0.00,Lower Back,,Body Only,,,,UNMATCHED,no deterministic Supabase slug/name/alias/media match
1620,HM Upward-Facing Dog Pose,hm-upward-facing-dog-pose,,,,UNMATCHED,0.00,Lower Back,,Body Only,,,,UNMATCHED,no deterministic Supabase slug/name/alias/media match
1621,Superman-,superman,,,,UNMATCHED,0.00,Lower Back,,Body Only,,,,UNMATCHED,no deterministic Supabase slug/name/alias/media match
1622,Weighted back extension,weighted-back-extension,64,Back Extension,back-extension,HIGH_CONFIDENCE,0.67,Lower Back,BACK and TRAPEZIUS,Body Only,Body Only,,video/BACK and TRAPEZIUS/gif-female/Trunk hyperextension femme.gif,HIGH_CONFIDENCE,context-constrained similarity score 0.67
1623,MetaBurn Alternating Superman,metaburn-alternating-superman,,,,UNMATCHED,0.00,Lower Back,,Body Only,,,,UNMATCHED,no deterministic Supabase slug/name/alias/media match
1624,MetaBurn Swimmer,metaburn-swimmer,,,,UNMATCHED,0.00,Lower Back,,Body Only,,,,UNMATCHED,no deterministic Supabase slug/name/alias/media match
1625,Dancer's Stretch,dancer-s-stretch,,,,UNMATCHED,0.00,Lower Back,,None,,,,UNMATCHED,no deterministic Supabase slug/name/alias/media match
1626,Cat Stretch,cat-stretch,,,,UNMATCHED,0.00,Lower Back,,None,,,,UNMATCHED,no deterministic Supabase slug/name/alias/media match
1627,Crossover Reverse Lunge,crossover-reverse-lunge,515,Deficit Reverse Lunge,deficit-reverse-lunge,REVIEW,0.50,Lower Back,full legs,None,Bodyweight,,video/full legs/videos/Deficit reverse lunge.mp4,CONFLICT,candidate similarity score 0.50; incompatible category
1628,Standing Pelvic Tilt,standing-pelvic-tilt,,,,UNMATCHED,0.00,Lower Back,,None,,,,UNMATCHED,no deterministic Supabase slug/name/alias/media match
1629,Exercise ball weighted hyperextension,exercise-ball-weighted-hyperextension,,,,UNMATCHED,0.00,Lower Back,,Exercise Ball,,,,UNMATCHED,no deterministic Supabase slug/name/alias/media match
1630,Exercise ball rear delt fly,exercise-ball-rear-delt-fly,184,Rear Delt Fly,rear-delt-fly,REVIEW,0.60,Lower Back,BACK and TRAPEZIUS,Exercise Ball,Barbell,,video/BACK and TRAPEZIUS/videos/Rear Delt Fly.mp4,CONFLICT,candidate similarity score 0.60; incompatible  equipment
1631,Lying rear delt Y,lying-rear-delt-y,,,,UNMATCHED,0.00,Lower Back,,Exercise Ball,,,,UNMATCHED,no deterministic Supabase slug/name/alias/media match
1632,Partner Facing Feet-Elevated Side Plank With Band Row,partner-facing-feet-elevated-side-plank-with-band-row,,,,UNMATCHED,0.00,Middle Back,,Bands,,,,UNMATCHED,no deterministic Supabase slug/name/alias/media match
1633,Partner side plank band row,partner-side-plank-band-row,,,,UNMATCHED,0.00,Middle Back,,Bands,,,,UNMATCHED,no deterministic Supabase slug/name/alias/media match
1634,Band-assisted chin-up,band-assisted-chinup,57,Band-Assisted Pull-Up,band-assisted-pull-up,REVIEW,0.50,Middle Back,BACK and TRAPEZIUS,Bands,Bands,,video/BACK and TRAPEZIUS/gif-female/band-assisted-pull-up  femme.gif,REVIEW,candidate similarity score 0.50
1635,30 Back Band-Assisted Pull-Up,band-assisted-pullup,57,Band-Assisted Pull-Up,band-assisted-pull-up,EXACT_SLUG,1.00,Middle Back,BACK and TRAPEZIUS,Bands,Bands,,video/BACK and TRAPEZIUS/gif-female/band-assisted-pull-up  femme.gif,VERIFIED,local derived slug equals Supabase slug; normalized local name equals normalized Supabase name; local alias equals Supabase name: band assisted pullup; local alias equals Supabase slug: band assisted pullup
1636,30 Back Reverse-Grip Band-Assisted Pull-Up,reverse-grip-band-assisted-pullup,57,Band-Assisted Pull-Up,band-assisted-pull-up,HIGH_CONFIDENCE,0.60,Middle Back,BACK and TRAPEZIUS,Bands,Bands,,video/BACK and TRAPEZIUS/gif-female/band-assisted-pull-up  femme.gif,HIGH_CONFIDENCE,context-constrained similarity score 0.60
1637,Band bent-over row,band-bent-over-row,78,Bent-Over Barbell Row,bent-over-barbell-row,REVIEW,0.60,Middle Back,BACK and TRAPEZIUS,Bands,Barbell,,video/BACK and TRAPEZIUS/gif-male/Bent-Over Barbell Row male.gif,CONFLICT,candidate similarity score 0.60; incompatible  equipment
1638,Heavy band bent-over row,heavy-band-bent-over-row,78,Bent-Over Barbell Row,bent-over-barbell-row,REVIEW,0.50,Middle Back,BACK and TRAPEZIUS,Bands,Barbell,,video/BACK and TRAPEZIUS/gif-male/Bent-Over Barbell Row male.gif,CONFLICT,candidate similarity score 0.50; incompatible  equipment
1639,Reverse-grip bent-over row,reverse-grip-bent-over-row,66,Wide-Grip Pronated Bent-Over Row,wide-grip-pronated-bent-over-row,REVIEW,0.57,Middle Back,BACK and TRAPEZIUS,Barbell,Bodyweight,,video/BACK and TRAPEZIUS/gif-female/Wide-grip pronated bent-over row femme.gif,CONFLICT,candidate similarity score 0.57; incompatible  equipment
1640,One-Arm Long Bar Row,single-arm-long-bar-row,147,Standing Single-Arm T-Bar Row,standing-single-arm-t-bar-row,REVIEW,0.57,Middle Back,BACK and TRAPEZIUS,Barbell,Bodyweight,,video/BACK and TRAPEZIUS/gif-male/standing T-bar row single arm male.gif,CONFLICT,candidate similarity score 0.57; incompatible  equipment
1641,Bent Over Barbell Row,bent-over-barbell-row,78,Bent-Over Barbell Row,bent-over-barbell-row,EXACT_SLUG,1.00,Middle Back,BACK and TRAPEZIUS,Barbell,Barbell,Cable Back Row 1.mp4,video/BACK and TRAPEZIUS/gif-male/Bent-Over Barbell Row male.gif,VERIFIED,local derived slug equals Supabase slug; normalized local name equals normalized Supabase name; local alias equals Supabase name: bent over barbell row; local alias equals Supabase slug: bent over barbell row
1642,Yates Row Reverse Grip,yates-row-reverse-grip,67,Yates Row,yates-row,REVIEW,0.50,Middle Back,BACK and TRAPEZIUS,Barbell,Barbell,,video/BACK and TRAPEZIUS/gif-female/Yates-row femme.gif,REVIEW,candidate similarity score 0.50
1643,Pendlay Row,pendlay-row,166,Cable Back Row 3,cable-back-row-3,REVIEW,0.60,Middle Back,BACK and TRAPEZIUS,Barbell,Cable,Cable Back Row 1.mp4,video/BACK and TRAPEZIUS/videos/Cable Back Row 3.mp4,CONFLICT,candidate similarity score 0.60; incompatible  equipment
1644,Straight Bar Bench Mid Rows,straight-bar-bench-mid-row,,,,UNMATCHED,0.00,Middle Back,,Barbell,,,,UNMATCHED,no deterministic Supabase slug/name/alias/media match
1645,Barbell seal row,barbell-seal-row,69,Barbell Row,barbell-row,HIGH_CONFIDENCE,0.67,Middle Back,BACK and TRAPEZIUS,Barbell,Barbell,,video/BACK and TRAPEZIUS/gif-male/barbell row male.gif,HIGH_CONFIDENCE,context-constrained similarity score 0.67
1646,Yates Row,yates-row,67,Yates Row,yates-row,EXACT_SLUG,1.00,Middle Back,BACK and TRAPEZIUS,Barbell,Barbell,,video/BACK and TRAPEZIUS/gif-female/Yates-row femme.gif,VERIFIED,local derived slug equals Supabase slug; normalized local name equals normalized Supabase name; local alias equals Supabase name: yates row; local alias equals Supabase slug: yates row
1647,Plate Row,plate-row,,,,UNMATCHED,0.00,Middle Back,,Barbell,,,,UNMATCHED,no deterministic Supabase slug/name/alias/media match
1648,Barbell Deadlift Bent Row Complex,barbell-deadlift-bent-row-complex,78,Bent-Over Barbell Row,bent-over-barbell-row,REVIEW,0.50,Middle Back,BACK and TRAPEZIUS,Barbell,Barbell,,video/BACK and TRAPEZIUS/gif-male/Bent-Over Barbell Row male.gif,REVIEW,candidate similarity score 0.50
1649,Single-Arm Landmine Row,single-arm-landmine-row,114,Landmine Row,landmine-row,ALIAS_MEDIA_MATCH,0.99,Middle Back,BACK and TRAPEZIUS,Barbell,Bodyweight,Landmine Row.mp4,video/BACK and TRAPEZIUS/gif-male/landmine-row male.gif,CONFLICT,local linked video filename equals Supabase media filename: Landmine Row.mp4; incompatible  equipment
1650,TBS T-Bar Row,tbs-t-bar-row,151,T-Bar Row,t-bar-row,REVIEW,0.74,Middle Back,BACK and TRAPEZIUS,Barbell,Other,,video/BACK and TRAPEZIUS/gif-male/t-bar-row-muscles male.gif,CONFLICT,candidate similarity score 0.75; incompatible  equipment
1651,TBS Deficit Deadlift,tbs-deficit-deadlift,,,,UNMATCHED,0.00,Middle Back,,Barbell,,,,UNMATCHED,no deterministic Supabase slug/name/alias/media match
1652,Bent-Over Barbell Row - Gethin Variation,bent-over-barbell-row,78,Bent-Over Barbell Row,bent-over-barbell-row,EXACT_SLUG,1.00,Middle Back,BACK and TRAPEZIUS,Barbell,Barbell,Cable Back Row 1.mp4,video/BACK and TRAPEZIUS/gif-male/Bent-Over Barbell Row male.gif,VERIFIED,local derived slug equals Supabase slug; normalized local name equals normalized Supabase name; local alias equals Supabase name: bent over barbell row; local alias equals Supabase slug: bent over barbell row
1653,Barbell bent-over row,barbell-bent-over-row,78,Bent-Over Barbell Row,bent-over-barbell-row,HIGH_CONFIDENCE,0.92,Middle Back,BACK and TRAPEZIUS,Barbell,Barbell,,video/BACK and TRAPEZIUS/gif-male/Bent-Over Barbell Row male.gif,HIGH_CONFIDENCE,context-constrained similarity score 1.00
1654,UN Barbell Rack Pull,un-barbell-rack-pull,,,,UNMATCHED,0.00,Middle Back,,Barbell,,,,UNMATCHED,no deterministic Supabase slug/name/alias/media match
1655,UN Barbell Scrape The Rack,un-barbell-scrape-the-rack,,,,UNMATCHED,0.00,Middle Back,,Barbell,,,,UNMATCHED,no deterministic Supabase slug/name/alias/media match
1656,Barbell deadlift bent-over row complex,barbell-deadlift-bent-over-row-complex,78,Bent-Over Barbell Row,bent-over-barbell-row,HIGH_CONFIDENCE,0.67,Middle Back,BACK and TRAPEZIUS,Barbell,Barbell,,video/BACK and TRAPEZIUS/gif-male/Bent-Over Barbell Row male.gif,HIGH_CONFIDENCE,context-constrained similarity score 0.67
1657,30 Back Barbell Deadlift,barbell-deadlift,592,Barbell Deadlift,barbell-deadlift,EXACT_SLUG,1.00,Middle Back,full legs,Barbell,Barbell,Deadlift .mp4,video/full legs/gif-male/barbell deadlift male.gif,VERIFIED,local derived slug equals Supabase slug; normalized local name equals normalized Supabase name; local alias equals Supabase name: barbell deadlift; local alias equals Supabase slug: barbell deadlift
1658,30 Back Bent-Over Barbell Row,bent-over-barbell-row,78,Bent-Over Barbell Row,bent-over-barbell-row,EXACT_SLUG,1.00,Middle Back,BACK and TRAPEZIUS,Barbell,Barbell,Cable Back Row 1.mp4,video/BACK and TRAPEZIUS/gif-male/Bent-Over Barbell Row male.gif,VERIFIED,local derived slug equals Supabase slug; normalized local name equals normalized Supabase name; local alias equals Supabase name: bent over barbell row; local alias equals Supabase slug: bent over barbell row
1659,30 Back T-Bar Row,t-bar-row,151,T-Bar Row,t-bar-row,EXACT_SLUG,1.00,Middle Back,BACK and TRAPEZIUS,Barbell,Other,Cable Back Row 1.mp4,video/BACK and TRAPEZIUS/gif-male/t-bar-row-muscles male.gif,CONFLICT,local derived slug equals Supabase slug; normalized local name equals normalized Supabase name; local alias equals Supabase name: t bar row; local alias equals Supabase slug: t bar row; incompatible  equipment
1660,30 Back Underhand Bent-Over Barbell Row,underhand-bent-over-barbell-row,78,Bent-Over Barbell Row,bent-over-barbell-row,HIGH_CONFIDENCE,0.80,Middle Back,BACK and TRAPEZIUS,Barbell,Barbell,,video/BACK and TRAPEZIUS/gif-male/Bent-Over Barbell Row male.gif,HIGH_CONFIDENCE,context-constrained similarity score 0.80
1661,Kettlebell alternating renegade row,kettlebell-alternating-renegade-row,,,,UNMATCHED,0.00,Middle Back,,Kettlebells,,,,UNMATCHED,no deterministic Supabase slug/name/alias/media match
1662,Alternating Kettlebell Row,alternating-kettlebell-row,,,,UNMATCHED,0.00,Middle Back,,Kettlebells,,,,UNMATCHED,no deterministic Supabase slug/name/alias/media match
1663,Two-Arm Kettlebell Row,two-arm-kettlebell-row,,,,UNMATCHED,0.00,Middle Back,,Kettlebells,,,,UNMATCHED,no deterministic Supabase slug/name/alias/media match
1664,Kettlebell bent-over row to clean,kettlebell-bent-over-row-to-clean,,,,UNMATCHED,0.00,Middle Back,,Kettlebells,,,,UNMATCHED,no deterministic Supabase slug/name/alias/media match
1665,UP Deficit Kettlebell Stiff-Legged Deadlift,up-deficit-kettlebell-stiff-legged-deadlift,,,,UNMATCHED,0.00,Middle Back,,Kettlebells,,,,UNMATCHED,no deterministic Supabase slug/name/alias/media match
1666,FYR2 Dagger-Grip Double-Kettlebell Gorilla Row,dagger-grip-double-kettlebell-gorilla-row,,,,UNMATCHED,0.00,Middle Back,,Kettlebells,,,,UNMATCHED,no deterministic Supabase slug/name/alias/media match
1667,FYR2 Double-Kettlebell Swing Clean,double-kettlebell-swing-clean,,,,UNMATCHED,0.00,Middle Back,,Kettlebells,,,,UNMATCHED,no deterministic Supabase slug/name/alias/media match
1668,Single-arm kettlebell row-,single-arm-kettlebell-row,63,Single-Arm Dumbbell Row,single-arm-dumbbell-row,REVIEW,0.60,Middle Back,BACK and TRAPEZIUS,Kettlebells,Dumbbell,,video/BACK and TRAPEZIUS/gif-female/Single-arm row with bench support femme.gif,CONFLICT,candidate similarity score 0.60; incompatible  equipment
1669,FYR2 Ascending-Rep Swing-Squat Complex,ascending-rep-swing-squat-complex,,,,UNMATCHED,0.00,Middle Back,,Kettlebells,,,,UNMATCHED,no deterministic Supabase slug/name/alias/media match
1670,One-Arm Dumbbell Row,single-arm-dumbbell-row,63,Single-Arm Dumbbell Row,single-arm-dumbbell-row,EXACT_SLUG,1.00,Middle Back,BACK and TRAPEZIUS,Dumbbell,Dumbbell,Cable Back Row 1.mp4,video/BACK and TRAPEZIUS/gif-female/Single-arm row with bench support femme.gif,VERIFIED,local derived slug equals Supabase slug; normalized local name equals normalized Supabase name; local alias equals Supabase name: single arm dumbbell row; local alias equals Supabase slug: single arm dumbbell row
1671,Incline dumbbell row,incline-dumbbell-row,107,Incline Bench Dumbbell Row,incline-bench-dumbbell-row,HIGH_CONFIDENCE,0.75,Middle Back,BACK and TRAPEZIUS,Dumbbell,Dumbbell,,video/BACK and TRAPEZIUS/gif-male/Incline bench dumbbell rowIncline bench dumbbell row male.gif,HIGH_CONFIDENCE,context-constrained similarity score 0.75
1672,Bent Over Two-Dumbbell Row With Palms In,bent-over-two-dumbbell-row-with-palms-in,,,,UNMATCHED,0.00,Middle Back,,Dumbbell,,,,UNMATCHED,no deterministic Supabase slug/name/alias/media match
1673,Man-maker,man-maker,,,,UNMATCHED,0.00,Middle Back,,Dumbbell,,,,UNMATCHED,no deterministic Supabase slug/name/alias/media match
1674,Dumbbell bent-over row,dumbbell-bent-over-row,78,Bent-Over Barbell Row,bent-over-barbell-row,REVIEW,0.60,Middle Back,BACK and TRAPEZIUS,Dumbbell,Barbell,,video/BACK and TRAPEZIUS/gif-male/Bent-Over Barbell Row male.gif,CONFLICT,candidate similarity score 0.60; incompatible  equipment
1675,Middle Back Shrug,middle-back-shrug,,,,UNMATCHED,0.00,Middle Back,,Dumbbell,,,,UNMATCHED,no deterministic Supabase slug/name/alias/media match
1676,Dumbbell pull-over to skullcrusher,dumbbell-pullover-to-skull-crusher,,,,UNMATCHED,0.00,Middle Back,,Dumbbell,,,,UNMATCHED,no deterministic Supabase slug/name/alias/media match
1677,Dumbbell Fix Single-Arm Dumbbell Row,dumbbell-fix-single-arm-dumbbell-row,63,Single-Arm Dumbbell Row,single-arm-dumbbell-row,HIGH_CONFIDENCE,0.80,Middle Back,BACK and TRAPEZIUS,Dumbbell,Dumbbell,,video/BACK and TRAPEZIUS/gif-female/Single-arm row with bench support femme.gif,HIGH_CONFIDENCE,context-constrained similarity score 0.80
1678,Dumbbell Fix Bent-Over Dumbbell Row,dumbbell-fix-bent-over-dumbbell-row,78,Bent-Over Barbell Row,bent-over-barbell-row,REVIEW,0.50,Middle Back,BACK and TRAPEZIUS,Dumbbell,Barbell,,video/BACK and TRAPEZIUS/gif-male/Bent-Over Barbell Row male.gif,CONFLICT,candidate similarity score 0.50; incompatible  equipment
1679,Dumbbell Seal Row - Gethin Variation,dumbbell-seal-row,98,Dumbbell Upright Row,dumbbell-upright-row,REVIEW,0.50,Middle Back,BACK and TRAPEZIUS,Dumbbell,Dumbbell,,video/BACK and TRAPEZIUS/gif-male/Dumbbell upright row male.gif,REVIEW,candidate similarity score 0.50
1680,Decline dumbbell chest fly,decline-dumbbell-chest-fly,236,Dumbbell Chest Fly,dumbbell-chest-fly,REVIEW,0.74,Middle Back,Chest,Dumbbell,Dumbbell,,video/Chest/gif-male/Crucifico com halteres male.gif,CONFLICT,candidate similarity score 0.75; incompatible category
1681,TBS Bent-Over Dumbbell Row,tbs-bent-over-dumbbell-row,78,Bent-Over Barbell Row,bent-over-barbell-row,REVIEW,0.50,Middle Back,BACK and TRAPEZIUS,Dumbbell,Barbell,,video/BACK and TRAPEZIUS/gif-male/Bent-Over Barbell Row male.gif,CONFLICT,candidate similarity score 0.50; incompatible  equipment
1682,HM Alternating Bent-Over Quick Row,hm-alternating-bent-over-quick-row,,,,UNMATCHED,0.00,Middle Back,,Dumbbell,,,,UNMATCHED,no deterministic Supabase slug/name/alias/media match
1683,HM Bent-Over Dumbbell Row,hm-bent-over-dumbbell-row,78,Bent-Over Barbell Row,bent-over-barbell-row,REVIEW,0.50,Middle Back,BACK and TRAPEZIUS,Dumbbell,Barbell,,video/BACK and TRAPEZIUS/gif-male/Bent-Over Barbell Row male.gif,CONFLICT,candidate similarity score 0.50; incompatible  equipment
1684,AM Single Arm Row,single-arm-row,63,Single-Arm Dumbbell Row,single-arm-dumbbell-row,HIGH_CONFIDENCE,0.75,Middle Back,BACK and TRAPEZIUS,Dumbbell,Dumbbell,Cable Back Row 1.mp4,video/BACK and TRAPEZIUS/gif-female/Single-arm row with bench support femme.gif,HIGH_CONFIDENCE,context-constrained similarity score 0.75
1685,Dumbbell stiff-legged deadlift,dumbbell-stiff-legged-deadlift,602,Dumbbell Stiff Legged Deadlift,dumbbell-stiff-legged-deadlift,EXACT_SLUG,1.00,Middle Back,full legs,Dumbbell,Dumbbell,,video/full legs/gif-male/Dumbbell Stiff-Legged Deadlift male.gif,VERIFIED,local derived slug equals Supabase slug; normalized local name equals normalized Supabase name; local alias equals Supabase name: dumbbell stiff legged deadlift; local alias equals Supabase slug: dumbbell stiff legged deadlift
1686,Single-arm bench dumbbell row,single-arm-bench-dumbbell-row,63,Single-Arm Dumbbell Row,single-arm-dumbbell-row,HIGH_CONFIDENCE,0.80,Middle Back,BACK and TRAPEZIUS,Dumbbell,Dumbbell,,video/BACK and TRAPEZIUS/gif-female/Single-arm row with bench support femme.gif,HIGH_CONFIDENCE,context-constrained similarity score 0.80
1687,UN Bent-Over Dumbbell Row,un-bent-over-dumbbell-row,78,Bent-Over Barbell Row,bent-over-barbell-row,REVIEW,0.50,Middle Back,BACK and TRAPEZIUS,Dumbbell,Barbell,,video/BACK and TRAPEZIUS/gif-male/Bent-Over Barbell Row male.gif,CONFLICT,candidate similarity score 0.50; incompatible  equipment
1688,UN Dumbbell RDL,un-dumbbell-rdl,,,,UNMATCHED,0.00,Middle Back,,Dumbbell,,,,UNMATCHED,no deterministic Supabase slug/name/alias/media match
1689,UN Chest Supported Row,un-chest-supported-row,,,,UNMATCHED,0.00,Middle Back,,Dumbbell,,,,UNMATCHED,no deterministic Supabase slug/name/alias/media match
1690,MetaBurn Bent-Over Renegade Row,metaburn-bent-over-renegade-row,78,Bent-Over Barbell Row,bent-over-barbell-row,REVIEW,0.50,Middle Back,BACK and TRAPEZIUS,Dumbbell,Barbell,,video/BACK and TRAPEZIUS/gif-male/Bent-Over Barbell Row male.gif,CONFLICT,candidate similarity score 0.50; incompatible  equipment
1691,30 Back Bent-Over Dumbbell Row,bent-over-dumbbell-row,78,Bent-Over Barbell Row,bent-over-barbell-row,REVIEW,0.60,Middle Back,BACK and TRAPEZIUS,Dumbbell,Barbell,,video/BACK and TRAPEZIUS/gif-male/Bent-Over Barbell Row male.gif,CONFLICT,candidate similarity score 0.60; incompatible  equipment
1692,30 Back Dumbbell Pull-Over,dumbbell-pullover,203,Dumbbell Pullover,dumbbell-pullover,EXACT_SLUG,1.00,Middle Back,Chest,Dumbbell,Dumbbell,,video/Chest/gif-male/dumbbell-pullover male.gif,VERIFIED,local derived slug equals Supabase slug; normalized local name equals normalized Supabase name; local alias equals Supabase name: dumbbell pullover; local alias equals Supabase slug: dumbbell pullover
1693,30 Back Incline Dumbbell Row,incline-dumbbell-row,107,Incline Bench Dumbbell Row,incline-bench-dumbbell-row,HIGH_CONFIDENCE,0.75,Middle Back,BACK and TRAPEZIUS,Dumbbell,Dumbbell,,video/BACK and TRAPEZIUS/gif-male/Incline bench dumbbell rowIncline bench dumbbell row male.gif,HIGH_CONFIDENCE,context-constrained similarity score 0.75
1694,30 Back Single-Arm Dumbbell Row,single-arm-dumbbell-row,63,Single-Arm Dumbbell Row,single-arm-dumbbell-row,EXACT_SLUG,1.00,Middle Back,BACK and TRAPEZIUS,Dumbbell,Dumbbell,Cable Back Row 1.mp4,video/BACK and TRAPEZIUS/gif-female/Single-arm row with bench support femme.gif,VERIFIED,local derived slug equals Supabase slug; normalized local name equals normalized Supabase name; local alias equals Supabase name: single arm dumbbell row; local alias equals Supabase slug: single arm dumbbell row
1695,30 Back Single-Arm Dumbbell Swing Row,single-arm-dumbbell-swing-row,63,Single-Arm Dumbbell Row,single-arm-dumbbell-row,HIGH_CONFIDENCE,0.80,Middle Back,BACK and TRAPEZIUS,Dumbbell,Dumbbell,,video/BACK and TRAPEZIUS/gif-female/Single-arm row with bench support femme.gif,HIGH_CONFIDENCE,context-constrained similarity score 0.80
1696,T-Bar Row with Handle,t-bar-row-with-handle,151,T-Bar Row,t-bar-row,HIGH_CONFIDENCE,0.60,Middle Back,BACK and TRAPEZIUS,Other,Other,,video/BACK and TRAPEZIUS/gif-male/t-bar-row-muscles male.gif,HIGH_CONFIDENCE,context-constrained similarity score 0.60
1697,T-Bar Row,t-bar-row,151,T-Bar Row,t-bar-row,EXACT_SLUG,1.00,Middle Back,BACK and TRAPEZIUS,Other,Other,Cable Back Row 1.mp4,video/BACK and TRAPEZIUS/gif-male/t-bar-row-muscles male.gif,VERIFIED,local derived slug equals Supabase slug; normalized local name equals normalized Supabase name; local alias equals Supabase name: t bar row; local alias equals Supabase slug: t bar row
1698,Alternating sit-through with crunch,alternating-sit-through-with-crunch,,,,UNMATCHED,0.00,Middle Back,,Other,,,,UNMATCHED,no deterministic Supabase slug/name/alias/media match
1699,Seated Cable Rows,seated-cable-row,59,Seated Cable Row,seated-cable-row,EXACT_SLUG,1.00,Middle Back,BACK and TRAPEZIUS,Cable,Cable,Cable Row Grip Mid Lats.mp4,video/BACK and TRAPEZIUS/gif-female/cable-seated-row femme.gif,VERIFIED,local derived slug equals Supabase slug; normalized local name equals normalized Supabase name; local alias equals Supabase name: seated cable row; local alias equals Supabase slug: seated cable row
1700,Upside-down pull-up,upside-down-pullup,,,,UNMATCHED,0.00,Middle Back,,Other,,,,UNMATCHED,no deterministic Supabase slug/name/alias/media match
1701,Smith machine inverted row,smith-machine-inverted-row,142,Smith Machine Row,smith-machine-row,REVIEW,0.74,Middle Back,BACK and TRAPEZIUS,Other,Machine,,video/BACK and TRAPEZIUS/gif-male/Smith machine row male.gif,CONFLICT,candidate similarity score 0.75; incompatible  equipment
1702,Lying T-Bar Row,lying-t-bar-row,151,T-Bar Row,t-bar-row,HIGH_CONFIDENCE,0.75,Middle Back,BACK and TRAPEZIUS,Other,Other,,video/BACK and TRAPEZIUS/gif-male/t-bar-row-muscles male.gif,HIGH_CONFIDENCE,context-constrained similarity score 0.75
1703,Suspended row,suspended-row,,,,UNMATCHED,0.00,Middle Back,,Other,,,,UNMATCHED,no deterministic Supabase slug/name/alias/media match
1704,Inverted Row with Straps,inverted-row-with-straps,112,Inverted Row,inverted-row,REVIEW,0.50,Middle Back,BACK and TRAPEZIUS,Other,Bodyweight,,video/BACK and TRAPEZIUS/gif-male/inverted-row male.gif,CONFLICT,candidate similarity score 0.50; incompatible  equipment
1705,One Arm Chin-Up,single-arm-chinup,,,,UNMATCHED,0.00,Middle Back,,Other,,,,UNMATCHED,no deterministic Supabase slug/name/alias/media match
1706,Sled Row,sled-row,,,,UNMATCHED,0.00,Middle Back,,Other,,,,UNMATCHED,no deterministic Supabase slug/name/alias/media match
1707,Paul Carter T-Bar Row,paul-carter-t-bar-row,151,T-Bar Row,t-bar-row,HIGH_CONFIDENCE,0.60,Middle Back,BACK and TRAPEZIUS,Other,Other,,video/BACK and TRAPEZIUS/gif-male/t-bar-row-muscles male.gif,HIGH_CONFIDENCE,context-constrained similarity score 0.60
1708,Single-Arm Bent-Over Rear Delt Raise - Gethin Variation,single-arm-bent-over-rear-delt-raise,,,,UNMATCHED,0.00,Middle Back,,Other,,,,UNMATCHED,no deterministic Supabase slug/name/alias/media match
1709,30 Back Plate Hyperextension,plate-hyperextension,,,,UNMATCHED,0.00,Middle Back,,Other,,,,UNMATCHED,no deterministic Supabase slug/name/alias/media match
1710,Seated Cable Rows,seated-cable-row,59,Seated Cable Row,seated-cable-row,EXACT_SLUG,1.00,Middle Back,BACK and TRAPEZIUS,Cable,Cable,Cable Row Grip Mid Lats.mp4,video/BACK and TRAPEZIUS/gif-female/cable-seated-row femme.gif,VERIFIED,local derived slug equals Supabase slug; normalized local name equals normalized Supabase name
1711,Single-arm cable seated row,single-arm-cable-seated-row,59,Seated Cable Row,seated-cable-row,HIGH_CONFIDENCE,0.60,Middle Back,BACK and TRAPEZIUS,Cable,Cable,,video/BACK and TRAPEZIUS/gif-female/cable-seated-row femme.gif,HIGH_CONFIDENCE,context-constrained similarity score 0.60
1712,Paul Carter Lat Pull-Down,paul-carter-lat-pulldown,,,,UNMATCHED,0.00,Middle Back,,Cable,,,,UNMATCHED,no deterministic Supabase slug/name/alias/media match
1713,TBS Lat Pull-Down,tbs-lat-pulldown,115,Lat Pulldown Machine,lat-pulldown-machine,REVIEW,0.50,Middle Back,BACK and TRAPEZIUS,Cable,Machine,,video/BACK and TRAPEZIUS/gif-male/lat pulldown machine male.gif,CONFLICT,candidate similarity score 0.50; incompatible  equipment
1714,One-Arm Cable Read Delt Fly - Gethin Variation,single-arm-cable-read-delt-fly,,,,UNMATCHED,0.00,Middle Back,,Cable,,,,UNMATCHED,no deterministic Supabase slug/name/alias/media match
1715,UP Seated Cable Row,up-seated-cable-row,59,Seated Cable Row,seated-cable-row,HIGH_CONFIDENCE,0.75,Middle Back,BACK and TRAPEZIUS,Cable,Cable,,video/BACK and TRAPEZIUS/gif-female/cable-seated-row femme.gif,HIGH_CONFIDENCE,context-constrained similarity score 0.75
1716,UP Cable Straight-Arm Pull-Down,up-cable-straight-arm-pulldown,137,Single-Arm Cable Pulldown,single-arm-cable-pulldown,REVIEW,0.50,Middle Back,BACK and TRAPEZIUS,Cable,Cable,,video/BACK and TRAPEZIUS/gif-male/Single-arm cable pulldown bunch male.gif,REVIEW,candidate similarity score 0.50
1717,UN Cable Pull-Through,un-cable-pull-through,,,,UNMATCHED,0.00,Middle Back,,Cable,,,,UNMATCHED,no deterministic Supabase slug/name/alias/media match
1718,30 Back Close-Grip Seated Cable Row,close-grip-seated-cable-row,59,Seated Cable Row,seated-cable-row,HIGH_CONFIDENCE,0.60,Middle Back,BACK and TRAPEZIUS,Cable,Cable,,video/BACK and TRAPEZIUS/gif-female/cable-seated-row femme.gif,HIGH_CONFIDENCE,context-constrained similarity score 0.60
1719,30 Back Incline Face-Up Cable Pull-Down,incline-face-up-cable-pulldown,,,,UNMATCHED,0.00,Middle Back,,Cable,,,,UNMATCHED,no deterministic Supabase slug/name/alias/media match
1720,30 Back Kneeling High Cable Pull-Down,kneeling-high-cable-pulldown,,,,UNMATCHED,0.00,Middle Back,,Cable,,,,UNMATCHED,no deterministic Supabase slug/name/alias/media match
1721,30 Back Leaning V-Bar Pull-Down,leaning-v-bar-pulldown,,,,UNMATCHED,0.00,Middle Back,,Cable,,,,UNMATCHED,no deterministic Supabase slug/name/alias/media match
1722,30 Back Reverse-Grip Pull-Down,reverse-grip-pulldown,,,,UNMATCHED,0.00,Middle Back,,Cable,,,,UNMATCHED,no deterministic Supabase slug/name/alias/media match
1723,30 Back Standing Low Cable Bar Row,standing-low-cable-bar-row,148,Standing Cable Row,standing-cable-row,HIGH_CONFIDENCE,0.60,Middle Back,BACK and TRAPEZIUS,Cable,Cable,,video/BACK and TRAPEZIUS/gif-male/standing-cable-row male.gif,HIGH_CONFIDENCE,context-constrained similarity score 0.60
1724,30 Back Standing Low Cable Rope Row,standing-low-cable-rope-row,148,Standing Cable Row,standing-cable-row,HIGH_CONFIDENCE,0.60,Middle Back,BACK and TRAPEZIUS,Cable,Cable,,video/BACK and TRAPEZIUS/gif-male/standing-cable-row male.gif,HIGH_CONFIDENCE,context-constrained similarity score 0.60
1725,30 Back Straight-Arm Bar Pull-Down,straight-arm-bar-pulldown,,,,UNMATCHED,0.00,Middle Back,,Cable,,,,UNMATCHED,no deterministic Supabase slug/name/alias/media match
1726,30 Back Straight-Arm Rope Pull-Down,straight-arm-rope-pulldown,131,Rope Pulldown,rope-pulldown,REVIEW,0.50,Middle Back,BACK and TRAPEZIUS,Cable,Bodyweight,,video/BACK and TRAPEZIUS/gif-male/Rope pulldown male.gif,CONFLICT,candidate similarity score 0.50; incompatible  equipment
1727,30 Back Wide-Grip Behind-The-Head Pull-Down,wide-grip-behind-the-head-pulldown,163,Wide-Grip Lat Pulldown Behind Neck,wide-grip-lat-pulldown-behind-neck,REVIEW,0.50,Middle Back,BACK and TRAPEZIUS,Cable,Bodyweight,,video/BACK and TRAPEZIUS/gif-male/Wide-grip lat pulldown behind the neck male.gif,CONFLICT,candidate similarity score 0.50; incompatible  equipment
1728,30 Back Wide-Grip Pull-Down,wide-grip-pulldown,183,Pulldown Upper Lats,pulldown-upper-lats,ALIAS_MEDIA_MATCH,0.99,Middle Back,BACK and TRAPEZIUS,Cable,Bodyweight,pulldown Upper Lats.mp4,video/BACK and TRAPEZIUS/videos/pulldown Upper Lats.mp4,CONFLICT,local linked video filename equals Supabase media filename: pulldown Upper Lats.mp4; incompatible  equipment
1729,30 back Wide-Grip Seated Cable Row,wide-grip-seated-cable-row,85,Cable Wide-Grip Row,cable-wide-grip-row,HIGH_CONFIDENCE,0.80,Middle Back,BACK and TRAPEZIUS,Cable,Cable,,video/BACK and TRAPEZIUS/gif-male/cable-wide-grip-row male.gif,HIGH_CONFIDENCE,context-constrained similarity score 0.80
1730,Rower,rower,,,,UNMATCHED,0.00,Middle Back,,Machine,,,,UNMATCHED,no deterministic Supabase slug/name/alias/media match
1731,Seated Cable Rows,seated-cable-row,59,Seated Cable Row,seated-cable-row,EXACT_SLUG,1.00,Middle Back,BACK and TRAPEZIUS,Cable,Cable,Cable Row Grip Mid Lats.mp4,video/BACK and TRAPEZIUS/gif-female/cable-seated-row femme.gif,VERIFIED,local derived slug equals Supabase slug; normalized local name equals normalized Supabase name
1732,Smith machine bent-over row,smith-machine-bent-over-row,140,Smith Machine Bent-Over Row,smith-machine-bent-over-row,EXACT_SLUG,1.00,Middle Back,BACK and TRAPEZIUS,Machine,Machine,,video/BACK and TRAPEZIUS/gif-male/Smith machine bent-over row male.gif,VERIFIED,local derived slug equals Supabase slug; normalized local name equals normalized Supabase name; local alias equals Supabase name: smith machine bent over row; local alias equals Supabase slug: smith machine bent over row
1733,Leverage High Row,leverage-high-row,,,,UNMATCHED,0.00,Middle Back,,Machine,,,,UNMATCHED,no deterministic Supabase slug/name/alias/media match
1734,Machine Low Row,machine-low-row,121,Machine Row,machine-row,REVIEW,0.67,Middle Back,BACK and TRAPEZIUS,Machine,Other,,video/BACK and TRAPEZIUS/gif-male/Machine row male.gif,CONFLICT,candidate similarity score 0.67; incompatible  equipment
1735,Standing lat pull-down,standing-lat-pulldown,115,Lat Pulldown Machine,lat-pulldown-machine,REVIEW,0.50,Middle Back,BACK and TRAPEZIUS,Machine,Machine,,video/BACK and TRAPEZIUS/gif-male/lat pulldown machine male.gif,CONFLICT,candidate similarity score 0.50; multiple equal-confidence Supabase candidates
1736,30 Back Machine Seated Row,machine-seated-row,121,Machine Row,machine-row,REVIEW,0.67,Middle Back,BACK and TRAPEZIUS,Machine,Other,,video/BACK and TRAPEZIUS/gif-male/Machine row male.gif,CONFLICT,candidate similarity score 0.67; incompatible  equipment
1737,30 Back Smith Machine Push-Up,smith-machine-push-up,,,,UNMATCHED,0.00,Middle Back,,Machine,,,,UNMATCHED,no deterministic Supabase slug/name/alias/media match
1738,Mixed Grip Chin,mixed-grip-chin,,,,UNMATCHED,0.00,Middle Back,,Body Only,,,,UNMATCHED,no deterministic Supabase slug/name/alias/media match
1739,Rhomboids SMR,rhomboids-smr,,,,UNMATCHED,0.00,Middle Back,,Body Only,,,,UNMATCHED,no deterministic Supabase slug/name/alias/media match
1740,Spinal Stretch,spinal-stretch,,,,UNMATCHED,0.00,Middle Back,,Body Only,,,,UNMATCHED,no deterministic Supabase slug/name/alias/media match
1741,Upper Back Stretch,upper-back-stretch,,,,UNMATCHED,0.00,Middle Back,,Body Only,,,,UNMATCHED,no deterministic Supabase slug/name/alias/media match
1742,Middle Back Stretch,middle-back-stretch,,,,UNMATCHED,0.00,Middle Back,,Body Only,,,,UNMATCHED,no deterministic Supabase slug/name/alias/media match
1743,TBS Pull-Up,tbs-pullup,126,Pull-Up,pull-up,REVIEW,0.50,Middle Back,BACK and TRAPEZIUS,Body Only,Body Only,,video/BACK and TRAPEZIUS/gif-male/pull-up male.gif,REVIEW,candidate similarity score 0.50
1744,HM Angel Stretch,hm-angel-stretch,,,,UNMATCHED,0.00,Middle Back,,Body Only,,,,UNMATCHED,no deterministic Supabase slug/name/alias/media match
1745,UNS Foam Roll Upper Back,uns-foam-roll-upper-back,,,,UNMATCHED,0.00,Middle Back,,Body Only,,,,UNMATCHED,no deterministic Supabase slug/name/alias/media match
1746,30 Back Neutral-Grip Pull-Down,neutral-grip-pulldown,180,Pulldown Lower Lats 1,pulldown-lower-lats-1,ALIAS_MEDIA_MATCH,0.99,Middle Back,BACK and TRAPEZIUS,Body Only,Bodyweight,pulldown Lower Lats 1.mp4,video/BACK and TRAPEZIUS/videos/pulldown Lower Lats 1.mp4,VERIFIED,local linked video filename equals Supabase media filename: pulldown Lower Lats 1.mp4
1747,30 Back Pull-Up,pullup,126,Pull-Up,pull-up,EXACT_SLUG,1.00,Middle Back,BACK and TRAPEZIUS,Body Only,Body Only,pulldown Entire Lats.mp4,video/BACK and TRAPEZIUS/gif-male/pull-up male.gif,VERIFIED,local derived slug equals Supabase slug; normalized local name equals normalized Supabase name; local alias equals Supabase name: pullup; local alias equals Supabase slug: pullup
1748,30 Back Reverse-Grip Pull-Up,reverse-grip-pullup,122,Wide-Grip Pull-Up,wide-grip-pull-up,REVIEW,0.50,Middle Back,BACK and TRAPEZIUS,Body Only,Bodyweight,,video/BACK and TRAPEZIUS/gif-male/male Wide-grip pull-up.gif,CONFLICT,candidate similarity score 0.50; multiple equal-confidence Supabase candidates
1749,ACFT Medicine ball overhead power throw,medicine-ball-overhead-power-throw,,,,UNMATCHED,0.00,Middle Back,,Medicine Ball,,,,UNMATCHED,no deterministic Supabase slug/name/alias/media match
1750,Upright Row - With Bands,upright-row-with-bands,,,,UNMATCHED,0.00,Traps,,Bands,,,,UNMATCHED,no deterministic Supabase slug/name/alias/media match
1751,Band seated row,band-seated-row,59,Seated Cable Row,seated-cable-row,REVIEW,0.50,Traps,BACK and TRAPEZIUS,Bands,Cable,,video/BACK and TRAPEZIUS/gif-female/cable-seated-row femme.gif,CONFLICT,candidate similarity score 0.50; incompatible  equipment
1752,Barbell shrug,barbell-shrug,72,Barbell Shrug,barbell-shrug,EXACT_SLUG,1.00,Traps,BACK and TRAPEZIUS,Barbell,Barbell,traps.mp4,video/BACK and TRAPEZIUS/gif-male/Barbell shrug male.gif,VERIFIED,local derived slug equals Supabase slug; normalized local name equals normalized Supabase name; local alias equals Supabase name: barbell shrug; local alias equals Supabase slug: barbell shrug
1753,Barbell behind-the-back shrug,barbell-behind-the-back-shrug,71,Behind-the-Back Barbell Shrug,behind-back-barbell-shrug,HIGH_CONFIDENCE,0.92,Traps,BACK and TRAPEZIUS,Barbell,Barbell,,video/BACK and TRAPEZIUS/gif-male/Barbell shrug (behind the back) male.gif,HIGH_CONFIDENCE,context-constrained similarity score 1.00
1754,Clean Shrug,clean-shrug,,,,UNMATCHED,0.00,Traps,,Barbell,,,,UNMATCHED,no deterministic Supabase slug/name/alias/media match
1755,Snatch Shrug,snatch-shrug,,,,UNMATCHED,0.00,Traps,,Barbell,,,,UNMATCHED,no deterministic Supabase slug/name/alias/media match
1756,Single-arm inverted row,single-arm-inverted-row,63,Single-Arm Dumbbell Row,single-arm-dumbbell-row,REVIEW,0.60,Traps,BACK and TRAPEZIUS,Barbell,Dumbbell,,video/BACK and TRAPEZIUS/gif-female/Single-arm row with bench support femme.gif,CONFLICT,candidate similarity score 0.60; incompatible  equipment
1757,Kettlebell sumo deadlift high pull,kettlebell-sumo-deadlift-high-pull,,,,UNMATCHED,0.00,Traps,,Kettlebells,,,,UNMATCHED,no deterministic Supabase slug/name/alias/media match
1758,Standing dumbbell shrug,standing-dumbbell-shrug,96,Dumbbell Shrug,dumbbell-shrug,HIGH_CONFIDENCE,0.67,Traps,BACK and TRAPEZIUS,Dumbbell,Dumbbell,,video/BACK and TRAPEZIUS/gif-male/dumbbell shrug male.gif,HIGH_CONFIDENCE,context-constrained similarity score 0.67
1759,Standing dumbbell upright row,standing-dumbbell-upright-row,98,Dumbbell Upright Row,dumbbell-upright-row,HIGH_CONFIDENCE,0.75,Traps,BACK and TRAPEZIUS,Dumbbell,Dumbbell,,video/BACK and TRAPEZIUS/gif-male/Dumbbell upright row male.gif,HIGH_CONFIDENCE,context-constrained similarity score 0.75
1760,Dumbbell pull-over,dumbbell-pullover,203,Dumbbell Pullover,dumbbell-pullover,EXACT_SLUG,1.00,Traps,Chest,Dumbbell,Dumbbell,,video/Chest/gif-male/dumbbell-pullover male.gif,VERIFIED,local derived slug equals Supabase slug; normalized local name equals normalized Supabase name; local alias equals Supabase name: dumbbell pullover; local alias equals Supabase slug: dumbbell pullover
1761,Standing Dumbbell Shrug - Gethin Variation,standing-dumbbell-shrug,96,Dumbbell Shrug,dumbbell-shrug,HIGH_CONFIDENCE,0.67,Traps,BACK and TRAPEZIUS,Dumbbell,Dumbbell,,video/BACK and TRAPEZIUS/gif-male/dumbbell shrug male.gif,HIGH_CONFIDENCE,context-constrained similarity score 0.67
1762,Single-arm dumbbell row,single-arm-dumbbell-row,63,Single-Arm Dumbbell Row,single-arm-dumbbell-row,EXACT_SLUG,1.00,Traps,BACK and TRAPEZIUS,Dumbbell,Dumbbell,Cable Back Row 1.mp4,video/BACK and TRAPEZIUS/gif-female/Single-arm row with bench support femme.gif,VERIFIED,local derived slug equals Supabase slug; normalized local name equals normalized Supabase name; local alias equals Supabase name: single arm dumbbell row; local alias equals Supabase slug: single arm dumbbell row
1763,Lying Face Down Plate Neck Resistance,lying-face-down-plate-neck-resistance,,,,UNMATCHED,0.00,Neck,,Other,,,,UNMATCHED,no deterministic Supabase slug/name/alias/media match
1764,Lying Face Up Plate Neck Resistance,lying-face-up-plate-neck-resistance,,,,UNMATCHED,0.00,Neck,,Other,,,,UNMATCHED,no deterministic Supabase slug/name/alias/media match
1765,Seated Head Harness Neck Resistance,seated-head-harness-neck-resistance,,,,UNMATCHED,0.00,Neck,,Other,,,,UNMATCHED,no deterministic Supabase slug/name/alias/media match
1766,Cable straight-bar upright row,cable-straight-bar-upright-row,82,Cable Upright Row,cable-upright-row,HIGH_CONFIDENCE,0.60,Traps,BACK and TRAPEZIUS,Cable,Cable,,video/BACK and TRAPEZIUS/gif-male/Cable upright row male.gif,CONFLICT,context-constrained similarity score 0.60; multiple equal-confidence Supabase candidates
1767,Cable shrug,cable-shrug,58,Cable Shrug,cable-shrug,EXACT_SLUG,1.00,Traps,BACK and TRAPEZIUS,Cable,Cable,,video/BACK and TRAPEZIUS/gif-female/Cable Shrug femme.gif,VERIFIED,local derived slug equals Supabase slug; normalized local name equals normalized Supabase name; local alias equals Supabase name: cable shrug; local alias equals Supabase slug: cable shrug
1768,Smith machine shrug,smith-machine-shrug,143,Smith Machine Shrug,smith-machine-shrug,EXACT_SLUG,1.00,Traps,BACK and TRAPEZIUS,Machine,Machine,,video/BACK and TRAPEZIUS/gif-male/Smith machine shrug male.gif,VERIFIED,local derived slug equals Supabase slug; normalized local name equals normalized Supabase name; local alias equals Supabase name: smith machine shrug; local alias equals Supabase slug: smith machine shrug
1769,Leverage Shrug,leverage-shrug,,,,UNMATCHED,0.00,Traps,,Machine,,,,UNMATCHED,no deterministic Supabase slug/name/alias/media match
1770,Calf-Machine Shoulder Shrug,calf-machine-shoulder-shrug,144,Machine Shoulder Shrug,machine-shoulder-shrug,HIGH_CONFIDENCE,0.75,Traps,BACK and TRAPEZIUS,Machine,Machine,,video/BACK and TRAPEZIUS/gif-male/standards for machine shoulder shrugs malle.gif,HIGH_CONFIDENCE,context-constrained similarity score 0.75
1771,Smith machine behind-the-back shrug,smith-machine-behind-the-back-shrug,71,Behind-the-Back Barbell Shrug,behind-back-barbell-shrug,REVIEW,0.57,Traps,BACK and TRAPEZIUS,Machine,Barbell,,video/BACK and TRAPEZIUS/gif-male/Barbell shrug (behind the back) male.gif,CONFLICT,candidate similarity score 0.57; incompatible  equipment
1772,Smith machine upright row,smith-machine-upright-row,142,Smith Machine Row,smith-machine-row,HIGH_CONFIDENCE,0.75,Traps,BACK and TRAPEZIUS,Machine,Machine,,video/BACK and TRAPEZIUS/gif-male/Smith machine row male.gif,HIGH_CONFIDENCE,context-constrained similarity score 0.75
1773,Machine low row-,machine-low-row,121,Machine Row,machine-row,REVIEW,0.67,Traps,BACK and TRAPEZIUS,Machine,Other,,video/BACK and TRAPEZIUS/gif-male/Machine row male.gif,CONFLICT,candidate similarity score 0.67; incompatible  equipment
1774,Machine Shrug - Gethin Variation,machine-shrug,143,Smith Machine Shrug,smith-machine-shrug,HIGH_CONFIDENCE,0.67,Traps,BACK and TRAPEZIUS,Machine,Machine,,video/BACK and TRAPEZIUS/gif-male/Smith machine shrug male.gif,CONFLICT,context-constrained similarity score 0.67; multiple equal-confidence Supabase candidates
1775,Smith machine single-arm shrug,smith-machine-single-arm-shrug,143,Smith Machine Shrug,smith-machine-shrug,HIGH_CONFIDENCE,0.60,Traps,BACK and TRAPEZIUS,Machine,Machine,,video/BACK and TRAPEZIUS/gif-male/Smith machine shrug male.gif,HIGH_CONFIDENCE,context-constrained similarity score 0.60
1776,Isometric Neck Exercise - Sides,isometric-neck-exercise-sides,,,,UNMATCHED,0.00,Neck,,Body Only,,,,UNMATCHED,no deterministic Supabase slug/name/alias/media match
1777,Isometric Neck Exercise - Front And Back,isometric-neck-exercise-front-and-back,,,,UNMATCHED,0.00,Neck,,Body Only,,,,UNMATCHED,no deterministic Supabase slug/name/alias/media match
1778,Neck Bridge Prone,neck-bridge-prone,,,,UNMATCHED,0.00,Neck,,Body Only,,,,UNMATCHED,no deterministic Supabase slug/name/alias/media match
1779,Side Neck Stretch,side-neck-stretch,,,,UNMATCHED,0.00,Neck,,Body Only,,,,UNMATCHED,no deterministic Supabase slug/name/alias/media match
1780,Neck-SMR,neck-smr,,,,UNMATCHED,0.00,Neck,,Body Only,,,,UNMATCHED,no deterministic Supabase slug/name/alias/media match
1781,Scapular Pull-Up,scapular-pullup,126,Pull-Up,pull-up,REVIEW,0.50,Traps,BACK and TRAPEZIUS,None,Body Only,,video/BACK and TRAPEZIUS/gif-male/pull-up male.gif,REVIEW,candidate similarity score 0.50
1782,Single-leg depth squat,single-leg-depth-squat,527,Single Leg Dumbbell Squat,single-leg-dumbbell-squat,REVIEW,0.60,Quadriceps,full legs,Bands,Dumbbell,,video/full legs/gif-male/Single-leg dumbbell squat male.gif,CONFLICT,candidate similarity score 0.60; incompatible  equipment
1783,Squats - With Bands,squat-with-bands,,,,UNMATCHED,0.00,Quadriceps,,Bands,,,,UNMATCHED,no deterministic Supabase slug/name/alias/media match
1784,Hip Flexion with Band,hip-flexion-with-band,,,,UNMATCHED,0.00,Quadriceps,,Bands,,,,UNMATCHED,no deterministic Supabase slug/name/alias/media match
1785,Forward Band Walk,forward-band-walk,,,,UNMATCHED,0.00,Quadriceps,,Bands,,,,UNMATCHED,no deterministic Supabase slug/name/alias/media match
1786,Boss Everline Resistance-Band Pull Sprint,boss-everline-resistance-band-pull-sprint,,,,UNMATCHED,0.00,Quadriceps,,Bands,,,,UNMATCHED,no deterministic Supabase slug/name/alias/media match
1787,Banded jump squat,banded-jump-squat,,,,UNMATCHED,0.00,Quadriceps,,Bands,,,,UNMATCHED,no deterministic Supabase slug/name/alias/media match
1788,Speed Box Squat,speed-box-squat,,,,UNMATCHED,0.00,Quadriceps,,Bands,,,,UNMATCHED,no deterministic Supabase slug/name/alias/media match
1789,HM Banded Squat Toe Tap,hm-banded-squat-toe-tap,,,,UNMATCHED,0.00,Quadriceps,,Bands,,,,UNMATCHED,no deterministic Supabase slug/name/alias/media match
1790,UP Band Abducted Squat,up-band-abducted-squat,,,,UNMATCHED,0.00,Quadriceps,,Bands,,,,UNMATCHED,no deterministic Supabase slug/name/alias/media match
1791,FYR2 Lateral Band Walk,lateral-band-walk,,,,UNMATCHED,0.00,Quadriceps,,Bands,,,,UNMATCHED,no deterministic Supabase slug/name/alias/media match
1792,FYR2 Banded Squat Hold-Pulse-Jump Complex,banded-squat-hold-pulse-jump-complex,,,,UNMATCHED,0.00,Quadriceps,,Bands,,,,UNMATCHED,no deterministic Supabase slug/name/alias/media match
1793,Band split squat,band-split-squat,555,Bulgarian Split Squat,bulgarian-split-squat,REVIEW,0.50,Quadriceps,full legs,Bands,Barbell,,video/full legs/gif-male/Bulgarian split squat male.gif,CONFLICT,candidate similarity score 0.50; incompatible  equipment
1794,Band front squat,band-front-squat,,,,UNMATCHED,0.00,Quadriceps,,Bands,,,,UNMATCHED,no deterministic Supabase slug/name/alias/media match
1795,Squat hold with band pull-apart,squat-hold-with-band-pull-apart,,,,UNMATCHED,0.00,Quadriceps,,Bands,,,,UNMATCHED,no deterministic Supabase slug/name/alias/media match
1796,Banded squat toe tap,banded-squat-toe-tap,,,,UNMATCHED,0.00,Quadriceps,,Bands,,,,UNMATCHED,no deterministic Supabase slug/name/alias/media match
1797,Band overhead squat,band-overhead-squat,,,,UNMATCHED,0.00,Quadriceps,,Bands,,,,UNMATCHED,no deterministic Supabase slug/name/alias/media match
1798,Quadriceps SMR,quadriceps-smr,,,,UNMATCHED,0.00,Quadriceps,,Foam Roll,,,,UNMATCHED,no deterministic Supabase slug/name/alias/media match
1799,Clean from Blocks,clean-from-blocks,,,,UNMATCHED,0.00,Quadriceps,,Barbell,,,,UNMATCHED,no deterministic Supabase slug/name/alias/media match
1800,Barbell Full Squat,barbell-full-squat,533,Barbell Squat,barbell-squat,HIGH_CONFIDENCE,0.67,Quadriceps,full legs,Barbell,Barbell,,video/full legs/gif-male/barbell squat male.gif,HIGH_CONFIDENCE,context-constrained similarity score 0.67
1801,Barbell back squat to box,barbell-back-squat-to-box,554,Barbell Back Squat,barbell-back-squat,HIGH_CONFIDENCE,0.60,Quadriceps,full legs,Barbell,Barbell,,video/full legs/videos/Barbell Back Squat.mp4,HIGH_CONFIDENCE,context-constrained similarity score 0.60
1802,Push-press,push-press,,,,UNMATCHED,0.00,Quadriceps,,Barbell,,,,UNMATCHED,no deterministic Supabase slug/name/alias/media match
1803,Power snatch-,power-snatch,,,,UNMATCHED,0.00,Quadriceps,,Barbell,,,,UNMATCHED,no deterministic Supabase slug/name/alias/media match
1804,Hang Clean,hang-clean,,,,UNMATCHED,0.00,Quadriceps,,Barbell,,,,UNMATCHED,no deterministic Supabase slug/name/alias/media match
1805,Barbell walking lunge,barbell-walking-lunge,532,Walking Lunge,walking-lunge,REVIEW,0.67,Quadriceps,full legs,Barbell,Body Only,,video/full legs/videos/WALKING LUNGE.mp4,CONFLICT,candidate similarity score 0.67; incompatible  equipment
1806,Olympic Squat,olympic-squat,,,,UNMATCHED,0.00,Quadriceps,,Barbell,,,,UNMATCHED,no deterministic Supabase slug/name/alias/media match
1807,Narrow-stance squat,narrow-stance-squat,,,,UNMATCHED,0.00,Quadriceps,,Barbell,,,,UNMATCHED,no deterministic Supabase slug/name/alias/media match
1808,Box Squat with Bands,box-squat-with-bands,,,,UNMATCHED,0.00,Quadriceps,,Barbell,,,,UNMATCHED,no deterministic Supabase slug/name/alias/media match
1809,Weighted Jump Squat,weighted-jump-squat,,,,UNMATCHED,0.00,Quadriceps,,Barbell,,,,UNMATCHED,no deterministic Supabase slug/name/alias/media match
1810,Squat with Chains,squat-with-chains,,,,UNMATCHED,0.00,Quadriceps,,Barbell,,,,UNMATCHED,no deterministic Supabase slug/name/alias/media match
1811,Barbell Squat,barbell-squat,533,Barbell Squat,barbell-squat,EXACT_SLUG,1.00,Quadriceps,full legs,Barbell,Barbell,,video/full legs/gif-male/barbell squat male.gif,VERIFIED,local derived slug equals Supabase slug; normalized local name equals normalized Supabase name; local alias equals Supabase name: barbell squat; local alias equals Supabase slug: barbell squat
1812,Barbell front squat,barbell-front-squat,533,Barbell Squat,barbell-squat,HIGH_CONFIDENCE,0.67,Quadriceps,full legs,Barbell,Barbell,,video/full legs/gif-male/barbell squat male.gif,HIGH_CONFIDENCE,context-constrained similarity score 0.67
1813,Barbell forward lunge,barbell-forward-lunge,,,,UNMATCHED,0.00,Quadriceps,,Barbell,,,,UNMATCHED,no deterministic Supabase slug/name/alias/media match
1814,Smith machine box squat,smith-machine-box-squat,591,Machine Squat,machine-squat,REVIEW,0.50,Quadriceps,full legs,Barbell,Machine,,video/full legs/gif-male/machine squat male.gif,CONFLICT,candidate similarity score 0.50; incompatible  equipment
1815,Barbell step-up,barbell-step-up,603,Step Up,step-up,HIGH_CONFIDENCE,0.67,Quadriceps,full legs,Barbell,Barbell,,video/full legs/gif-female/Step up femme.gif,HIGH_CONFIDENCE,context-constrained similarity score 0.67
1816,Barbell Bulgarian split squat,barbell-bulgarian-split-squat,556,Barbell Bulgarian Split Squat,barbell-bulgarian-split-squat,EXACT_SLUG,1.00,Quadriceps,full legs,Barbell,Barbell,,video/full legs/gif-male/Barbell Bulgarian split squat male.gif,VERIFIED,local derived slug equals Supabase slug; normalized local name equals normalized Supabase name; local alias equals Supabase name: barbell bulgarian split squat; local alias equals Supabase slug: barbell bulgarian split squat
1817,Hang Clean - Below the Knees,hang-clean-below-the-knees,,,,UNMATCHED,0.00,Quadriceps,,Barbell,,,,UNMATCHED,no deterministic Supabase slug/name/alias/media match
1818,Barbell hack squat,barbell-hack-squat,521,Hack Squat,hack-squat,HIGH_CONFIDENCE,0.67,Quadriceps,full legs,Barbell,Barbell,,video/full legs/gif-female/Hack squat femme.gif,CONFLICT,context-constrained similarity score 0.67; multiple equal-confidence Supabase candidates
1819,Hack Squat,hack-squat,521,Hack Squat,hack-squat,EXACT_SLUG,1.00,Quadriceps,full legs,Barbell,Barbell,Hack Squat QUADS.mp4,video/full legs/gif-female/Hack squat femme.gif,VERIFIED,local derived slug equals Supabase slug; normalized local name equals normalized Supabase name; local alias equals Supabase name: hack squat; local alias equals Supabase slug: hack squat
1820,Barbell thruster,barbell-thruster,,,,UNMATCHED,0.00,Quadriceps,,Barbell,,,,UNMATCHED,no deterministic Supabase slug/name/alias/media match
1821,Split Jerk,split-jerk,,,,UNMATCHED,0.00,Quadriceps,,Barbell,,,,UNMATCHED,no deterministic Supabase slug/name/alias/media match
1822,Push-jerk,push-jerk,,,,UNMATCHED,0.00,Quadriceps,,Barbell,,,,UNMATCHED,no deterministic Supabase slug/name/alias/media match
1823,Barbell back squat,barbell-back-squat,554,Barbell Back Squat,barbell-back-squat,EXACT_SLUG,1.00,Quadriceps,full legs,Barbell,Barbell,,video/full legs/videos/Barbell Back Squat.mp4,VERIFIED,local derived slug equals Supabase slug; normalized local name equals normalized Supabase name; local alias equals Supabase name: barbell back squat; local alias equals Supabase slug: barbell back squat
1824,Zercher squat,zercher-squat,,,,UNMATCHED,0.00,Quadriceps,,Barbell,,,,UNMATCHED,no deterministic Supabase slug/name/alias/media match
1825,Jefferson Squats,jefferson-squat,,,,UNMATCHED,0.00,Quadriceps,,Barbell,,,,UNMATCHED,no deterministic Supabase slug/name/alias/media match
1826,Jerk Dip Squat,jerk-dip-squat,,,,UNMATCHED,0.00,Quadriceps,,Barbell,,,,UNMATCHED,no deterministic Supabase slug/name/alias/media match
1827,Barbell side split squat,barbell-side-split-squat,556,Barbell Bulgarian Split Squat,barbell-bulgarian-split-squat,HIGH_CONFIDENCE,0.60,Quadriceps,full legs,Barbell,Barbell,,video/full legs/gif-male/Barbell Bulgarian split squat male.gif,HIGH_CONFIDENCE,context-constrained similarity score 0.60
1828,Frankenstein Squat,frankenstein-squat,,,,UNMATCHED,0.00,Quadriceps,,Barbell,,,,UNMATCHED,no deterministic Supabase slug/name/alias/media match
1829,Barbell speed squat,barbell-speed-squat,533,Barbell Squat,barbell-squat,HIGH_CONFIDENCE,0.67,Quadriceps,full legs,Barbell,Barbell,,video/full legs/gif-male/barbell squat male.gif,HIGH_CONFIDENCE,context-constrained similarity score 0.67
1830,Single-arm side deadlift,single-arm-side-deadlift,,,,UNMATCHED,0.00,Quadriceps,,Barbell,,,,UNMATCHED,no deterministic Supabase slug/name/alias/media match
1831,Barbell Squat To A Bench,barbell-squat-to-a-bench,,,,UNMATCHED,0.00,Quadriceps,,Barbell,,,,UNMATCHED,no deterministic Supabase slug/name/alias/media match
1832,Clean Pull,clean-pull,,,,UNMATCHED,0.00,Quadriceps,,Barbell,,,,UNMATCHED,no deterministic Supabase slug/name/alias/media match
1833,Front Barbell Squat To A Bench,front-barbell-squat-to-a-bench,,,,UNMATCHED,0.00,Quadriceps,,Barbell,,,,UNMATCHED,no deterministic Supabase slug/name/alias/media match
1834,Barbell reverse lunge,barbell-reverse-lunge,515,Deficit Reverse Lunge,deficit-reverse-lunge,REVIEW,0.50,Quadriceps,full legs,Barbell,Bodyweight,,video/full legs/videos/Deficit reverse lunge.mp4,CONFLICT,candidate similarity score 0.50; incompatible  equipment
1835,Split Clean,split-clean,,,,UNMATCHED,0.00,Quadriceps,,Barbell,,,,UNMATCHED,no deterministic Supabase slug/name/alias/media match
1836,Close-stance dumbbell front squat,close-stance-dumbbell-front-squat,,,,UNMATCHED,0.00,Quadriceps,,Barbell,,,,UNMATCHED,no deterministic Supabase slug/name/alias/media match
1837,Front Squat (Clean Grip),front-squat-clean-grip,,,,UNMATCHED,0.00,Quadriceps,,Barbell,,,,UNMATCHED,no deterministic Supabase slug/name/alias/media match
1838,Barbell front squat to back squat,barbell-front-squat-to-back-squat,554,Barbell Back Squat,barbell-back-squat,HIGH_CONFIDENCE,0.60,Quadriceps,full legs,Barbell,Barbell,,video/full legs/videos/Barbell Back Squat.mp4,HIGH_CONFIDENCE,context-constrained similarity score 0.60
1839,Squat Jerk,squat-jerk,,,,UNMATCHED,0.00,Quadriceps,,Barbell,,,,UNMATCHED,no deterministic Supabase slug/name/alias/media match
1840,Barbell Front-To-Back Squat,barbell-front-to-back-squat,554,Barbell Back Squat,barbell-back-squat,HIGH_CONFIDENCE,0.60,Quadriceps,full legs,Barbell,Barbell,,video/full legs/videos/Barbell Back Squat.mp4,HIGH_CONFIDENCE,context-constrained similarity score 0.60
1841,Box Squat with Chains,box-squat-with-chains,,,,UNMATCHED,0.00,Quadriceps,,Barbell,,,,UNMATCHED,no deterministic Supabase slug/name/alias/media match
1842,Snatch from Blocks,snatch-from-blocks,,,,UNMATCHED,0.00,Quadriceps,,Barbell,,,,UNMATCHED,no deterministic Supabase slug/name/alias/media match
1843,Power Snatch from Blocks,power-snatch-from-blocks,,,,UNMATCHED,0.00,Quadriceps,,Barbell,,,,UNMATCHED,no deterministic Supabase slug/name/alias/media match
1844,Front Squat (Bodybuilder),front-squat-bodybuilder,,,,UNMATCHED,0.00,Quadriceps,,Barbell,,,,UNMATCHED,no deterministic Supabase slug/name/alias/media match
1845,Barbell step-down reverse lunge,barbell-step-down-reverse-lunge,,,,UNMATCHED,0.00,Quadriceps,,Barbell,,,,UNMATCHED,no deterministic Supabase slug/name/alias/media match
1846,Squat with Bands,squat-with-bands,,,,UNMATCHED,0.00,Quadriceps,,Barbell,,,,UNMATCHED,no deterministic Supabase slug/name/alias/media match
1847,Heaving Snatch Balance,heaving-snatch-balance,,,,UNMATCHED,0.00,Quadriceps,,Barbell,,,,UNMATCHED,no deterministic Supabase slug/name/alias/media match
1848,Snatch Balance,snatch-balance,,,,UNMATCHED,0.00,Quadriceps,,Barbell,,,,UNMATCHED,no deterministic Supabase slug/name/alias/media match
1849,Reverse Band Power Squat,reverse-band-power-squat,,,,UNMATCHED,0.00,Quadriceps,,Barbell,,,,UNMATCHED,no deterministic Supabase slug/name/alias/media match
1850,Paul Carter Back Squat,paul-carter-back-squat,,,,UNMATCHED,0.00,Quadriceps,,Barbell,,,,UNMATCHED,no deterministic Supabase slug/name/alias/media match
1851,Paul Carter Barbell Split Squat,paul-carter-barbell-split-squat,556,Barbell Bulgarian Split Squat,barbell-bulgarian-split-squat,REVIEW,0.50,Quadriceps,full legs,Barbell,Barbell,,video/full legs/gif-male/Barbell Bulgarian split squat male.gif,REVIEW,candidate similarity score 0.50
1852,TBS High-Bar Back Squat,tbs-high-bar-back-squat,,,,UNMATCHED,0.00,Quadriceps,,Barbell,,,,UNMATCHED,no deterministic Supabase slug/name/alias/media match
1853,TBS Barbell Front Squat,tbs-barbell-front-squat,533,Barbell Squat,barbell-squat,REVIEW,0.50,Quadriceps,full legs,Barbell,Barbell,,video/full legs/gif-male/barbell squat male.gif,REVIEW,candidate similarity score 0.50
1854,Squat - Gethin Variation,squat,521,Hack Squat,hack-squat,REVIEW,0.50,Quadriceps,full legs,Barbell,Barbell,,video/full legs/gif-female/Hack squat femme.gif,CONFLICT,candidate similarity score 0.50; multiple equal-confidence Supabase candidates
1855,Front-To-Back Barbell Squat,front-to-back-barbell-squat,554,Barbell Back Squat,barbell-back-squat,HIGH_CONFIDENCE,0.60,Quadriceps,full legs,Barbell,Barbell,,video/full legs/videos/Barbell Back Squat.mp4,HIGH_CONFIDENCE,context-constrained similarity score 0.60
1856,Barbell Lunge - Gethin Variation,barbell-lunge,,,,UNMATCHED,0.00,Quadriceps,,Barbell,,,,UNMATCHED,no deterministic Supabase slug/name/alias/media match
1857,Rack Deadlift - Gethin Variation,rack-deadlift,175,Deadlift,deadlift,REVIEW,0.50,Quadriceps,BACK and TRAPEZIUS,Barbell,Barbell,,video/BACK and TRAPEZIUS/videos/Deadlift .mp4,REVIEW,candidate similarity score 0.50
1858,Barbell Squat - Gethin Variation,barbell-squat,533,Barbell Squat,barbell-squat,EXACT_SLUG,1.00,Quadriceps,full legs,Barbell,Barbell,,video/full legs/gif-male/barbell squat male.gif,VERIFIED,local derived slug equals Supabase slug; normalized local name equals normalized Supabase name; local alias equals Supabase name: barbell squat; local alias equals Supabase slug: barbell squat
1859,Barbell Good Morning - Gethin Variation,barbell-good-morning,,,,UNMATCHED,0.00,Quadriceps,,Barbell,,,,UNMATCHED,no deterministic Supabase slug/name/alias/media match
1860,AM Barbell Squat,barbell-squat,533,Barbell Squat,barbell-squat,EXACT_SLUG,1.00,Quadriceps,full legs,Barbell,Barbell,,video/full legs/gif-male/barbell squat male.gif,VERIFIED,local derived slug equals Supabase slug; normalized local name equals normalized Supabase name; local alias equals Supabase name: barbell squat; local alias equals Supabase slug: barbell squat
1861,Plyometric Power Clean,plyometric-power-clean,,,,UNMATCHED,0.00,Quadriceps,,Barbell,,,,UNMATCHED,no deterministic Supabase slug/name/alias/media match
1862,Banded Split Jerk,banded-split-jerk,,,,UNMATCHED,0.00,Quadriceps,,Barbell,,,,UNMATCHED,no deterministic Supabase slug/name/alias/media match
1863,UP Squat,up-squat,,,,UNMATCHED,0.00,Quadriceps,,Barbell,,,,UNMATCHED,no deterministic Supabase slug/name/alias/media match
1864,UN Barbell Back Squat,un-barbell-back-squat,554,Barbell Back Squat,barbell-back-squat,HIGH_CONFIDENCE,0.75,Quadriceps,full legs,Barbell,Barbell,,video/full legs/videos/Barbell Back Squat.mp4,HIGH_CONFIDENCE,context-constrained similarity score 0.75
1865,UN Barbell Box Squat,un-barbell-box-squat,533,Barbell Squat,barbell-squat,REVIEW,0.50,Quadriceps,full legs,Barbell,Barbell,,video/full legs/gif-male/barbell squat male.gif,REVIEW,candidate similarity score 0.50
1866,UN Barbell Front Squat,un-barbell-front-squat,533,Barbell Squat,barbell-squat,REVIEW,0.50,Quadriceps,full legs,Barbell,Barbell,,video/full legs/gif-male/barbell squat male.gif,REVIEW,candidate similarity score 0.50
1867,KV Bulgarian Split Squat,kv-bulgarian-split-squat,555,Bulgarian Split Squat,bulgarian-split-squat,HIGH_CONFIDENCE,0.75,Quadriceps,full legs,Barbell,Barbell,,video/full legs/gif-male/Bulgarian split squat male.gif,HIGH_CONFIDENCE,context-constrained similarity score 0.75
1868,King Maker Barbell Back Squat,king-maker-barbell-back-squat,554,Barbell Back Squat,barbell-back-squat,HIGH_CONFIDENCE,0.60,Quadriceps,full legs,Barbell,Barbell,,video/full legs/videos/Barbell Back Squat.mp4,HIGH_CONFIDENCE,context-constrained similarity score 0.60
1869,King Maker Barbell Deadlift,king-maker-barbell-deadlift,592,Barbell Deadlift,barbell-deadlift,REVIEW,0.50,Quadriceps,full legs,Barbell,Barbell,,video/full legs/gif-male/barbell deadlift male.gif,REVIEW,candidate similarity score 0.50
1870,30 Legs Barbell Back Squat,barbell-back-squat,554,Barbell Back Squat,barbell-back-squat,EXACT_SLUG,1.00,Quadriceps,full legs,Barbell,Barbell,,video/full legs/videos/Barbell Back Squat.mp4,VERIFIED,local derived slug equals Supabase slug; normalized local name equals normalized Supabase name; local alias equals Supabase name: barbell back squat; local alias equals Supabase slug: barbell back squat
1871,30 Legs Barbell Front Squat,barbell-front-squat,533,Barbell Squat,barbell-squat,HIGH_CONFIDENCE,0.67,Quadriceps,full legs,Barbell,Barbell,,video/full legs/gif-male/barbell squat male.gif,HIGH_CONFIDENCE,context-constrained similarity score 0.67
1872,Barbell Back Squats,barbell-back-squat,554,Barbell Back Squat,barbell-back-squat,EXACT_SLUG,1.00,Quadriceps,full legs,Barbell,Barbell,,video/full legs/videos/Barbell Back Squat.mp4,VERIFIED,local derived slug equals Supabase slug; normalized local name equals normalized Supabase name; local alias equals Supabase name: barbell back squat; local alias equals Supabase slug: barbell back squat
1873,Front Squats With Two Kettlebells,front-squat-with-two-kettlebells,,,,UNMATCHED,0.00,Quadriceps,,Kettlebells,,,,UNMATCHED,no deterministic Supabase slug/name/alias/media match
1874,Kettlebell Pistol Squat,kettlebell-pistol-squat,,,,UNMATCHED,0.00,Quadriceps,,Kettlebells,,,,UNMATCHED,no deterministic Supabase slug/name/alias/media match
1875,Goblet Squat,goblet-squat,558,Goblet Squat Quads,goblet-squat-quads,REVIEW,0.67,Quadriceps,full legs,Kettlebells,Bodyweight,,video/full legs/videos/Goblet Squat QUADS.mp4,CONFLICT,candidate similarity score 0.67; incompatible  equipment
1876,Kettlebell Curtsy Lunge,kettlebell-curtsy-lunge,,,,UNMATCHED,0.00,Quadriceps,,Kettlebells,,,,UNMATCHED,no deterministic Supabase slug/name/alias/media match
1877,Single-arm kettlebell overhead squat,single-arm-kettlebell-overhead-squat,,,,UNMATCHED,0.00,Quadriceps,,Kettlebells,,,,UNMATCHED,no deterministic Supabase slug/name/alias/media match
1878,Kettlebell side squat,kettlebell-side-squat,,,,UNMATCHED,0.00,Quadriceps,,Kettlebells,,,,UNMATCHED,no deterministic Supabase slug/name/alias/media match
1879,Kettlebell sumo squat,kettlebell-sumo-squat,552,Sumo Squat,sumo-squat,REVIEW,0.67,Quadriceps,full legs,Kettlebells,Bodyweight,,video/full legs/gif-female/sumo squat femme.gif,CONFLICT,candidate similarity score 0.67; incompatible  equipment
1880,Kettlebell thruster progression,kettlebell-thruster-progression,,,,UNMATCHED,0.00,Quadriceps,,Kettlebells,,,,UNMATCHED,no deterministic Supabase slug/name/alias/media match
1881,Kettlebell power clean,kettlebell-power-clean,,,,UNMATCHED,0.00,Quadriceps,,Kettlebells,,,,UNMATCHED,no deterministic Supabase slug/name/alias/media match
1882,Kettlebell fire feet,kettlebell-fire-feet,,,,UNMATCHED,0.00,Quadriceps,,Kettlebells,,,,UNMATCHED,no deterministic Supabase slug/name/alias/media match
1883,Single Arm Overhead Kettlebell Squat,single-arm-overhead-kettlebell-squat,,,,UNMATCHED,0.00,Quadriceps,,Kettlebells,,,,UNMATCHED,no deterministic Supabase slug/name/alias/media match
1884,Pulsing goblet squat,pulsing-goblet-squat,558,Goblet Squat Quads,goblet-squat-quads,REVIEW,0.50,Quadriceps,full legs,Kettlebells,Bodyweight,,video/full legs/videos/Goblet Squat QUADS.mp4,CONFLICT,candidate similarity score 0.50; incompatible  equipment
1885,Double-kettlebell alternating lunge to clean,double-kettlebell-alternating-lunge-to-clean,,,,UNMATCHED,0.00,Quadriceps,,Kettlebells,,,,UNMATCHED,no deterministic Supabase slug/name/alias/media match
1886,FYR Goblet Squat,goblet-squat,558,Goblet Squat Quads,goblet-squat-quads,REVIEW,0.67,Quadriceps,full legs,Kettlebells,Bodyweight,,video/full legs/videos/Goblet Squat QUADS.mp4,CONFLICT,candidate similarity score 0.67; incompatible  equipment
1887,FYR Kettlebell Sumo Squat,kettlebell-sumo-squat,552,Sumo Squat,sumo-squat,REVIEW,0.67,Quadriceps,full legs,Kettlebells,Bodyweight,,video/full legs/gif-female/sumo squat femme.gif,CONFLICT,candidate similarity score 0.67; incompatible  equipment
1888,Double-kettlebell front squat,double-kettlebell-front-squat,,,,UNMATCHED,0.00,Quadriceps,,Kettlebells,,,,UNMATCHED,no deterministic Supabase slug/name/alias/media match
1889,FYR Kettlebell Squat Clean,kettlebell-squat-clean,,,,UNMATCHED,0.00,Quadriceps,,Kettlebells,,,,UNMATCHED,no deterministic Supabase slug/name/alias/media match
1890,Single-arm kettlebell front squat,single-arm-kettlebell-front-squat,,,,UNMATCHED,0.00,Quadriceps,,Kettlebells,,,,UNMATCHED,no deterministic Supabase slug/name/alias/media match
1891,Kettlebell front rack lunge,kettlebell-front-rack-lunge,,,,UNMATCHED,0.00,Quadriceps,,Kettlebells,,,,UNMATCHED,no deterministic Supabase slug/name/alias/media match
1892,HM Turkish Get-Up,hm-turkish-get-up,,,,UNMATCHED,0.00,Quadriceps,,Kettlebells,,,,UNMATCHED,no deterministic Supabase slug/name/alias/media match
1893,HM Single-Leg Romanian Deadlift,hm-single-leg-romanian-deadlift,,,,UNMATCHED,0.00,Quadriceps,,Kettlebells,,,,UNMATCHED,no deterministic Supabase slug/name/alias/media match
1894,Taylor Single-Arm Kettlebell Front Squat,taylor-single-arm-kettlebell-front-squat,,,,UNMATCHED,0.00,Quadriceps,,Kettlebells,,,,UNMATCHED,no deterministic Supabase slug/name/alias/media match
1895,Taylor Kettlebell Goblet Squat,taylor-kettlebell-goblet-squat,,,,UNMATCHED,0.00,Quadriceps,,Kettlebells,,,,UNMATCHED,no deterministic Supabase slug/name/alias/media match
1896,Goblet squat-,goblet-squat,558,Goblet Squat Quads,goblet-squat-quads,REVIEW,0.67,Quadriceps,full legs,Kettlebells,Bodyweight,,video/full legs/videos/Goblet Squat QUADS.mp4,CONFLICT,candidate similarity score 0.67; incompatible  equipment
1897,Holman Kettlebell Squat Clean,holman-kettlebell-squat-clean,,,,UNMATCHED,0.00,Quadriceps,,Kettlebells,,,,UNMATCHED,no deterministic Supabase slug/name/alias/media match
1898,Holman Kettlebell Swing,holman-kettlebell-swing,,,,UNMATCHED,0.00,Quadriceps,,Kettlebells,,,,UNMATCHED,no deterministic Supabase slug/name/alias/media match
1899,Holman Kettlebell Swing Transfer,holman-kettlebell-swing-transfer,,,,UNMATCHED,0.00,Quadriceps,,Kettlebells,,,,UNMATCHED,no deterministic Supabase slug/name/alias/media match
1900,Dumbbell goblet squat-,dumbbell-goblet-squat,501,Sumo Squat Dumbbell,sumo-squat-dumbbell,REVIEW,0.50,Quadriceps,full legs,Kettlebells,Dumbbell,,video/full legs/videos/sumo squat dumbbell.mp4,CONFLICT,candidate similarity score 0.50; incompatible  equipment
1901,Robertson Kettlebell Jump,robertson-kettlebell-jump,,,,UNMATCHED,0.00,Quadriceps,,Kettlebells,,,,UNMATCHED,no deterministic Supabase slug/name/alias/media match
1902,FYR2 Alternating Kettlebell Squat Clean,alternating-kettlebell-squat-clean,,,,UNMATCHED,0.00,Quadriceps,,Kettlebells,,,,UNMATCHED,no deterministic Supabase slug/name/alias/media match
1903,FYR2 Banded Double-Kettlebell Squat Pulse,banded-double-kettlebell-squat-pulse,,,,UNMATCHED,0.00,Quadriceps,,Kettlebells,,,,UNMATCHED,no deterministic Supabase slug/name/alias/media match
1904,FYR2 Double-Kettlebell Ballin' Lunge,double-kettlebell-ballin-lunge,,,,UNMATCHED,0.00,Quadriceps,,Kettlebells,,,,UNMATCHED,no deterministic Supabase slug/name/alias/media match
1905,FYR2 Double-Kettlebell Front Rack Lunge,double-kettlebell-front-rack-lunge,,,,UNMATCHED,0.00,Quadriceps,,Kettlebells,,,,UNMATCHED,no deterministic Supabase slug/name/alias/media match
1906,FYR2 Double-Kettlebell Front Squat,double-kettlebell-front-squat,,,,UNMATCHED,0.00,Quadriceps,,Kettlebells,,,,UNMATCHED,no deterministic Supabase slug/name/alias/media match
1907,FYR2 Explosive Kettlebell Jump Squat,explosive-kettlebell-jump-squat,,,,UNMATCHED,0.00,Quadriceps,,Kettlebells,,,,UNMATCHED,no deterministic Supabase slug/name/alias/media match
1908,FYR2 Kettlebell Goblet Squat,kettlebell-goblet-squat,558,Goblet Squat Quads,goblet-squat-quads,REVIEW,0.50,Quadriceps,full legs,Kettlebells,Bodyweight,,video/full legs/videos/Goblet Squat QUADS.mp4,CONFLICT,candidate similarity score 0.50; incompatible  equipment
1909,FYR2 Kettlebell Reverse Lunge Switch Grip,kettlebell-reverse-lunge-switch-grip,,,,UNMATCHED,0.00,Quadriceps,,Kettlebells,,,,UNMATCHED,no deterministic Supabase slug/name/alias/media match
1910,FYR2 Kettlebell Reverse Lunge to Kneeling Press,kettlebell-reverse-lunge-to-kneeling-press,,,,UNMATCHED,0.00,Quadriceps,,Kettlebells,,,,UNMATCHED,no deterministic Supabase slug/name/alias/media match
1911,FYR2 Kettlebell Sumo Squat Pulse,kettlebell-sumo-squat-pulse,552,Sumo Squat,sumo-squat,REVIEW,0.50,Quadriceps,full legs,Kettlebells,Bodyweight,,video/full legs/gif-female/sumo squat femme.gif,CONFLICT,candidate similarity score 0.50; incompatible  equipment
1912,FYR2 Reverse Lunge to Single-Leg Kettlebell Deadlift,reverse-lunge-to-single-leg-kettlebell-deadlift,,,,UNMATCHED,0.00,Quadriceps,,Kettlebells,,,,UNMATCHED,no deterministic Supabase slug/name/alias/media match
1913,FYR2 Kettlebell Goblet-Squat-Deadlift Complex,kettlebell-goblet-squat-deadlift-complex,,,,UNMATCHED,0.00,Quadriceps,,Kettlebells,,,,UNMATCHED,no deterministic Supabase slug/name/alias/media match
1914,FYR2 Kettlebell Squat-Press-Deadlift Complex,kettlebell-squat-press-deadlift-complex,,,,UNMATCHED,0.00,Quadriceps,,Kettlebells,,,,UNMATCHED,no deterministic Supabase slug/name/alias/media match
1915,Goblet Squats,goblet-squat,558,Goblet Squat Quads,goblet-squat-quads,REVIEW,0.67,Quadriceps,full legs,Kettlebells,Bodyweight,,video/full legs/videos/Goblet Squat QUADS.mp4,CONFLICT,candidate similarity score 0.67; incompatible  equipment
1916,Dumbbell Goblet Squat,dumbbell-goblet-squat,501,Sumo Squat Dumbbell,sumo-squat-dumbbell,REVIEW,0.50,Quadriceps,full legs,Dumbbell,Dumbbell,,video/full legs/videos/sumo squat dumbbell.mp4,CONFLICT,candidate similarity score 0.50; multiple equal-confidence Supabase candidates
1917,Dumbbell squat,dumbbell-squat,501,Sumo Squat Dumbbell,sumo-squat-dumbbell,HIGH_CONFIDENCE,0.67,Quadriceps,full legs,Dumbbell,Dumbbell,,video/full legs/videos/sumo squat dumbbell.mp4,CONFLICT,context-constrained similarity score 0.67; multiple equal-confidence Supabase candidates
1918,Dumbbell Lunges,dumbbell-lunge,,,,UNMATCHED,0.00,Quadriceps,,Dumbbell,,,,UNMATCHED,no deterministic Supabase slug/name/alias/media match
1919,Dumbbell reverse lunge,dumbbell-reverse-lunge,60,Dumbbell Reverse Fly,dumbbell-reverse-fly,REVIEW,0.50,Quadriceps,BACK and TRAPEZIUS|shoulders,Dumbbell,Dumbbell,,video/BACK and TRAPEZIUS/gif-female/Dumbbell Reverse Fly femme.gif,CONFLICT,candidate similarity score 0.50; incompatible category
1920,Split Squat with Dumbbells,split-squat-with-dumbbells,581,Bulgarian Split Squat With Dumbbells,bulgarian-split-squat-with-dumbbells,HIGH_CONFIDENCE,0.80,Quadriceps,full legs,Dumbbell,Dumbbell,,video/full legs/gif-female/Bulgarian split squat with dumbbells femme.gif,HIGH_CONFIDENCE,context-constrained similarity score 0.80
1921,Dumbbell sumo squat,dumbbell-sumo-squat,575,Dumbbell Sumo Squat,dumbbell-sumo-squat,EXACT_SLUG,1.00,Quadriceps,full legs,Dumbbell,Dumbbell,,video/full legs/gif-female/Dumbbell sumo squat femme.gif,VERIFIED,local derived slug equals Supabase slug; normalized local name equals normalized Supabase name; local alias equals Supabase name: dumbbell sumo squat; local alias equals Supabase slug: dumbbell sumo squat
1922,Dumbbell seated box jump,dumbbell-seated-box-jump,,,,UNMATCHED,0.00,Quadriceps,,Dumbbell,,,,UNMATCHED,no deterministic Supabase slug/name/alias/media match
1923,Dumbbell step-up,dumbbell-step-up,603,Step Up,step-up,REVIEW,0.67,Quadriceps,full legs,Dumbbell,Barbell,,video/full legs/gif-female/Step up femme.gif,CONFLICT,candidate similarity score 0.67; incompatible  equipment
1924,Dumbbell Walking Lunge,dumbbell-walking-lunge,532,Walking Lunge,walking-lunge,REVIEW,0.67,Quadriceps,full legs,Dumbbell,Body Only,,video/full legs/videos/WALKING LUNGE.mp4,CONFLICT,candidate similarity score 0.67; incompatible  equipment
1925,Dumbbell Squat To A Bench,dumbbell-squat-to-a-bench,,,,UNMATCHED,0.00,Quadriceps,,Dumbbell,,,,UNMATCHED,no deterministic Supabase slug/name/alias/media match
1926,Dumbbell thruster,dumbbell-thruster,,,,UNMATCHED,0.00,Quadriceps,,Dumbbell,,,,UNMATCHED,no deterministic Supabase slug/name/alias/media match
1927,Dumbbell front squat,dumbbell-front-squat,501,Sumo Squat Dumbbell,sumo-squat-dumbbell,REVIEW,0.50,Quadriceps,full legs,Dumbbell,Dumbbell,,video/full legs/videos/sumo squat dumbbell.mp4,CONFLICT,candidate similarity score 0.50; multiple equal-confidence Supabase candidates
1928,Single-Arm Dumbbell Overhead Squat,single-arm-dumbbell-overhead-squat,63,Single-Arm Dumbbell Row,single-arm-dumbbell-row,REVIEW,0.50,Quadriceps,BACK and TRAPEZIUS,Dumbbell,Dumbbell,,video/BACK and TRAPEZIUS/gif-female/Single-arm row with bench support femme.gif,CONFLICT,candidate similarity score 0.50; incompatible category
1929,Dumbbell lateral hop,dumbbell-lateral-hop,649,Dumbbell Lateral Raise,dumbbell-lateral-raise,REVIEW,0.50,Quadriceps,shoulders,Dumbbell,Dumbbell,,video/shoulders/videos/Dumbbell Lateral Raise.mp4,CONFLICT,candidate similarity score 0.50; incompatible category
1930,Dumbbell lunge with biceps curl,dumbbell-lunge-with-biceps-curl,,,,UNMATCHED,0.00,Quadriceps,,Dumbbell,,,,UNMATCHED,no deterministic Supabase slug/name/alias/media match
1931,Dumbbell Pistol Squat,dumbbell-pistol-squat,501,Sumo Squat Dumbbell,sumo-squat-dumbbell,REVIEW,0.50,Quadriceps,full legs,Dumbbell,Dumbbell,,video/full legs/videos/sumo squat dumbbell.mp4,CONFLICT,candidate similarity score 0.50; multiple equal-confidence Supabase candidates
1932,Dumbbell Squat Snatch,dumbbell-squat-snatch,501,Sumo Squat Dumbbell,sumo-squat-dumbbell,REVIEW,0.50,Quadriceps,full legs,Dumbbell,Dumbbell,,video/full legs/videos/sumo squat dumbbell.mp4,CONFLICT,candidate similarity score 0.50; multiple equal-confidence Supabase candidates
1933,Dumbbell Alternating Lunge,dumbbell-alternating-lunge,,,,UNMATCHED,0.00,Quadriceps,,Dumbbell,,,,UNMATCHED,no deterministic Supabase slug/name/alias/media match
1934,Dumbbell jump squat,dumbbell-jump-squat,501,Sumo Squat Dumbbell,sumo-squat-dumbbell,REVIEW,0.50,Quadriceps,full legs,Dumbbell,Dumbbell,,video/full legs/videos/sumo squat dumbbell.mp4,CONFLICT,candidate similarity score 0.50; multiple equal-confidence Supabase candidates
1935,Dumbbell Side Lunge,dumbbell-side-lunge,,,,UNMATCHED,0.00,Quadriceps,,Dumbbell,,,,UNMATCHED,no deterministic Supabase slug/name/alias/media match
1936,Boss Everline Dumbbell Lunge Jump,boss-everline-dumbbell-lunge-jump,,,,UNMATCHED,0.00,Quadriceps,,Dumbbell,,,,UNMATCHED,no deterministic Supabase slug/name/alias/media match
1937,Dumbbell Fix Dumbbell Split Squat,dumbbell-fix-dumbbell-split-squat,,,,UNMATCHED,0.00,Quadriceps,,Dumbbell,,,,UNMATCHED,no deterministic Supabase slug/name/alias/media match
1938,Single-leg dumbbell Romanian deadlift,single-leg-dumbbell-romanian-deadlift,527,Single Leg Dumbbell Squat,single-leg-dumbbell-squat,REVIEW,0.50,Quadriceps,full legs,Dumbbell,Dumbbell,,video/full legs/gif-male/Single-leg dumbbell squat male.gif,CONFLICT,candidate similarity score 0.50; incompatible category
1939,Dumbbell Fix Dumbbell Alternating Reverse Lunge,dumbbell-fix-dumbbell-alternating-reverse-lunge,,,,UNMATCHED,0.00,Quadriceps,,Dumbbell,,,,UNMATCHED,no deterministic Supabase slug/name/alias/media match
1940,Dumbbell Fix Turkish Get-Up,dumbbell-fix-turkish-get-up,,,,UNMATCHED,0.00,Quadriceps,,Dumbbell,,,,UNMATCHED,no deterministic Supabase slug/name/alias/media match
1941,Seesaw lunge,seesaw-lunge,,,,UNMATCHED,0.00,Quadriceps,,Dumbbell,,,,UNMATCHED,no deterministic Supabase slug/name/alias/media match
1942,FYR Dumbbell Front Squat,dumbbell-front-squat,501,Sumo Squat Dumbbell,sumo-squat-dumbbell,REVIEW,0.50,Quadriceps,full legs,Dumbbell,Dumbbell,,video/full legs/videos/sumo squat dumbbell.mp4,CONFLICT,candidate similarity score 0.50; multiple equal-confidence Supabase candidates
1943,Dumbbell split squat,dumbbell-split-squat,501,Sumo Squat Dumbbell,sumo-squat-dumbbell,REVIEW,0.50,Quadriceps,full legs,Dumbbell,Dumbbell,,video/full legs/videos/sumo squat dumbbell.mp4,CONFLICT,candidate similarity score 0.50; multiple equal-confidence Supabase candidates
1944,Dumbbell deadlift,dumbbell-deadlift,530,Dumbbell Deadlift,dumbbell-deadlift,EXACT_SLUG,1.00,Quadriceps,full legs,Dumbbell,Dumbbell,,video/full legs/gif-male/dumbbell deadlift male.gif,VERIFIED,local derived slug equals Supabase slug; normalized local name equals normalized Supabase name; local alias equals Supabase name: dumbbell deadlift; local alias equals Supabase slug: dumbbell deadlift
1945,Single-arm stiff-legged deadlift,single-arm-stiff-legged-deadlift,602,Dumbbell Stiff Legged Deadlift,dumbbell-stiff-legged-deadlift,REVIEW,0.50,Quadriceps,full legs,Dumbbell,Dumbbell,,video/full legs/gif-male/Dumbbell Stiff-Legged Deadlift male.gif,REVIEW,candidate similarity score 0.50
1946,HM Dumbbell Overhead Squat,hm-dumbbell-overhead-squat,,,,UNMATCHED,0.00,Quadriceps,,Dumbbell,,,,UNMATCHED,no deterministic Supabase slug/name/alias/media match
1947,HM Dumbbell Squat,hm-dumbbell-squat,501,Sumo Squat Dumbbell,sumo-squat-dumbbell,REVIEW,0.50,Quadriceps,full legs,Dumbbell,Dumbbell,,video/full legs/videos/sumo squat dumbbell.mp4,CONFLICT,candidate similarity score 0.50; multiple equal-confidence Supabase candidates
1948,UNS Dumbbell Goblet Squat,uns-dumbbell-goblet-squat,,,,UNMATCHED,0.00,Quadriceps,,Dumbbell,,,,UNMATCHED,no deterministic Supabase slug/name/alias/media match
1949,Single-Arm Dumbbell Snatch,single-arm-dumbbell-snatch,63,Single-Arm Dumbbell Row,single-arm-dumbbell-row,REVIEW,0.60,Quadriceps,BACK and TRAPEZIUS,Dumbbell,Dumbbell,,video/BACK and TRAPEZIUS/gif-female/Single-arm row with bench support femme.gif,CONFLICT,candidate similarity score 0.60; incompatible category
1950,KV Dumbbell Lunges,kv-dumbbell-lunge,,,,UNMATCHED,0.00,Quadriceps,,Dumbbell,,,,UNMATCHED,no deterministic Supabase slug/name/alias/media match
1951,Holman Squat to Biceps Curl,holman-squat-to-biceps-curl,,,,UNMATCHED,0.00,Quadriceps,,Dumbbell,,,,UNMATCHED,no deterministic Supabase slug/name/alias/media match
1952,Holman Burpee to Biceps Curl,holman-burpee-to-biceps-curl,,,,UNMATCHED,0.00,Quadriceps,,Dumbbell,,,,UNMATCHED,no deterministic Supabase slug/name/alias/media match
1953,Holman Slow Weighted Reverse Lunge,holman-slow-weighted-reverse-lunge,,,,UNMATCHED,0.00,Quadriceps,,Dumbbell,,,,UNMATCHED,no deterministic Supabase slug/name/alias/media match
1954,Holman Slow Weighted Plie Squat,holman-slow-weighted-plie-squat,,,,UNMATCHED,0.00,Quadriceps,,Dumbbell,,,,UNMATCHED,no deterministic Supabase slug/name/alias/media match
1955,Holman Weighted Lunge Jump with Biceps Curl,holman-weighted-lunge-jump-with-biceps-curl,,,,UNMATCHED,0.00,Quadriceps,,Dumbbell,,,,UNMATCHED,no deterministic Supabase slug/name/alias/media match
1956,Holman Left Reverse Lunge Chest Press to Left Knee-Up Chest Press,holman-left-reverse-lunge-chest-press-to-left-knee-up-chest-press,,,,UNMATCHED,0.00,Quadriceps,,Dumbbell,,,,UNMATCHED,no deterministic Supabase slug/name/alias/media match
1957,Holman Weighted Lunge Jump with Chest Press,holman-weighted-lunge-jump-with-chest-press,,,,UNMATCHED,0.00,Quadriceps,,Dumbbell,,,,UNMATCHED,no deterministic Supabase slug/name/alias/media match
1958,Holman Weighted Half Jack to Biceps Curl,holman-weighted-half-jack-to-biceps-curl,,,,UNMATCHED,0.00,Quadriceps,,Dumbbell,,,,UNMATCHED,no deterministic Supabase slug/name/alias/media match
1959,Holman Weighted Half Jack to Chest Press,holman-weighted-half-jack-to-chest-press,,,,UNMATCHED,0.00,Quadriceps,,Dumbbell,,,,UNMATCHED,no deterministic Supabase slug/name/alias/media match
1960,Holman 180 Jump to Renegade Side Raise,holman-180-jump-to-renegade-side-raise,,,,UNMATCHED,0.00,Quadriceps,,Dumbbell,,,,UNMATCHED,no deterministic Supabase slug/name/alias/media match
1961,Holman Right Reverse Lunge Biceps Curl to Right Knee-Up Biceps Curl,holman-right-reverse-lunge-biceps-curl-to-right-knee-up-biceps-curl,,,,UNMATCHED,0.00,Quadriceps,,Dumbbell,,,,UNMATCHED,no deterministic Supabase slug/name/alias/media match
1962,Holman Roll-Back to Squat Thrust to Renegade Row,holman-roll-back-to-squat-thrust-to-renegade-row,,,,UNMATCHED,0.00,Quadriceps,,Dumbbell,,,,UNMATCHED,no deterministic Supabase slug/name/alias/media match
1963,Holman Roll-Back to Squat Thrust to Renegade Triceps Press,holman-roll-back-to-squat-thrust-to-renegade-triceps-press,,,,UNMATCHED,0.00,Quadriceps,,Dumbbell,,,,UNMATCHED,no deterministic Supabase slug/name/alias/media match
1964,Holman Weighted Narrow Squat Jump,holman-weighted-narrow-squat-jump,,,,UNMATCHED,0.00,Quadriceps,,Dumbbell,,,,UNMATCHED,no deterministic Supabase slug/name/alias/media match
1965,Holman Diagonal Deadlift,holman-diagonal-deadlift,,,,UNMATCHED,0.00,Quadriceps,,Dumbbell,,,,UNMATCHED,no deterministic Supabase slug/name/alias/media match
1966,Holman Weighted Burpee to Triceps Press,holman-weighted-burpee-to-triceps-press,,,,UNMATCHED,0.00,Quadriceps,,Dumbbell,,,,UNMATCHED,no deterministic Supabase slug/name/alias/media match
1967,Holman Squat Thrust Overhead Press,holman-squat-thrust-overhead-press,,,,UNMATCHED,0.00,Quadriceps,,Dumbbell,,,,UNMATCHED,no deterministic Supabase slug/name/alias/media match
1968,Holman Weighted Burpee to Chest Press,holman-weighted-burpee-to-chest-press,,,,UNMATCHED,0.00,Quadriceps,,Dumbbell,,,,UNMATCHED,no deterministic Supabase slug/name/alias/media match
1969,Holman Squat to Right-Arm Overhead Press,holman-squat-to-right-arm-overhead-press,,,,UNMATCHED,0.00,Quadriceps,,Dumbbell,,,,UNMATCHED,no deterministic Supabase slug/name/alias/media match
1970,Holman Right Lunge Jump with Right Overhead Press,holman-right-lunge-jump-with-right-overhead-press,,,,UNMATCHED,0.00,Quadriceps,,Dumbbell,,,,UNMATCHED,no deterministic Supabase slug/name/alias/media match
1971,Holman Left Lunge Jump with Left Overhead Press,holman-left-lunge-jump-with-left-overhead-press,,,,UNMATCHED,0.00,Quadriceps,,Dumbbell,,,,UNMATCHED,no deterministic Supabase slug/name/alias/media match
1972,Holman Heavy Hip Drive,holman-heavy-hip-drive,,,,UNMATCHED,0.00,Quadriceps,,Dumbbell,,,,UNMATCHED,no deterministic Supabase slug/name/alias/media match
1973,Holman Squat to Left-Arm Overhead Press,holman-squat-to-left-arm-overhead-press,,,,UNMATCHED,0.00,Quadriceps,,Dumbbell,,,,UNMATCHED,no deterministic Supabase slug/name/alias/media match
1974,Holman Weighted Lunge Jump to Floor Lunge Jump,holman-weighted-lunge-jump-to-floor-lunge-jump,,,,UNMATCHED,0.00,Quadriceps,,Dumbbell,,,,UNMATCHED,no deterministic Supabase slug/name/alias/media match
1975,Holman Alternating Weighted Lunge Jump to Chest Press,holman-alternating-weighted-lunge-jump-to-chest-press,,,,UNMATCHED,0.00,Quadriceps,,Dumbbell,,,,UNMATCHED,no deterministic Supabase slug/name/alias/media match
1976,Holman Weighted Burpee to Overhead Alternating Reverse Lunge,holman-weighted-burpee-to-overhead-alternating-reverse-lunge,,,,UNMATCHED,0.00,Quadriceps,,Dumbbell,,,,UNMATCHED,no deterministic Supabase slug/name/alias/media match
1977,Holman Weighted 180 Jump to Chest Press,holman-weighted-180-jump-to-chest-press,,,,UNMATCHED,0.00,Quadriceps,,Dumbbell,,,,UNMATCHED,no deterministic Supabase slug/name/alias/media match
1978,Holman Alternating Side Squat Overhead Press,holman-alternating-side-squat-overhead-press,,,,UNMATCHED,0.00,Quadriceps,,Dumbbell,,,,UNMATCHED,no deterministic Supabase slug/name/alias/media match
1979,Holman Right Lunge with Right Biceps Curl,holman-right-lunge-with-right-biceps-curl,,,,UNMATCHED,0.00,Quadriceps,,Dumbbell,,,,UNMATCHED,no deterministic Supabase slug/name/alias/media match
1980,Holman Left Lunge with Left Biceps Curl,holman-left-lunge-with-left-biceps-curl,,,,UNMATCHED,0.00,Quadriceps,,Dumbbell,,,,UNMATCHED,no deterministic Supabase slug/name/alias/media match
1981,Holman Squat Thrust to Alternating Front Raise,holman-squat-thrust-to-alternating-front-raise,,,,UNMATCHED,0.00,Quadriceps,,Dumbbell,,,,UNMATCHED,no deterministic Supabase slug/name/alias/media match
1982,Dumbbell racked reverse lunge,dumbbell-racked-reverse-lunge,,,,UNMATCHED,0.00,Quadriceps,,Dumbbell,,,,UNMATCHED,no deterministic Supabase slug/name/alias/media match
1983,Total Fitness Dumbbell Reverse Lunge,total-fitness-dumbbell-reverse-lunge,,,,UNMATCHED,0.00,Quadriceps,,Dumbbell,,,,UNMATCHED,no deterministic Supabase slug/name/alias/media match
1984,Single-arm dumbbell snatch-,single-arm-dumbbell-snatch,63,Single-Arm Dumbbell Row,single-arm-dumbbell-row,REVIEW,0.60,Quadriceps,BACK and TRAPEZIUS,Dumbbell,Dumbbell,,video/BACK and TRAPEZIUS/gif-female/Single-arm row with bench support femme.gif,CONFLICT,candidate similarity score 0.60; incompatible category
1985,Total Fitness Dumbbell Step-Up,total-fitness-dumbbell-step-up,,,,UNMATCHED,0.00,Quadriceps,,Dumbbell,,,,UNMATCHED,no deterministic Supabase slug/name/alias/media match
1986,Single-arm dumbbell front squat,single-arm-dumbbell-front-squat,63,Single-Arm Dumbbell Row,single-arm-dumbbell-row,REVIEW,0.50,Quadriceps,BACK and TRAPEZIUS,Dumbbell,Dumbbell,,video/BACK and TRAPEZIUS/gif-female/Single-arm row with bench support femme.gif,CONFLICT,candidate similarity score 0.50; incompatible category
1987,King Maker Weighted Jump Squat,king-maker-weighted-jump-squat,,,,UNMATCHED,0.00,Quadriceps,,Dumbbell,,,,UNMATCHED,no deterministic Supabase slug/name/alias/media match
1988,3D dumbbell lunge,3d-dumbbell-lunge,,,,UNMATCHED,0.00,Quadriceps,,Dumbbell,,,,UNMATCHED,no deterministic Supabase slug/name/alias/media match
1989,MetaBurn Dumbbell Burpee,metaburn-dumbbell-burpee,,,,UNMATCHED,0.00,Quadriceps,,Dumbbell,,,,UNMATCHED,no deterministic Supabase slug/name/alias/media match
1990,Dumbbell jump squat with rotation,dumbbell-jump-squat-with-rotation,,,,UNMATCHED,0.00,Quadriceps,,Dumbbell,,,,UNMATCHED,no deterministic Supabase slug/name/alias/media match
1991,MetaBurn Dumbbell Wide Squat to Rack,metaburn-dumbbell-wide-squat-to-rack,,,,UNMATCHED,0.00,Quadriceps,,Dumbbell,,,,UNMATCHED,no deterministic Supabase slug/name/alias/media match
1992,MetaBurn Reverse Lunge To High Pull,metaburn-reverse-lunge-to-high-pull,,,,UNMATCHED,0.00,Quadriceps,,Dumbbell,,,,UNMATCHED,no deterministic Supabase slug/name/alias/media match
1993,MetaBurn Reverse Lunge With Overhead Raise,metaburn-reverse-lunge-with-overhead-raise,,,,UNMATCHED,0.00,Quadriceps,,Dumbbell,,,,UNMATCHED,no deterministic Supabase slug/name/alias/media match
1994,MetaBurn Squat to Triceps Extension,metaburn-squat-to-triceps-extension,,,,UNMATCHED,0.00,Quadriceps,,Dumbbell,,,,UNMATCHED,no deterministic Supabase slug/name/alias/media match
1995,30 Legs Dumbbell Goblet Squat,dumbbell-goblet-squat,501,Sumo Squat Dumbbell,sumo-squat-dumbbell,REVIEW,0.50,Quadriceps,full legs,Dumbbell,Dumbbell,,video/full legs/videos/sumo squat dumbbell.mp4,CONFLICT,candidate similarity score 0.50; multiple equal-confidence Supabase candidates
1996,30 Legs Dumbbell Squat,dumbbell-squat,501,Sumo Squat Dumbbell,sumo-squat-dumbbell,HIGH_CONFIDENCE,0.67,Quadriceps,full legs,Dumbbell,Dumbbell,,video/full legs/videos/sumo squat dumbbell.mp4,CONFLICT,context-constrained similarity score 0.67; multiple equal-confidence Supabase candidates
1997,Dumbbell step-down reverse lunge,dumbbell-step-down-reverse-lunge,,,,UNMATCHED,0.00,Quadriceps,,Dumbbell,,,,UNMATCHED,no deterministic Supabase slug/name/alias/media match
1998,Tire flip,tire-flip,,,,UNMATCHED,0.00,Quadriceps,,Other,,,,UNMATCHED,no deterministic Supabase slug/name/alias/media match
1999,Single Leg Push-off,single-leg-push-off,,,,UNMATCHED,0.00,Quadriceps,,Other,,,,UNMATCHED,no deterministic Supabase slug/name/alias/media match
2000,Bear crawl sled drag,bear-crawl-sled-drag,,,,UNMATCHED,0.00,Quadriceps,,Other,,,,UNMATCHED,no deterministic Supabase slug/name/alias/media match
2001,Bicycling,bicycling,,,,UNMATCHED,0.00,Quadriceps,,Other,,,,UNMATCHED,no deterministic Supabase slug/name/alias/media match
2002,Hex-bar deadlift,hex-bar-deadlift,,,,UNMATCHED,0.00,Quadriceps,,Other,,,,UNMATCHED,no deterministic Supabase slug/name/alias/media match
2003,Skating,skating,,,,UNMATCHED,0.00,Quadriceps,,Other,,,,UNMATCHED,no deterministic Supabase slug/name/alias/media match
2004,Weighted sissy squat,weighted-sissy-squat,,,,UNMATCHED,0.00,Quadriceps,,Other,,,,UNMATCHED,no deterministic Supabase slug/name/alias/media match
2005,Dumbbell step-up,dumbbell-step-up,603,Step Up,step-up,REVIEW,0.67,Quadriceps,full legs,Dumbbell,Barbell,,video/full legs/gif-female/Step up femme.gif,CONFLICT,candidate similarity score 0.67; incompatible  equipment
2006,Yoke Walk,yoke-walk,,,,UNMATCHED,0.00,Quadriceps,,Other,,,,UNMATCHED,no deterministic Supabase slug/name/alias/media match
2007,Front Cone Hops (or hurdle hops),front-cone-hops-or-hurdle-hops,,,,UNMATCHED,0.00,Quadriceps,,Other,,,,UNMATCHED,no deterministic Supabase slug/name/alias/media match
2008,Weighted Squat,weighted-squat,,,,UNMATCHED,0.00,Quadriceps,,Other,,,,UNMATCHED,no deterministic Supabase slug/name/alias/media match
2009,Bench skip,bench-skip,,,,UNMATCHED,0.00,Quadriceps,,Other,,,,UNMATCHED,no deterministic Supabase slug/name/alias/media match
2010,Backward Drag,backward-drag,,,,UNMATCHED,0.00,Quadriceps,,Other,,,,UNMATCHED,no deterministic Supabase slug/name/alias/media match
2011,Sled Push,sled-push,,,,UNMATCHED,0.00,Quadriceps,,Other,,,,UNMATCHED,no deterministic Supabase slug/name/alias/media match
2012,Barbell squat with plate slide,barbell-squat-with-plate-slide,,,,UNMATCHED,0.00,Quadriceps,,Other,,,,UNMATCHED,no deterministic Supabase slug/name/alias/media match
2013,Suspended split squat,suspended-split-squat,555,Bulgarian Split Squat,bulgarian-split-squat,REVIEW,0.50,Quadriceps,full legs,Other,Barbell,,video/full legs/gif-male/Bulgarian split squat male.gif,CONFLICT,candidate similarity score 0.50; incompatible  equipment
2014,Intermediate Hip Flexor and Quad Stretch,intermediate-hip-flexor-and-quad-stretch,,,,UNMATCHED,0.00,Quadriceps,,Other,,,,UNMATCHED,no deterministic Supabase slug/name/alias/media match
2015,Sled Drag - Harness,sled-drag-harness,,,,UNMATCHED,0.00,Quadriceps,,Other,,,,UNMATCHED,no deterministic Supabase slug/name/alias/media match
2016,Burpee over barbell,burpee-over-barbell,,,,UNMATCHED,0.00,Quadriceps,,Other,,,,UNMATCHED,no deterministic Supabase slug/name/alias/media match
2017,Dumbbell walking lunge-,dumbbell-walking-lunge,532,Walking Lunge,walking-lunge,REVIEW,0.67,Quadriceps,full legs,Other,Body Only,,video/full legs/videos/WALKING LUNGE.mp4,CONFLICT,candidate similarity score 0.67; incompatible  equipment
2018,Single-Leg Box Jump,single-leg-box-jump,,,,UNMATCHED,0.00,Quadriceps,,Other,,,,UNMATCHED,no deterministic Supabase slug/name/alias/media match
2019,Conan's Wheel,conan-s-wheel,,,,UNMATCHED,0.00,Quadriceps,,Other,,,,UNMATCHED,no deterministic Supabase slug/name/alias/media match
2020,Single-Leg Hop Progression,single-leg-hop-progression,,,,UNMATCHED,0.00,Quadriceps,,Other,,,,UNMATCHED,no deterministic Supabase slug/name/alias/media match
2021,Rickshaw Deadlift,rickshaw-deadlift,175,Deadlift,deadlift,REVIEW,0.50,Quadriceps,BACK and TRAPEZIUS,Other,Barbell,,video/BACK and TRAPEZIUS/videos/Deadlift .mp4,CONFLICT,candidate similarity score 0.50; incompatible  equipment
2022,Single-cone sprint drill,single-cone-sprint-drill,,,,UNMATCHED,0.00,Quadriceps,,Other,,,,UNMATCHED,no deterministic Supabase slug/name/alias/media match
2023,Single-Leg Stride Jump,single-leg-stride-jump,,,,UNMATCHED,0.00,Quadriceps,,Other,,,,UNMATCHED,no deterministic Supabase slug/name/alias/media match
2024,Trap Bar Jump,trap-bar-jump,188,Trap Bar Shrug,trap-bar-shrug,REVIEW,0.50,Quadriceps,BACK and TRAPEZIUS,Other,Trap Bar,,video/BACK and TRAPEZIUS/videos/Trap Bar Shrug.mp4,CONFLICT,candidate similarity score 0.50; incompatible  equipment
2025,Single-Leg Lateral Hop,single-leg-lateral-hop,,,,UNMATCHED,0.00,Quadriceps,,Other,,,,UNMATCHED,no deterministic Supabase slug/name/alias/media match
2026,Burpee Box-Jumps,burpee-box-jumps,,,,UNMATCHED,0.00,Quadriceps,,Other,,,,UNMATCHED,no deterministic Supabase slug/name/alias/media match
2027,Sandbag Load,sandbag-load,,,,UNMATCHED,0.00,Quadriceps,,Other,,,,UNMATCHED,no deterministic Supabase slug/name/alias/media match
2028,Single-leg knee-tap squat,single-leg-knee-tap-squat,527,Single Leg Dumbbell Squat,single-leg-dumbbell-squat,REVIEW,0.50,Quadriceps,full legs,Other,Dumbbell,,video/full legs/gif-male/Single-leg dumbbell squat male.gif,CONFLICT,candidate similarity score 0.50; incompatible  equipment
2029,Car Deadlift,car-deadlift,175,Deadlift,deadlift,REVIEW,0.50,Quadriceps,BACK and TRAPEZIUS,Other,Barbell,,video/BACK and TRAPEZIUS/videos/Deadlift .mp4,CONFLICT,candidate similarity score 0.50; incompatible  equipment
2030,Barbell Squat To A Box,barbell-squat-to-a-box,,,,UNMATCHED,0.00,Quadriceps,,Other,,,,UNMATCHED,no deterministic Supabase slug/name/alias/media match
2031,Double Under,double-under,,,,UNMATCHED,0.00,Quadriceps,,Other,,,,UNMATCHED,no deterministic Supabase slug/name/alias/media match
2032,Plate push,plate-push,,,,UNMATCHED,0.00,Quadriceps,,Other,,,,UNMATCHED,no deterministic Supabase slug/name/alias/media match
2033,Hybrid deadlift,hybrid-deadlift,175,Deadlift,deadlift,REVIEW,0.50,Quadriceps,BACK and TRAPEZIUS,Other,Barbell,,video/BACK and TRAPEZIUS/videos/Deadlift .mp4,CONFLICT,candidate similarity score 0.50; incompatible  equipment
2034,Boss Everline Suspension Side Run,boss-everline-suspension-side-run,,,,UNMATCHED,0.00,Quadriceps,,Other,,,,UNMATCHED,no deterministic Supabase slug/name/alias/media match
2035,Boss Everline Lunge Sled Push,boss-everline-lunge-sled-push,,,,UNMATCHED,0.00,Quadriceps,,Other,,,,UNMATCHED,no deterministic Supabase slug/name/alias/media match
2036,Squat Bottom Position Hold,squat-bottom-position-hold,,,,UNMATCHED,0.00,Quadriceps,,Other,,,,UNMATCHED,no deterministic Supabase slug/name/alias/media match
2037,TRX Squat Jump,trx-squat-jump,,,,UNMATCHED,0.00,Quadriceps,,Other,,,,UNMATCHED,no deterministic Supabase slug/name/alias/media match
2038,Landmine squat,landmine-squat,,,,UNMATCHED,0.00,Quadriceps,,Other,,,,UNMATCHED,no deterministic Supabase slug/name/alias/media match
2039,Dumbbell Bulgarian split squat,dumbbell-bulgarian-split-squat,555,Bulgarian Split Squat,bulgarian-split-squat,REVIEW,0.74,Quadriceps,full legs,Other,Barbell,,video/full legs/gif-male/Bulgarian split squat male.gif,CONFLICT,candidate similarity score 0.75; incompatible  equipment
2040,Holman Towel Alternating Prisoner Reverse Lunge,holman-towel-alternating-prisoner-reverse-lunge,,,,UNMATCHED,0.00,Quadriceps,,Other,,,,UNMATCHED,no deterministic Supabase slug/name/alias/media match
2041,Holman Weighted Burpee to Belly Touch,holman-weighted-burpee-to-belly-touch,,,,UNMATCHED,0.00,Quadriceps,,Other,,,,UNMATCHED,no deterministic Supabase slug/name/alias/media match
2042,Holman Weighted Burpee to Front Punch,holman-weighted-burpee-to-front-punch,,,,UNMATCHED,0.00,Quadriceps,,Other,,,,UNMATCHED,no deterministic Supabase slug/name/alias/media match
2043,Holman Weighted Low Squat Punch,holman-weighted-low-squat-punch,,,,UNMATCHED,0.00,Quadriceps,,Other,,,,UNMATCHED,no deterministic Supabase slug/name/alias/media match
2044,Holman Weighted Hook Punch to Squat Thrust,holman-weighted-hook-punch-to-squat-thrust,,,,UNMATCHED,0.00,Quadriceps,,Other,,,,UNMATCHED,no deterministic Supabase slug/name/alias/media match
2045,Holman Towel Alternating Side Lunge Squat,holman-towel-alternating-side-lunge-squat,,,,UNMATCHED,0.00,Quadriceps,,Other,,,,UNMATCHED,no deterministic Supabase slug/name/alias/media match
2046,Holman Weighted Burpee to Renegade Side Punch,holman-weighted-burpee-to-renegade-side-punch,,,,UNMATCHED,0.00,Quadriceps,,Other,,,,UNMATCHED,no deterministic Supabase slug/name/alias/media match
2047,Holman Weighted Reverse Lunge to Knee-Up Overhead Press,holman-weighted-reverse-lunge-to-knee-up-overhead-press,,,,UNMATCHED,0.00,Quadriceps,,Other,,,,UNMATCHED,no deterministic Supabase slug/name/alias/media match
2048,Holman Lunge Jump with Overhead Press,holman-lunge-jump-with-overhead-press,,,,UNMATCHED,0.00,Quadriceps,,Other,,,,UNMATCHED,no deterministic Supabase slug/name/alias/media match
2049,Holman Weighted Burpee to Belly Touch to Standing T,holman-weighted-burpee-to-belly-touch-to-standing-t,,,,UNMATCHED,0.00,Quadriceps,,Other,,,,UNMATCHED,no deterministic Supabase slug/name/alias/media match
2050,Holman Weighted Squat Jump,holman-weighted-squat-jump,,,,UNMATCHED,0.00,Quadriceps,,Other,,,,UNMATCHED,no deterministic Supabase slug/name/alias/media match
2051,Holman Weighted Plie Squat,holman-weighted-plie-squat,,,,UNMATCHED,0.00,Quadriceps,,Other,,,,UNMATCHED,no deterministic Supabase slug/name/alias/media match
2052,Holman Heels-Elevated Sissy Squat,holman-heels-elevated-sissy-squat,,,,UNMATCHED,0.00,Quadriceps,,Other,,,,UNMATCHED,no deterministic Supabase slug/name/alias/media match
2053,Holman Squat Jump to Overhead Press,holman-squat-jump-to-overhead-press,,,,UNMATCHED,0.00,Quadriceps,,Other,,,,UNMATCHED,no deterministic Supabase slug/name/alias/media match
2054,Holman 180 Jump to Overhead Press,holman-180-jump-to-overhead-press,,,,UNMATCHED,0.00,Quadriceps,,Other,,,,UNMATCHED,no deterministic Supabase slug/name/alias/media match
2055,Holman Weighted Burpee to Row,holman-weighted-burpee-to-row,,,,UNMATCHED,0.00,Quadriceps,,Other,,,,UNMATCHED,no deterministic Supabase slug/name/alias/media match
2056,Holman Weighted Burpee to 180 Jump,holman-weighted-burpee-to-180-jump,,,,UNMATCHED,0.00,Quadriceps,,Other,,,,UNMATCHED,no deterministic Supabase slug/name/alias/media match
2057,Holman Weighted 180 Jump,holman-weighted-180-jump,,,,UNMATCHED,0.00,Quadriceps,,Other,,,,UNMATCHED,no deterministic Supabase slug/name/alias/media match
2058,Holman Weighted Narrow-Mid-Wide Hop,holman-weighted-narrow-mid-wide-hop,,,,UNMATCHED,0.00,Quadriceps,,Other,,,,UNMATCHED,no deterministic Supabase slug/name/alias/media match
2059,Holman Alternating Weighted Diagonal Burpee,holman-alternating-weighted-diagonal-burpee,,,,UNMATCHED,0.00,Quadriceps,,Other,,,,UNMATCHED,no deterministic Supabase slug/name/alias/media match
2060,Holman Towel Burpee to Push-Up,holman-towel-burpee-to-push-up,,,,UNMATCHED,0.00,Quadriceps,,Other,,,,UNMATCHED,no deterministic Supabase slug/name/alias/media match
2061,Holman Towel Right Side Squat,holman-towel-right-side-squat,,,,UNMATCHED,0.00,Quadriceps,,Other,,,,UNMATCHED,no deterministic Supabase slug/name/alias/media match
2062,ACFT Sprint-drag-carry,sprint-drag-carry,,,,UNMATCHED,0.00,Quadriceps,,Other,,,,UNMATCHED,no deterministic Supabase slug/name/alias/media match
2063,Cable Hip Adduction,cable-hip-adduction,518,Cable Adduction,cable-adduction,HIGH_CONFIDENCE,0.67,Quadriceps,full legs,Cable,Cable,,video/full legs/gif-female/Cable adduction femme.gif,HIGH_CONFIDENCE,context-constrained similarity score 0.67
2064,Cable Deadlifts,cable-deadlift,175,Deadlift,deadlift,REVIEW,0.50,Quadriceps,BACK and TRAPEZIUS,Cable,Barbell,,video/BACK and TRAPEZIUS/videos/Deadlift .mp4,CONFLICT,candidate similarity score 0.50; incompatible  equipment
2065,KV Cable Squat,kv-cable-squat,600,Cable Squat,cable-squat,HIGH_CONFIDENCE,0.67,Quadriceps,full legs,Cable,Cable,,video/full legs/gif-female/Cable squat femme.gif,HIGH_CONFIDENCE,context-constrained similarity score 0.67
2066,Single-Leg Press,single-leg-press,551,Leg Press,leg-press,HIGH_CONFIDENCE,0.67,Quadriceps,full legs,Machine,Machine,,video/full legs/gif-female/Leg press femme.gif,HIGH_CONFIDENCE,context-constrained similarity score 0.67
2067,Stair climber,stair-climber,,,,UNMATCHED,0.00,Quadriceps,,Machine,,,,UNMATCHED,no deterministic Supabase slug/name/alias/media match
2068,Leg Press,leg-press,551,Leg Press,leg-press,EXACT_SLUG,1.00,Quadriceps,full legs,Machine,Machine,Leg Press (Feet Shoulder-Width).mp4,video/full legs/gif-female/Leg press femme.gif,VERIFIED,local derived slug equals Supabase slug; normalized local name equals normalized Supabase name; local alias equals Supabase name: leg press; local alias equals Supabase slug: leg press
2069,Elliptical trainer,elliptical-trainer,,,,UNMATCHED,0.00,Quadriceps,,Machine,,,,UNMATCHED,no deterministic Supabase slug/name/alias/media match
2070,Narrow-stance leg press,narrow-stance-leg-press,564,Wide Stance Leg Press,wide-stance-leg-press,REVIEW,0.60,Quadriceps,full legs,Machine,Machine,,video/full legs/gif-male/wide-stance leg press male.gif,CONFLICT,candidate similarity score 0.60; incompatible category
2071,Narrow Stance Hack Squats,narrow-stance-hack-squat,,,,UNMATCHED,0.00,Quadriceps,,Machine,,,,UNMATCHED,no deterministic Supabase slug/name/alias/media match
2072,Stairmaster,stairmaster,,,,UNMATCHED,0.00,Quadriceps,,Machine,,,,UNMATCHED,no deterministic Supabase slug/name/alias/media match
2073,Machine Squat,machine-squat,591,Machine Squat,machine-squat,EXACT_SLUG,1.00,Quadriceps,full legs,Machine,Machine,,video/full legs/gif-male/machine squat male.gif,VERIFIED,local derived slug equals Supabase slug; normalized local name equals normalized Supabase name; local alias equals Supabase name: machine squat; local alias equals Supabase slug: machine squat
2074,Smith machine back squat,smith-machine-back-squat,591,Machine Squat,machine-squat,REVIEW,0.50,Quadriceps,full legs,Machine,Machine,,video/full legs/gif-male/machine squat male.gif,CONFLICT,candidate similarity score 0.50; incompatible category
2075,Leg Extensions,leg-extension,541,Leg Extension Toes Up,leg-extension-toes-up,ALIAS_MEDIA_MATCH,0.99,Quadriceps,full legs,Machine,Bodyweight,Leg Extension toes up.mp4,video/full legs/videos/Leg Extension toes up.mp4,CONFLICT,local linked video filename equals Supabase media filename: Leg Extension toes up.mp4; incompatible  equipment
2076,Treadmill running,treadmill-running,,,,UNMATCHED,0.00,Quadriceps,,Machine,,,,UNMATCHED,no deterministic Supabase slug/name/alias/media match
2077,Stationary bike,stationary-bike,,,,UNMATCHED,0.00,Quadriceps,,Machine,,,,UNMATCHED,no deterministic Supabase slug/name/alias/media match
2078,Treadmill jogging,treadmill-jogging,,,,UNMATCHED,0.00,Quadriceps,,Machine,,,,UNMATCHED,no deterministic Supabase slug/name/alias/media match
2079,Recumbent Bike,recumbent-bike,,,,UNMATCHED,0.00,Quadriceps,,Machine,,,,UNMATCHED,no deterministic Supabase slug/name/alias/media match
2080,Smith machine leg press,smith-machine-leg-press,222,Smith Machine Bench Press,smith-machine-bench-press,REVIEW,0.60,Quadriceps,Chest,Machine,Machine,,video/Chest/gif-male/Smith machine bench press male.gif,CONFLICT,candidate similarity score 0.60; incompatible category
2081,Lying Machine Squat,lying-machine-squat,591,Machine Squat,machine-squat,HIGH_CONFIDENCE,0.67,Quadriceps,full legs,Machine,Machine,,video/full legs/gif-male/machine squat male.gif,HIGH_CONFIDENCE,context-constrained similarity score 0.67
2082,Seated Leg Press,seated-leg-press,551,Leg Press,leg-press,HIGH_CONFIDENCE,0.67,Quadriceps,full legs,Machine,Machine,,video/full legs/gif-female/Leg press femme.gif,HIGH_CONFIDENCE,context-constrained similarity score 0.67
2083,Smith machine pistol squat,smith-machine-pistol-squat,591,Machine Squat,machine-squat,REVIEW,0.50,Quadriceps,full legs,Machine,Machine,,video/full legs/gif-male/machine squat male.gif,REVIEW,candidate similarity score 0.50
2084,Leverage Deadlift,leverage-deadlift,175,Deadlift,deadlift,REVIEW,0.50,Quadriceps,BACK and TRAPEZIUS,Machine,Barbell,,video/BACK and TRAPEZIUS/videos/Deadlift .mp4,CONFLICT,candidate similarity score 0.50; incompatible  equipment
2085,Leg press-,leg-press,551,Leg Press,leg-press,EXACT_SLUG,1.00,Quadriceps,full legs,Machine,Machine,Leg Press (Feet Shoulder-Width).mp4,video/full legs/gif-female/Leg press femme.gif,VERIFIED,local derived slug equals Supabase slug; normalized local name equals normalized Supabase name
2086,TBS Hack Squat,tbs-hack-squat,521,Hack Squat,hack-squat,REVIEW,0.67,Quadriceps,full legs,Machine,Barbell,,video/full legs/gif-female/Hack squat femme.gif,CONFLICT,candidate similarity score 0.67; incompatible  equipment
2087,Leg Extensions - Gethin Variation,leg-extension,541,Leg Extension Toes Up,leg-extension-toes-up,ALIAS_MEDIA_MATCH,0.99,Quadriceps,full legs,Machine,Bodyweight,Leg Extension toes up.mp4,video/full legs/videos/Leg Extension toes up.mp4,CONFLICT,local linked video filename equals Supabase media filename: Leg Extension toes up.mp4; incompatible  equipment
2088,Seated leg press-,seated-leg-press,551,Leg Press,leg-press,HIGH_CONFIDENCE,0.67,Quadriceps,full legs,Machine,Machine,,video/full legs/gif-female/Leg press femme.gif,HIGH_CONFIDENCE,context-constrained similarity score 0.67
2089,Smith machine front squat,smith-machine-front-squat,591,Machine Squat,machine-squat,REVIEW,0.50,Quadriceps,full legs,Machine,Machine,,video/full legs/gif-male/machine squat male.gif,REVIEW,candidate similarity score 0.50
2090,Machine Deadlift - Gethin Variation,machine-deadlift,141,Smith Machine Deadlift,smith-machine-deadlift,HIGH_CONFIDENCE,0.67,Quadriceps,BACK and TRAPEZIUS,Machine,Smith Machine,,video/BACK and TRAPEZIUS/gif-male/Smith machine deadlift male.gif,HIGH_CONFIDENCE,context-constrained similarity score 0.67
2091,Single-leg hack squat,single-leg-hack-squat,527,Single Leg Dumbbell Squat,single-leg-dumbbell-squat,REVIEW,0.60,Quadriceps,full legs,Machine,Dumbbell,,video/full legs/gif-male/Single-leg dumbbell squat male.gif,CONFLICT,candidate similarity score 0.60; incompatible  equipment
2092,Narrow-stance hack squat,narrow-stance-hack-squat,,,,UNMATCHED,0.00,Quadriceps,,Machine,,,,UNMATCHED,no deterministic Supabase slug/name/alias/media match
2093,Alternating Single-Leg Curl - Gethin Variation,alternating-single-leg-curl,573,Lever Lying Single Leg Curl,lever-lying-single-leg-curl,REVIEW,0.50,Quadriceps,full legs,Machine,Machine,,video/full legs/gif-male/Lever Lying Single Leg Curl male.gif,REVIEW,candidate similarity score 0.50
2094,Stiff-Legged Deadlift - Gethin Variation,stiff-legged-deadlift,602,Dumbbell Stiff Legged Deadlift,dumbbell-stiff-legged-deadlift,REVIEW,0.74,Quadriceps,full legs,Machine,Dumbbell,,video/full legs/gif-male/Dumbbell Stiff-Legged Deadlift male.gif,CONFLICT,candidate similarity score 0.75; incompatible  equipment
2095,Single-Leg Press - Gethin Variation,single-leg-press,551,Leg Press,leg-press,HIGH_CONFIDENCE,0.67,Quadriceps,full legs,Machine,Machine,,video/full legs/gif-female/Leg press femme.gif,HIGH_CONFIDENCE,context-constrained similarity score 0.67
2096,Hack squat-,hack-squat,521,Hack Squat,hack-squat,EXACT_SLUG,1.00,Quadriceps,full legs,Machine,Barbell,Hack Squat QUADS.mp4,video/full legs/gif-female/Hack squat femme.gif,CONFLICT,local derived slug equals Supabase slug; normalized local name equals normalized Supabase name; incompatible  equipment
2097,Smith machine lunge squat,smith-machine-lunge-squat,507,Smith Machine Lunge,smith-machine-lunge,HIGH_CONFIDENCE,0.75,Quadriceps,full legs,Machine,Machine,,video/full legs/gif-female/Smith machine lunge femme.gif,HIGH_CONFIDENCE,context-constrained similarity score 0.75
2098,Hack Squat - Gethin Variation,hack-squat,521,Hack Squat,hack-squat,EXACT_SLUG,1.00,Quadriceps,full legs,Machine,Barbell,Hack Squat QUADS.mp4,video/full legs/gif-female/Hack squat femme.gif,CONFLICT,local derived slug equals Supabase slug; normalized local name equals normalized Supabase name; local alias equals Supabase name: hack squat; local alias equals Supabase slug: hack squat; incompatible  equipment
2099,Leg Press - Gethin Variation,leg-press,551,Leg Press,leg-press,EXACT_SLUG,1.00,Quadriceps,full legs,Machine,Machine,Leg Press (Feet Shoulder-Width).mp4,video/full legs/gif-female/Leg press femme.gif,VERIFIED,local derived slug equals Supabase slug; normalized local name equals normalized Supabase name; local alias equals Supabase name: leg press; local alias equals Supabase slug: leg press
2100,AM Leg Press,leg-press,551,Leg Press,leg-press,EXACT_SLUG,1.00,Quadriceps,full legs,Machine,Machine,Leg Press (Feet Shoulder-Width).mp4,video/full legs/gif-female/Leg press femme.gif,VERIFIED,local derived slug equals Supabase slug; normalized local name equals normalized Supabase name; local alias equals Supabase name: leg press; local alias equals Supabase slug: leg press
2101,Leg extension,leg-extension,541,Leg Extension Toes Up,leg-extension-toes-up,ALIAS_MEDIA_MATCH,0.99,Quadriceps,full legs,Machine,Bodyweight,Leg Extension toes up.mp4,video/full legs/videos/Leg Extension toes up.mp4,CONFLICT,local linked video filename equals Supabase media filename: Leg Extension toes up.mp4; incompatible category equipment
2102,UP Quad Extension,up-quad-extension,,,,UNMATCHED,0.00,Quadriceps,,Machine,,,,UNMATCHED,no deterministic Supabase slug/name/alias/media match
2103,UP Single-Leg Press,up-single-leg-press,551,Leg Press,leg-press,REVIEW,0.50,Quadriceps,full legs,Machine,Machine,,video/full legs/gif-female/Leg press femme.gif,REVIEW,candidate similarity score 0.50
2104,UP Leg Press,up-leg-press,551,Leg Press,leg-press,HIGH_CONFIDENCE,0.67,Quadriceps,full legs,Machine,Machine,,video/full legs/gif-female/Leg press femme.gif,HIGH_CONFIDENCE,context-constrained similarity score 0.67
2105,Pop Squat On Leg Press,pop-squat-on-leg-press,,,,UNMATCHED,0.00,Quadriceps,,Machine,,,,UNMATCHED,no deterministic Supabase slug/name/alias/media match
2106,King Maker Leg Press,king-maker-leg-press,551,Leg Press,leg-press,REVIEW,0.50,Quadriceps,full legs,Machine,Machine,,video/full legs/gif-female/Leg press femme.gif,REVIEW,candidate similarity score 0.50
2107,Single-leg leg press,single-leg-leg-press,551,Leg Press,leg-press,HIGH_CONFIDENCE,0.67,Quadriceps,full legs,Machine,Machine,,video/full legs/gif-female/Leg press femme.gif,HIGH_CONFIDENCE,context-constrained similarity score 0.67
2108,King Maker Hack Squat,king-maker-hack-squat,521,Hack Squat,hack-squat,REVIEW,0.50,Quadriceps,full legs,Machine,Barbell,,video/full legs/gif-female/Hack squat femme.gif,CONFLICT,candidate similarity score 0.50; incompatible  equipment
2109,30 Legs Feet-High Leg Press,feet-high-leg-press,517,Leg Press (Feet Shoulder Width),leg-press-feet-shoulder-width,REVIEW,0.50,Quadriceps,full legs,Machine,Machine,,video/full legs/videos/Leg Press (Feet Shoulder-Width).mp4,CONFLICT,candidate similarity score 0.50; incompatible category
2110,30 Legs Leg Press,leg-press,551,Leg Press,leg-press,EXACT_SLUG,1.00,Quadriceps,full legs,Machine,Machine,Leg Press (Feet Shoulder-Width).mp4,video/full legs/gif-female/Leg press femme.gif,VERIFIED,local derived slug equals Supabase slug; normalized local name equals normalized Supabase name; local alias equals Supabase name: leg press; local alias equals Supabase slug: leg press
2111,30 Legs Leg Press Calf Raise,leg-press-calf-raise,505,Leg Press Calf Raise,leg-press-calf-raise,EXACT_SLUG,1.00,Quadriceps,full legs,Machine,Machine,,video/full legs/gif-male/leg press calf raise male.gif,VERIFIED,local derived slug equals Supabase slug; normalized local name equals normalized Supabase name; local alias equals Supabase name: leg press calf raise; local alias equals Supabase slug: leg press calf raise
2112,30 Legs Lying Leg Curl,lying-leg-curl,548,Lying Leg Curl Machine,lying-leg-curl-machine,ALIAS_MEDIA_MATCH,0.99,Quadriceps,full legs,Machine,Machine,Lying Leg Curl Machine.mp4,video/full legs/videos/Lying Leg Curl Machine.mp4,VERIFIED,local linked video filename equals Supabase media filename: Lying Leg Curl Machine.mp4
2113,30 Legs Machine Hack Squat,machine-hack-squat,521,Hack Squat,hack-squat,REVIEW,0.67,Quadriceps,full legs,Machine,Barbell,,video/full legs/gif-female/Hack squat femme.gif,CONFLICT,candidate similarity score 0.67; incompatible  equipment
2114,30 Legs Single-Leg Leg Extension,single-leg-leg-extension,577,Leg Extension Machine,leg-extension-machine,REVIEW,0.50,Quadriceps,full legs,Machine,Machine,,video/full legs/gif-male/leg extension machine male.gif,REVIEW,candidate similarity score 0.50
2115,30 Legs Single-Leg Leg Press,single-leg-leg-press,551,Leg Press,leg-press,HIGH_CONFIDENCE,0.67,Quadriceps,full legs,Machine,Machine,,video/full legs/gif-female/Leg press femme.gif,HIGH_CONFIDENCE,context-constrained similarity score 0.67
2116,30 Legs Single-Leg Lying Leg Curl,single-leg-lying-leg-curl,573,Lever Lying Single Leg Curl,lever-lying-single-leg-curl,HIGH_CONFIDENCE,0.80,Quadriceps,full legs,Machine,Machine,,video/full legs/gif-male/Lever Lying Single Leg Curl male.gif,HIGH_CONFIDENCE,context-constrained similarity score 0.80
2117,30 Legs Smith Machine Split Squat,smith-machine-split-squat,591,Machine Squat,machine-squat,REVIEW,0.50,Quadriceps,full legs,Machine,Machine,,video/full legs/gif-male/machine squat male.gif,REVIEW,candidate similarity score 0.50
2118,30 Legs Smith Machine Squat,smith-machine-squat,591,Machine Squat,machine-squat,HIGH_CONFIDENCE,0.67,Quadriceps,full legs,Machine,Machine,,video/full legs/gif-male/machine squat male.gif,HIGH_CONFIDENCE,context-constrained similarity score 0.67
2119,Jumping rope,jumping-rope,,,,UNMATCHED,0.00,Quadriceps,,Body Only,,,,UNMATCHED,no deterministic Supabase slug/name/alias/media match
2120,Forward lunge,forward-lunge,539,Forward Lunge With Barre,forward-lunge-with-barre,REVIEW,0.50,Quadriceps,full legs,Body Only,Barbell,,video/full legs/gif-male/forward lunge with barre male.gif,CONFLICT,candidate similarity score 0.50; incompatible  equipment
2121,Side-to-side box skip,side-to-side-box-skip,,,,UNMATCHED,0.00,Quadriceps,,Body Only,,,,UNMATCHED,no deterministic Supabase slug/name/alias/media match
2122,Bodyweight squat,bodyweight-squat,601,Bodyweight Sumo Squat,bodyweight-sumo-squat,HIGH_CONFIDENCE,0.67,Quadriceps,full legs,Body Only,Body Only,,video/full legs/gif-female/Bodyweight Sumo Squat femme.gif,HIGH_CONFIDENCE,context-constrained similarity score 0.67
2123,Broad jump,broad-jump,,,,UNMATCHED,0.00,Quadriceps,,Body Only,,,,UNMATCHED,no deterministic Supabase slug/name/alias/media match
2124,Burpee,burpee,,,,UNMATCHED,0.00,Quadriceps,,Body Only,,,,UNMATCHED,no deterministic Supabase slug/name/alias/media match
2125,Trail Running/Walking,trail-running-walking,,,,UNMATCHED,0.00,Quadriceps,,Body Only,,,,UNMATCHED,no deterministic Supabase slug/name/alias/media match
2126,Scissors Jump,scissors-jump,,,,UNMATCHED,0.00,Quadriceps,,Body Only,,,,UNMATCHED,no deterministic Supabase slug/name/alias/media match
2127,Jumping jack-,jumping-jack,,,,UNMATCHED,0.00,Quadriceps,,Body Only,,,,UNMATCHED,no deterministic Supabase slug/name/alias/media match
2128,Arms-crossed jump squat,arms-crossed-jump-squat,,,,UNMATCHED,0.00,Quadriceps,,Body Only,,,,UNMATCHED,no deterministic Supabase slug/name/alias/media match
2129,Bodyweight Reverse Lunge,bodyweight-reverse-lunge,515,Deficit Reverse Lunge,deficit-reverse-lunge,REVIEW,0.50,Quadriceps,full legs,Body Only,Bodyweight,,video/full legs/videos/Deficit reverse lunge.mp4,REVIEW,candidate similarity score 0.50
2130,Alien Squat,alien-squat,,,,UNMATCHED,0.00,Quadriceps,,Body Only,,,,UNMATCHED,no deterministic Supabase slug/name/alias/media match
2131,Treadmill walking,treadmill-walking,,,,UNMATCHED,0.00,Quadriceps,,Body Only,,,,UNMATCHED,no deterministic Supabase slug/name/alias/media match
2132,Rocket Jump,rocket-jump,,,,UNMATCHED,0.00,Quadriceps,,Body Only,,,,UNMATCHED,no deterministic Supabase slug/name/alias/media match
2133,Depth jump box jump,depth-jump-box-jump,,,,UNMATCHED,0.00,Quadriceps,,Body Only,,,,UNMATCHED,no deterministic Supabase slug/name/alias/media match
2134,Bodyweight Walking Lunge,bodyweight-walking-lunge,532,Walking Lunge,walking-lunge,HIGH_CONFIDENCE,0.67,Quadriceps,full legs,Body Only,Body Only,,video/full legs/videos/WALKING LUNGE.mp4,HIGH_CONFIDENCE,context-constrained similarity score 0.67
2135,Walking High Knees,walking-high-knees,,,,UNMATCHED,0.00,Quadriceps,,Body Only,,,,UNMATCHED,no deterministic Supabase slug/name/alias/media match
2136,Lateral lunge,lateral-lunge,,,,UNMATCHED,0.00,Quadriceps,,Body Only,,,,UNMATCHED,no deterministic Supabase slug/name/alias/media match
2137,Jump Squat,jump-squat,,,,UNMATCHED,0.00,Quadriceps,,Body Only,,,,UNMATCHED,no deterministic Supabase slug/name/alias/media match
2138,Over bench jump,over-bench-jump,,,,UNMATCHED,0.00,Quadriceps,,Body Only,,,,UNMATCHED,no deterministic Supabase slug/name/alias/media match
2139,Split Jump,split-jump,,,,UNMATCHED,0.00,Quadriceps,,Body Only,,,,UNMATCHED,no deterministic Supabase slug/name/alias/media match
2140,90-degree jump squat,90-degree-jump-squat,,,,UNMATCHED,0.00,Quadriceps,,Body Only,,,,UNMATCHED,no deterministic Supabase slug/name/alias/media match
2141,Skip,skip,,,,UNMATCHED,0.00,Quadriceps,,Body Only,,,,UNMATCHED,no deterministic Supabase slug/name/alias/media match
2142,Kneeling hip flexor stretch,kneeling-hip-flexor-stretch,,,,UNMATCHED,0.00,Quadriceps,,Body Only,,,,UNMATCHED,no deterministic Supabase slug/name/alias/media match
2143,Iron Crosses (stretch),iron-crosses-stretch,,,,UNMATCHED,0.00,Quadriceps,,Body Only,,,,UNMATCHED,no deterministic Supabase slug/name/alias/media match
2144,All Fours Quad Stretch,all-fours-quad-stretch,,,,UNMATCHED,0.00,Quadriceps,,Body Only,,,,UNMATCHED,no deterministic Supabase slug/name/alias/media match
2145,Lying quad stretch with band,lying-quad-stretch-with-band,,,,UNMATCHED,0.00,Quadriceps,,Body Only,,,,UNMATCHED,no deterministic Supabase slug/name/alias/media match
2146,One Half Locust,one-half-locust,,,,UNMATCHED,0.00,Quadriceps,,Body Only,,,,UNMATCHED,no deterministic Supabase slug/name/alias/media match
2147,Standing Hip Flexors,standing-hip-flexors,525,Standing Hip Abduction,standing-hip-abduction,REVIEW,0.50,Quadriceps,full legs,Body Only,Lever (selectorized),,video/full legs/gif-female/Standing hip abduction femme.gif,CONFLICT,candidate similarity score 0.50; incompatible  equipment
2148,Looking At Ceiling,looking-at-ceiling,,,,UNMATCHED,0.00,Quadriceps,,Body Only,,,,UNMATCHED,no deterministic Supabase slug/name/alias/media match
2149,Rear Leg Raises,rear-leg-raise,52,Leg Raise,leg-raise,HIGH_CONFIDENCE,0.67,Quadriceps,ABS,Body Only,Bodyweight,,video/ABS/videos/leg raises.mp4,HIGH_CONFIDENCE,context-constrained similarity score 0.67
2150,On Your Side Quad Stretch,on-your-side-quad-stretch,,,,UNMATCHED,0.00,Quadriceps,,Body Only,,,,UNMATCHED,no deterministic Supabase slug/name/alias/media match
2151,On-Your-Back Quad Stretch,on-your-back-quad-stretch,,,,UNMATCHED,0.00,Quadriceps,,Body Only,,,,UNMATCHED,no deterministic Supabase slug/name/alias/media match
2152,Standing Elevated Quad Stretch,standing-elevated-quad-stretch,,,,UNMATCHED,0.00,Quadriceps,,Body Only,,,,UNMATCHED,no deterministic Supabase slug/name/alias/media match
2153,Thigh killa,thigh-killa,,,,UNMATCHED,0.00,Quadriceps,,Body Only,,,,UNMATCHED,no deterministic Supabase slug/name/alias/media match
2154,Southpaw sprawl,southpaw-sprawl,,,,UNMATCHED,0.00,Quadriceps,,Body Only,,,,UNMATCHED,no deterministic Supabase slug/name/alias/media match
2155,Stride Jump Crossover,stride-jump-crossover,,,,UNMATCHED,0.00,Quadriceps,,Body Only,,,,UNMATCHED,no deterministic Supabase slug/name/alias/media match
2156,Side Standing Long Jump,side-standing-long-jump,,,,UNMATCHED,0.00,Quadriceps,,Body Only,,,,UNMATCHED,no deterministic Supabase slug/name/alias/media match
2157,Wall squat,wall-squat,,,,UNMATCHED,0.00,Quadriceps,,Body Only,,,,UNMATCHED,no deterministic Supabase slug/name/alias/media match
2158,Slide Jump Shot,slide-jump-shot,,,,UNMATCHED,0.00,Quadriceps,,Body Only,,,,UNMATCHED,no deterministic Supabase slug/name/alias/media match
2159,Sprawl frog kick,sprawl-frog-kick,,,,UNMATCHED,0.00,Quadriceps,,Body Only,,,,UNMATCHED,no deterministic Supabase slug/name/alias/media match
2160,Lateral Speed Step,lateral-speed-step,,,,UNMATCHED,0.00,Quadriceps,,Body Only,,,,UNMATCHED,no deterministic Supabase slug/name/alias/media match
2161,Side Hop-Sprint,side-hop-sprint,,,,UNMATCHED,0.00,Quadriceps,,Body Only,,,,UNMATCHED,no deterministic Supabase slug/name/alias/media match
2162,Pop squat,pop-squat,,,,UNMATCHED,0.00,Quadriceps,,Body Only,,,,UNMATCHED,no deterministic Supabase slug/name/alias/media match
2163,Star Jump,star-jump,,,,UNMATCHED,0.00,Quadriceps,,Body Only,,,,UNMATCHED,no deterministic Supabase slug/name/alias/media match
2164,Side Lunge Touching Heel,side-lunge-touching-heel,,,,UNMATCHED,0.00,Quadriceps,,Body Only,,,,UNMATCHED,no deterministic Supabase slug/name/alias/media match
2165,Lying Prone Quadriceps,lying-prone-quadriceps,,,,UNMATCHED,0.00,Quadriceps,,Body Only,,,,UNMATCHED,no deterministic Supabase slug/name/alias/media match
2166,Fast Kick With Arm Circles,fast-kick-with-arm-circles,,,,UNMATCHED,0.00,Quadriceps,,Body Only,,,,UNMATCHED,no deterministic Supabase slug/name/alias/media match
2167,Single-leg box squat,single-leg-box-squat,527,Single Leg Dumbbell Squat,single-leg-dumbbell-squat,REVIEW,0.60,Quadriceps,full legs,Body Only,Dumbbell,,video/full legs/gif-male/Single-leg dumbbell squat male.gif,CONFLICT,candidate similarity score 0.60; incompatible  equipment
2168,Defensive Slide,defensive-slide,,,,UNMATCHED,0.00,Quadriceps,,Body Only,,,,UNMATCHED,no deterministic Supabase slug/name/alias/media match
2169,Quick Leap,quick-leap,,,,UNMATCHED,0.00,Quadriceps,,Body Only,,,,UNMATCHED,no deterministic Supabase slug/name/alias/media match
2170,Vertical Mountain Climber,vertical-mountain-climber,13,Mountain Climber,mountain-climber,HIGH_CONFIDENCE,0.67,Quadriceps,ABS,Body Only,Body Only,,video/ABS/gif-female/Climber abs femme.gif,HIGH_CONFIDENCE,context-constrained similarity score 0.67
2171,Reverse Burpee,reverse-burpee,,,,UNMATCHED,0.00,Quadriceps,,Body Only,,,,UNMATCHED,no deterministic Supabase slug/name/alias/media match
2172,Football Up-Down,football-up-down,,,,UNMATCHED,0.00,Quadriceps,,Body Only,,,,UNMATCHED,no deterministic Supabase slug/name/alias/media match
2173,Jump lunge heel kick,jump-lunge-heel-kick,,,,UNMATCHED,0.00,Quadriceps,,Body Only,,,,UNMATCHED,no deterministic Supabase slug/name/alias/media match
2174,Burpee box jump,burpee-box-jump,,,,UNMATCHED,0.00,Quadriceps,,Body Only,,,,UNMATCHED,no deterministic Supabase slug/name/alias/media match
2175,Linear Depth Jump,linear-depth-jump,,,,UNMATCHED,0.00,Quadriceps,,Body Only,,,,UNMATCHED,no deterministic Supabase slug/name/alias/media match
2176,Slow Jog,slow-jog,,,,UNMATCHED,0.00,Quadriceps,,Body Only,,,,UNMATCHED,no deterministic Supabase slug/name/alias/media match
2177,High knees,high-knees,,,,UNMATCHED,0.00,Quadriceps,,Body Only,,,,UNMATCHED,no deterministic Supabase slug/name/alias/media match
2178,Jumping Jack,jumping-jack,,,,UNMATCHED,0.00,Quadriceps,,Body Only,,,,UNMATCHED,no deterministic Supabase slug/name/alias/media match
2179,Square Hop,square-hop,,,,UNMATCHED,0.00,Quadriceps,,Body Only,,,,UNMATCHED,no deterministic Supabase slug/name/alias/media match
2180,Running lunge,running-lunge,,,,UNMATCHED,0.00,Quadriceps,,Body Only,,,,UNMATCHED,no deterministic Supabase slug/name/alias/media match
2181,In-out jump squat,in-out-jump-squat,,,,UNMATCHED,0.00,Quadriceps,,Body Only,,,,UNMATCHED,no deterministic Supabase slug/name/alias/media match
2182,Gorilla squat,gorilla-squat,,,,UNMATCHED,0.00,Quadriceps,,Body Only,,,,UNMATCHED,no deterministic Supabase slug/name/alias/media match
2183,Burpee tuck jump,burpee-tuck-jump,,,,UNMATCHED,0.00,Quadriceps,,Body Only,,,,UNMATCHED,no deterministic Supabase slug/name/alias/media match
2184,Speed skater,speed-skater,,,,UNMATCHED,0.00,Quadriceps,,Body Only,,,,UNMATCHED,no deterministic Supabase slug/name/alias/media match
2185,Jumping knee up-down,jumping-knee-up-down,,,,UNMATCHED,0.00,Quadriceps,,Body Only,,,,UNMATCHED,no deterministic Supabase slug/name/alias/media match
2186,Jump Lunge To Feet Jack,jump-lunge-to-feet-jack,,,,UNMATCHED,0.00,Quadriceps,,Body Only,,,,UNMATCHED,no deterministic Supabase slug/name/alias/media match
2187,Reverse Lunge Rotation,reverse-lunge-rotation,515,Deficit Reverse Lunge,deficit-reverse-lunge,REVIEW,0.50,Quadriceps,full legs,Body Only,Bodyweight,,video/full legs/videos/Deficit reverse lunge.mp4,REVIEW,candidate similarity score 0.50
2188,Alternating standing knee-pull stretch,alternating-standing-knee-pull-stretch,,,,UNMATCHED,0.00,Quadriceps,,Body Only,,,,UNMATCHED,no deterministic Supabase slug/name/alias/media match
2189,Seal jack,seal-jack,,,,UNMATCHED,0.00,Quadriceps,,Body Only,,,,UNMATCHED,no deterministic Supabase slug/name/alias/media match
2190,Kneeling quad thoracic stretch,kneeling-quad-thoracic-stretch,,,,UNMATCHED,0.00,Quadriceps,,Body Only,,,,UNMATCHED,no deterministic Supabase slug/name/alias/media match
2191,Single-Leg Squat With Knee Tap,single-leg-squat-with-knee-tap,,,,UNMATCHED,0.00,Quadriceps,,Body Only,,,,UNMATCHED,no deterministic Supabase slug/name/alias/media match
2192,Shuttle run,shuttle-run,,,,UNMATCHED,0.00,Quadriceps,,Body Only,,,,UNMATCHED,no deterministic Supabase slug/name/alias/media match
2193,Squat Isometric Hold,squat-isometric-hold,40,Isometric Abs Hold,isometric-abs-hold,REVIEW,0.50,Quadriceps,ABS,Body Only,Bodyweight,,video/ABS/gif-male/Isometric abs MALE.png,CONFLICT,candidate similarity score 0.50; incompatible category
2194,Wall sit,wall-sit,,,,UNMATCHED,0.00,Quadriceps,,Body Only,,,,UNMATCHED,no deterministic Supabase slug/name/alias/media match
2195,Walking lunge with hip extension,walking-lunge-with-hip-extension,,,,UNMATCHED,0.00,Quadriceps,,Body Only,,,,UNMATCHED,no deterministic Supabase slug/name/alias/media match
2196,Squat with alternating side leg raise,squat-with-alternating-side-leg-raise,,,,UNMATCHED,0.00,Quadriceps,,Body Only,,,,UNMATCHED,no deterministic Supabase slug/name/alias/media match
2197,Lateral Squats,lateral-squat,,,,UNMATCHED,0.00,Quadriceps,,Body Only,,,,UNMATCHED,no deterministic Supabase slug/name/alias/media match
2198,Walking lunge with twist,walking-lunge-with-twist,532,Walking Lunge,walking-lunge,REVIEW,0.50,Quadriceps,full legs,Body Only,Body Only,,video/full legs/videos/WALKING LUNGE.mp4,CONFLICT,candidate similarity score 0.50; incompatible category
2199,Boss Everline Backward Lunge Walk,boss-everline-backward-lunge-walk,,,,UNMATCHED,0.00,Quadriceps,,Body Only,,,,UNMATCHED,no deterministic Supabase slug/name/alias/media match
2200,Reverse Diagonal Skaters,reverse-diagonal-skaters,,,,UNMATCHED,0.00,Quadriceps,,Body Only,,,,UNMATCHED,no deterministic Supabase slug/name/alias/media match
2201,FYR Air Squat,air-squat,,,,UNMATCHED,0.00,Quadriceps,,Body Only,,,,UNMATCHED,no deterministic Supabase slug/name/alias/media match
2202,FYR Tuck Jump,tuck-jump,,,,UNMATCHED,0.00,Quadriceps,,Body Only,,,,UNMATCHED,no deterministic Supabase slug/name/alias/media match
2203,Push-up sprawl tuck jump,push-up-sprawl-tuck-jump,,,,UNMATCHED,0.00,Quadriceps,,Body Only,,,,UNMATCHED,no deterministic Supabase slug/name/alias/media match
2204,FYR Running Lunge,running-lunge,,,,UNMATCHED,0.00,Quadriceps,,Body Only,,,,UNMATCHED,no deterministic Supabase slug/name/alias/media match
2205,FYR Jumping Lunge,jumping-lunge,,,,UNMATCHED,0.00,Quadriceps,,Body Only,,,,UNMATCHED,no deterministic Supabase slug/name/alias/media match
2206,FYR Sprawl Frog Kick,sprawl-frog-kick,,,,UNMATCHED,0.00,Quadriceps,,Body Only,,,,UNMATCHED,no deterministic Supabase slug/name/alias/media match
2207,Jump squat-,jump-squat,,,,UNMATCHED,0.00,Quadriceps,,Body Only,,,,UNMATCHED,no deterministic Supabase slug/name/alias/media match
2208,FYR Sprinter Burpee,sprinter-burpee,,,,UNMATCHED,0.00,Quadriceps,,Body Only,,,,UNMATCHED,no deterministic Supabase slug/name/alias/media match
2209,Single-leg burpee,single-leg-burpee,,,,UNMATCHED,0.00,Quadriceps,,Body Only,,,,UNMATCHED,no deterministic Supabase slug/name/alias/media match
2210,FYR Gorilla Squat,gorilla-squat,,,,UNMATCHED,0.00,Quadriceps,,Body Only,,,,UNMATCHED,no deterministic Supabase slug/name/alias/media match
2211,Banded compass jump squat,banded-compass-jump-squat,,,,UNMATCHED,0.00,Quadriceps,,Body Only,,,,UNMATCHED,no deterministic Supabase slug/name/alias/media match
2212,In-out sprawl,in-out-sprawl,,,,UNMATCHED,0.00,Quadriceps,,Body Only,,,,UNMATCHED,no deterministic Supabase slug/name/alias/media match
2213,Knee-tuck kick-up,knee-tuck-kick-up,,,,UNMATCHED,0.00,Quadriceps,,Body Only,,,,UNMATCHED,no deterministic Supabase slug/name/alias/media match
2214,Bear crawl donkey kick,bear-crawl-donkey-kick,,,,UNMATCHED,0.00,Quadriceps,,Body Only,,,,UNMATCHED,no deterministic Supabase slug/name/alias/media match
2215,Southpaw sprawl with push-up,southpaw-sprawl-with-push-up,,,,UNMATCHED,0.00,Quadriceps,,Body Only,,,,UNMATCHED,no deterministic Supabase slug/name/alias/media match
2216,Bouncing lunge,bouncing-lunge,,,,UNMATCHED,0.00,Quadriceps,,Body Only,,,,UNMATCHED,no deterministic Supabase slug/name/alias/media match
2217,Bodyweight Squat - Gethin Variation,bodyweight-squat,601,Bodyweight Sumo Squat,bodyweight-sumo-squat,HIGH_CONFIDENCE,0.67,Quadriceps,full legs,Body Only,Body Only,,video/full legs/gif-female/Bodyweight Sumo Squat femme.gif,HIGH_CONFIDENCE,context-constrained similarity score 0.67
2218,FYR Alternating Lunge,alternating-lunge,,,,UNMATCHED,0.00,Quadriceps,,Body Only,,,,UNMATCHED,no deterministic Supabase slug/name/alias/media match
2219,Bodyweight Walking Lunge - Gethin Variation,bodyweight-walking-lunge,532,Walking Lunge,walking-lunge,HIGH_CONFIDENCE,0.67,Quadriceps,full legs,Body Only,Body Only,,video/full legs/videos/WALKING LUNGE.mp4,HIGH_CONFIDENCE,context-constrained similarity score 0.67
2220,Seated Quad Contraction,seated-quad-contraction,,,,UNMATCHED,0.00,Quadriceps,,Body Only,,,,UNMATCHED,no deterministic Supabase slug/name/alias/media match
2221,HM Squat with Alternating Leg Extension,hm-squat-with-alternating-leg-extension,,,,UNMATCHED,0.00,Quadriceps,,Body Only,,,,UNMATCHED,no deterministic Supabase slug/name/alias/media match
2222,HM Air Squat,hm-air-squat,,,,UNMATCHED,0.00,Quadriceps,,Body Only,,,,UNMATCHED,no deterministic Supabase slug/name/alias/media match
2223,HM Alternating Jump Lunge,hm-alternating-jump-lunge,,,,UNMATCHED,0.00,Quadriceps,,Body Only,,,,UNMATCHED,no deterministic Supabase slug/name/alias/media match
2224,HM Alternating Lunge-In-Place,hm-alternating-lunge-in-place,,,,UNMATCHED,0.00,Quadriceps,,Body Only,,,,UNMATCHED,no deterministic Supabase slug/name/alias/media match
2225,HM Alternating Side Lunge,hm-alternating-side-lunge,,,,UNMATCHED,0.00,Quadriceps,,Body Only,,,,UNMATCHED,no deterministic Supabase slug/name/alias/media match
2226,HM Sumo Pulse,hm-sumo-pulse,,,,UNMATCHED,0.00,Quadriceps,,Body Only,,,,UNMATCHED,no deterministic Supabase slug/name/alias/media match
2227,HM Sumo Squat,hm-sumo-squat,552,Sumo Squat,sumo-squat,HIGH_CONFIDENCE,0.67,Quadriceps,full legs,Body Only,Bodyweight,,video/full legs/gif-female/sumo squat femme.gif,HIGH_CONFIDENCE,context-constrained similarity score 0.67
2228,HM Alternating Side-Kick,hm-alternating-side-kick,,,,UNMATCHED,0.00,Quadriceps,,Body Only,,,,UNMATCHED,no deterministic Supabase slug/name/alias/media match
2229,HM Tuck-Up Burpee,hm-tuck-up-burpee,,,,UNMATCHED,0.00,Quadriceps,,Body Only,,,,UNMATCHED,no deterministic Supabase slug/name/alias/media match
2230,HM Bear Crawl,hm-bear-crawl,,,,UNMATCHED,0.00,Quadriceps,,Body Only,,,,UNMATCHED,no deterministic Supabase slug/name/alias/media match
2231,HM Bear Stance Fire Hydrant,hm-bear-stance-fire-hydrant,,,,UNMATCHED,0.00,Quadriceps,,Body Only,,,,UNMATCHED,no deterministic Supabase slug/name/alias/media match
2232,HM Walking Frankenstein,hm-walking-frankenstein,,,,UNMATCHED,0.00,Quadriceps,,Body Only,,,,UNMATCHED,no deterministic Supabase slug/name/alias/media match
2233,HM Walking Hip Stretch,hm-walking-hip-stretch,,,,UNMATCHED,0.00,Quadriceps,,Body Only,,,,UNMATCHED,no deterministic Supabase slug/name/alias/media match
2234,HM Wide Jump Squat,hm-wide-jump-squat,,,,UNMATCHED,0.00,Quadriceps,,Body Only,,,,UNMATCHED,no deterministic Supabase slug/name/alias/media match
2235,HM Boxer Shuffle,hm-boxer-shuffle,,,,UNMATCHED,0.00,Quadriceps,,Body Only,,,,UNMATCHED,no deterministic Supabase slug/name/alias/media match
2236,HM Running Lunge,hm-running-lunge,,,,UNMATCHED,0.00,Quadriceps,,Body Only,,,,UNMATCHED,no deterministic Supabase slug/name/alias/media match
2237,HM Bulgarian Split Squat On Chair,hm-bulgarian-split-squat-on-chair,555,Bulgarian Split Squat,bulgarian-split-squat,REVIEW,0.50,Quadriceps,full legs,Body Only,Barbell,,video/full legs/gif-male/Bulgarian split squat male.gif,CONFLICT,candidate similarity score 0.50; incompatible  equipment
2238,HM Burpee,hm-burpee,,,,UNMATCHED,0.00,Quadriceps,,Body Only,,,,UNMATCHED,no deterministic Supabase slug/name/alias/media match
2239,HM Butterfly,hm-butterfly,,,,UNMATCHED,0.00,Quadriceps,,Body Only,,,,UNMATCHED,no deterministic Supabase slug/name/alias/media match
2240,HM Alternating Lunge Push-Up,hm-alternating-lunge-push-up,,,,UNMATCHED,0.00,Quadriceps,,Body Only,,,,UNMATCHED,no deterministic Supabase slug/name/alias/media match
2241,HM Comet,hm-comet,,,,UNMATCHED,0.00,Quadriceps,,Body Only,,,,UNMATCHED,no deterministic Supabase slug/name/alias/media match
2242,HM Couch Stretch,hm-couch-stretch,,,,UNMATCHED,0.00,Quadriceps,,Body Only,,,,UNMATCHED,no deterministic Supabase slug/name/alias/media match
2243,HM Down Up,hm-down-up,,,,UNMATCHED,0.00,Quadriceps,,Body Only,,,,UNMATCHED,no deterministic Supabase slug/name/alias/media match
2244,HM Duck Walk,hm-duck-walk,,,,UNMATCHED,0.00,Quadriceps,,Body Only,,,,UNMATCHED,no deterministic Supabase slug/name/alias/media match
2245,HM Fragon,hm-fragon,,,,UNMATCHED,0.00,Quadriceps,,Body Only,,,,UNMATCHED,no deterministic Supabase slug/name/alias/media match
2246,HM Frankenstein,hm-frankenstein,,,,UNMATCHED,0.00,Quadriceps,,Body Only,,,,UNMATCHED,no deterministic Supabase slug/name/alias/media match
2247,HM Single-Leg Squat on Chair,hm-single-leg-squat-on-chair,,,,UNMATCHED,0.00,Quadriceps,,Body Only,,,,UNMATCHED,no deterministic Supabase slug/name/alias/media match
2248,HM Single-Leg Touchdown,hm-single-leg-touchdown,,,,UNMATCHED,0.00,Quadriceps,,Body Only,,,,UNMATCHED,no deterministic Supabase slug/name/alias/media match
2249,HM Speed Skater,hm-speed-skater,,,,UNMATCHED,0.00,Quadriceps,,Body Only,,,,UNMATCHED,no deterministic Supabase slug/name/alias/media match
2250,HM Squat Jump,hm-squat-jump,,,,UNMATCHED,0.00,Quadriceps,,Body Only,,,,UNMATCHED,no deterministic Supabase slug/name/alias/media match
2251,HM Squat Lunge,hm-squat-lunge,,,,UNMATCHED,0.00,Quadriceps,,Body Only,,,,UNMATCHED,no deterministic Supabase slug/name/alias/media match
2252,HM Garland Pose,hm-garland-pose,,,,UNMATCHED,0.00,Quadriceps,,Body Only,,,,UNMATCHED,no deterministic Supabase slug/name/alias/media match
2253,HM High Knees,hm-high-knees,,,,UNMATCHED,0.00,Quadriceps,,Body Only,,,,UNMATCHED,no deterministic Supabase slug/name/alias/media match
2254,HM In-And-Out Squat,hm-in-and-out-squat,,,,UNMATCHED,0.00,Quadriceps,,Body Only,,,,UNMATCHED,no deterministic Supabase slug/name/alias/media match
2255,HM In-And-Out Squat Jump,hm-in-and-out-squat-jump,,,,UNMATCHED,0.00,Quadriceps,,Body Only,,,,UNMATCHED,no deterministic Supabase slug/name/alias/media match
2256,HM Jumping Jack,hm-jumping-jack,,,,UNMATCHED,0.00,Quadriceps,,Body Only,,,,UNMATCHED,no deterministic Supabase slug/name/alias/media match
2257,HM Jumping Knee-Up,hm-jumping-knee-up,,,,UNMATCHED,0.00,Quadriceps,,Body Only,,,,UNMATCHED,no deterministic Supabase slug/name/alias/media match
2258,HM Jumping Rope,hm-jumping-rope,,,,UNMATCHED,0.00,Quadriceps,,Body Only,,,,UNMATCHED,no deterministic Supabase slug/name/alias/media match
2259,HM Right Calf-Spike Sumo Pulse,hm-right-calf-spike-sumo-pulse,,,,UNMATCHED,0.00,Quadriceps,,Body Only,,,,UNMATCHED,no deterministic Supabase slug/name/alias/media match
2260,HM Reverse Lunge with Kick,hm-reverse-lunge-with-kick,,,,UNMATCHED,0.00,Quadriceps,,Body Only,,,,UNMATCHED,no deterministic Supabase slug/name/alias/media match
2261,HM Left Knee-Up,hm-left-knee-up,,,,UNMATCHED,0.00,Quadriceps,,Body Only,,,,UNMATCHED,no deterministic Supabase slug/name/alias/media match
2262,HM Left-Leg Lunge And Kick-Out,hm-left-leg-lunge-and-kick-out,,,,UNMATCHED,0.00,Quadriceps,,Body Only,,,,UNMATCHED,no deterministic Supabase slug/name/alias/media match
2263,HM Mountain Pose,hm-mountain-pose,,,,UNMATCHED,0.00,Quadriceps,,Body Only,,,,UNMATCHED,no deterministic Supabase slug/name/alias/media match
2264,HM Butt Kickers,hm-butt-kickers,,,,UNMATCHED,0.00,Quadriceps,,Body Only,,,,UNMATCHED,no deterministic Supabase slug/name/alias/media match
2265,HM Right-Leg Lunge And Kick-Out,hm-right-leg-lunge-and-kick-out,,,,UNMATCHED,0.00,Quadriceps,,Body Only,,,,UNMATCHED,no deterministic Supabase slug/name/alias/media match
2266,HM Sumo Get-Up,hm-sumo-get-up,,,,UNMATCHED,0.00,Quadriceps,,Body Only,,,,UNMATCHED,no deterministic Supabase slug/name/alias/media match
2267,AM Jump Squat,jump-squat,,,,UNMATCHED,0.00,Quadriceps,,Body Only,,,,UNMATCHED,no deterministic Supabase slug/name/alias/media match
2268,AM Bodyweight Squat,bodyweight-squat,601,Bodyweight Sumo Squat,bodyweight-sumo-squat,HIGH_CONFIDENCE,0.67,Quadriceps,full legs,Body Only,Body Only,,video/full legs/gif-female/Bodyweight Sumo Squat femme.gif,HIGH_CONFIDENCE,context-constrained similarity score 0.67
2269,High knees sprawl drill,high-knees-sprawl-drill,,,,UNMATCHED,0.00,Quadriceps,,Body Only,,,,UNMATCHED,no deterministic Supabase slug/name/alias/media match
2270,UP Bulgarian Split Squat,up-bulgarian-split-squat,555,Bulgarian Split Squat,bulgarian-split-squat,REVIEW,0.74,Quadriceps,full legs,Body Only,Barbell,,video/full legs/gif-male/Bulgarian split squat male.gif,CONFLICT,candidate similarity score 0.75; incompatible  equipment
2271,UN Forward Lunge,un-forward-lunge,,,,UNMATCHED,0.00,Quadriceps,,Body Only,,,,UNMATCHED,no deterministic Supabase slug/name/alias/media match
2272,UN Front Foot Elevated Split Squat,un-front-foot-elevated-split-squat,,,,UNMATCHED,0.00,Quadriceps,,Body Only,,,,UNMATCHED,no deterministic Supabase slug/name/alias/media match
2273,UNS Half-Kneeling Hip Flexor Stretch,uns-half-kneeling-hip-flexor-stretch,,,,UNMATCHED,0.00,Quadriceps,,Body Only,,,,UNMATCHED,no deterministic Supabase slug/name/alias/media match
2274,UNS Low Depth Jump,uns-low-depth-jump,,,,UNMATCHED,0.00,Quadriceps,,Body Only,,,,UNMATCHED,no deterministic Supabase slug/name/alias/media match
2275,UNS Forward-To-Reverse Lunge,uns-forward-to-reverse-lunge,,,,UNMATCHED,0.00,Quadriceps,,Body Only,,,,UNMATCHED,no deterministic Supabase slug/name/alias/media match
2276,Holman Towel Squat Thrust,holman-towel-squat-thrust,,,,UNMATCHED,0.00,Quadriceps,,Body Only,,,,UNMATCHED,no deterministic Supabase slug/name/alias/media match
2277,Holman Towel Alternating Prisoner Squat,holman-towel-alternating-prisoner-squat,,,,UNMATCHED,0.00,Quadriceps,,Body Only,,,,UNMATCHED,no deterministic Supabase slug/name/alias/media match
2278,Holman Towel Alternating Lateral Lunge,holman-towel-alternating-lateral-lunge,,,,UNMATCHED,0.00,Quadriceps,,Body Only,,,,UNMATCHED,no deterministic Supabase slug/name/alias/media match
2279,Holman Squat Pull-Through Jump,holman-squat-pull-through-jump,,,,UNMATCHED,0.00,Quadriceps,,Body Only,,,,UNMATCHED,no deterministic Supabase slug/name/alias/media match
2280,Holman 180 Jump,holman-180-jump,,,,UNMATCHED,0.00,Quadriceps,,Body Only,,,,UNMATCHED,no deterministic Supabase slug/name/alias/media match
2281,Holman Foot-Elevated Knee-Up to Squat,holman-foot-elevated-knee-up-to-squat,,,,UNMATCHED,0.00,Quadriceps,,Body Only,,,,UNMATCHED,no deterministic Supabase slug/name/alias/media match
2282,Holman Feet-Elevated Squat Thrust,holman-feet-elevated-squat-thrust,,,,UNMATCHED,0.00,Quadriceps,,Body Only,,,,UNMATCHED,no deterministic Supabase slug/name/alias/media match
2283,Holman Hands-Elevated Lunge Jump,holman-hands-elevated-lunge-jump,,,,UNMATCHED,0.00,Quadriceps,,Body Only,,,,UNMATCHED,no deterministic Supabase slug/name/alias/media match
2284,Holman Hands-Elevated Jack to Split Jump,holman-hands-elevated-jack-to-split-jump,,,,UNMATCHED,0.00,Quadriceps,,Body Only,,,,UNMATCHED,no deterministic Supabase slug/name/alias/media match
2285,Holman Hands-Elevated Wide Squat Thrust,holman-hands-elevated-wide-squat-thrust,,,,UNMATCHED,0.00,Quadriceps,,Body Only,,,,UNMATCHED,no deterministic Supabase slug/name/alias/media match
2286,Holman Hands-Elevated Squat Thrust to Split Jack,holman-hands-elevated-squat-thrust-to-split-jack,,,,UNMATCHED,0.00,Quadriceps,,Body Only,,,,UNMATCHED,no deterministic Supabase slug/name/alias/media match
2287,Holman Squat Jump,holman-squat-jump,,,,UNMATCHED,0.00,Quadriceps,,Body Only,,,,UNMATCHED,no deterministic Supabase slug/name/alias/media match
2288,Holman Squat Pulse,holman-squat-pulse,,,,UNMATCHED,0.00,Quadriceps,,Body Only,,,,UNMATCHED,no deterministic Supabase slug/name/alias/media match
2289,Holman Jump-Out Push-Up,holman-jump-out-push-up,,,,UNMATCHED,0.00,Quadriceps,,Body Only,,,,UNMATCHED,no deterministic Supabase slug/name/alias/media match
2290,Holman Alternating Forward Lunge,holman-alternating-forward-lunge,,,,UNMATCHED,0.00,Quadriceps,,Body Only,,,,UNMATCHED,no deterministic Supabase slug/name/alias/media match
2291,Holman Burpee to Jump,holman-burpee-to-jump,,,,UNMATCHED,0.00,Quadriceps,,Body Only,,,,UNMATCHED,no deterministic Supabase slug/name/alias/media match
2292,Holman Pilates Single-Leg Stretch,holman-pilates-single-leg-stretch,,,,UNMATCHED,0.00,Quadriceps,,Body Only,,,,UNMATCHED,no deterministic Supabase slug/name/alias/media match
2293,Holman Alternating Reverse Prisoner Lunge,holman-alternating-reverse-prisoner-lunge,,,,UNMATCHED,0.00,Quadriceps,,Body Only,,,,UNMATCHED,no deterministic Supabase slug/name/alias/media match
2294,Holman Narrow-Wide Squat Jump to 180 Jump,holman-narrow-wide-squat-jump-to-180-jump,,,,UNMATCHED,0.00,Quadriceps,,Body Only,,,,UNMATCHED,no deterministic Supabase slug/name/alias/media match
2295,Holman 180 Jump to Lunge,holman-180-jump-to-lunge,,,,UNMATCHED,0.00,Quadriceps,,Body Only,,,,UNMATCHED,no deterministic Supabase slug/name/alias/media match
2296,Holman Imaginary Jump Rope,holman-imaginary-jump-rope,,,,UNMATCHED,0.00,Quadriceps,,Body Only,,,,UNMATCHED,no deterministic Supabase slug/name/alias/media match
2297,Holman Fast Feet with Hands Up,holman-fast-feet-with-hands-up,,,,UNMATCHED,0.00,Quadriceps,,Body Only,,,,UNMATCHED,no deterministic Supabase slug/name/alias/media match
2298,Holman Hands-Elevated Alternating Lunge Jump,holman-hands-elevated-alternating-lunge-jump,,,,UNMATCHED,0.00,Quadriceps,,Body Only,,,,UNMATCHED,no deterministic Supabase slug/name/alias/media match
2299,Holman Right Split Lunge,holman-right-split-lunge,,,,UNMATCHED,0.00,Quadriceps,,Body Only,,,,UNMATCHED,no deterministic Supabase slug/name/alias/media match
2300,Holman Left Split Lunge,holman-left-split-lunge,,,,UNMATCHED,0.00,Quadriceps,,Body Only,,,,UNMATCHED,no deterministic Supabase slug/name/alias/media match
2301,Holman Plyometric Jump,holman-plyometric-jump,,,,UNMATCHED,0.00,Quadriceps,,Body Only,,,,UNMATCHED,no deterministic Supabase slug/name/alias/media match
2302,Holman Quad Touch Jump,holman-quad-touch-jump,,,,UNMATCHED,0.00,Quadriceps,,Body Only,,,,UNMATCHED,no deterministic Supabase slug/name/alias/media match
2303,Holman Skate,holman-skate,,,,UNMATCHED,0.00,Quadriceps,,Body Only,,,,UNMATCHED,no deterministic Supabase slug/name/alias/media match
2304,Holman Lunge Jump,holman-lunge-jump,,,,UNMATCHED,0.00,Quadriceps,,Body Only,,,,UNMATCHED,no deterministic Supabase slug/name/alias/media match
2305,Holman Flying Squat Thrust,holman-flying-squat-thrust,,,,UNMATCHED,0.00,Quadriceps,,Body Only,,,,UNMATCHED,no deterministic Supabase slug/name/alias/media match
2306,Holman 90-Degree Jump,holman-90-degree-jump,,,,UNMATCHED,0.00,Quadriceps,,Body Only,,,,UNMATCHED,no deterministic Supabase slug/name/alias/media match
2307,Holman Half Jack to 180 Jump,holman-half-jack-to-180-jump,,,,UNMATCHED,0.00,Quadriceps,,Body Only,,,,UNMATCHED,no deterministic Supabase slug/name/alias/media match
2308,Holman Quick Feet to Quad Touch Jump,holman-quick-feet-to-quad-touch-jump,,,,UNMATCHED,0.00,Quadriceps,,Body Only,,,,UNMATCHED,no deterministic Supabase slug/name/alias/media match
2309,Holman Squat Thrust to Push-Up to Super Woman,holman-squat-thrust-to-push-up-to-super-woman,,,,UNMATCHED,0.00,Quadriceps,,Body Only,,,,UNMATCHED,no deterministic Supabase slug/name/alias/media match
2310,Holman Plyometric Jump to 180 Jump,holman-plyometric-jump-to-180-jump,,,,UNMATCHED,0.00,Quadriceps,,Body Only,,,,UNMATCHED,no deterministic Supabase slug/name/alias/media match
2311,Holman Standing Heel Click to Hands Down Heel Click,holman-standing-heel-click-to-hands-down-heel-click,,,,UNMATCHED,0.00,Quadriceps,,Body Only,,,,UNMATCHED,no deterministic Supabase slug/name/alias/media match
2312,Holman Burpee to 180 Jump,holman-burpee-to-180-jump,,,,UNMATCHED,0.00,Quadriceps,,Body Only,,,,UNMATCHED,no deterministic Supabase slug/name/alias/media match
2313,Holman Traveling Low Jack to Belly Touch,holman-traveling-low-jack-to-belly-touch,,,,UNMATCHED,0.00,Quadriceps,,Body Only,,,,UNMATCHED,no deterministic Supabase slug/name/alias/media match
2314,Holman Flying Squat Thrust to Shoulder Tap,holman-flying-squat-thrust-to-shoulder-tap,,,,UNMATCHED,0.00,Quadriceps,,Body Only,,,,UNMATCHED,no deterministic Supabase slug/name/alias/media match
2315,Holman Squat Jump to Alternating Side Lunge Jump,holman-squat-jump-to-alternating-side-lunge-jump,,,,UNMATCHED,0.00,Quadriceps,,Body Only,,,,UNMATCHED,no deterministic Supabase slug/name/alias/media match
2316,Holman Low Squat with Low Diagonal Dumbbell Punch,holman-low-squat-with-low-diagonal-dumbbell-punch,,,,UNMATCHED,0.00,Quadriceps,,Body Only,,,,UNMATCHED,no deterministic Supabase slug/name/alias/media match
2317,Holman Right Leg Hop to Right Reverse Lunge,holman-right-leg-hop-to-right-reverse-lunge,,,,UNMATCHED,0.00,Quadriceps,,Body Only,,,,UNMATCHED,no deterministic Supabase slug/name/alias/media match
2318,Holman Left Leg Hop to Left Reverse Lunge,holman-left-leg-hop-to-left-reverse-lunge,,,,UNMATCHED,0.00,Quadriceps,,Body Only,,,,UNMATCHED,no deterministic Supabase slug/name/alias/media match
2319,Holman Burpee to Open Stance,holman-burpee-to-open-stance,,,,UNMATCHED,0.00,Quadriceps,,Body Only,,,,UNMATCHED,no deterministic Supabase slug/name/alias/media match
2320,Holman Diagonal Squat Thrust to Renegade Forward Punch,holman-diagonal-squat-thrust-to-renegade-forward-punch,,,,UNMATCHED,0.00,Quadriceps,,Body Only,,,,UNMATCHED,no deterministic Supabase slug/name/alias/media match
2321,Holman Bear Crawl,holman-bear-crawl,,,,UNMATCHED,0.00,Quadriceps,,Body Only,,,,UNMATCHED,no deterministic Supabase slug/name/alias/media match
2322,Holman Bear Crawl to Donkey Kick,holman-bear-crawl-to-donkey-kick,,,,UNMATCHED,0.00,Quadriceps,,Body Only,,,,UNMATCHED,no deterministic Supabase slug/name/alias/media match
2323,Holman Bear Crawl to Froggy Push-Up,holman-bear-crawl-to-froggy-push-up,,,,UNMATCHED,0.00,Quadriceps,,Body Only,,,,UNMATCHED,no deterministic Supabase slug/name/alias/media match
2324,Holman Bear Crawl to Shoulder Tap,holman-bear-crawl-to-shoulder-tap,,,,UNMATCHED,0.00,Quadriceps,,Body Only,,,,UNMATCHED,no deterministic Supabase slug/name/alias/media match
2325,Holman Burpee to Tuck Jump,holman-burpee-to-tuck-jump,,,,UNMATCHED,0.00,Quadriceps,,Body Only,,,,UNMATCHED,no deterministic Supabase slug/name/alias/media match
2326,Holman Burpee to Flying Squat Thrust to Tuck Jump,holman-burpee-to-flying-squat-thrust-to-tuck-jump,,,,UNMATCHED,0.00,Quadriceps,,Body Only,,,,UNMATCHED,no deterministic Supabase slug/name/alias/media match
2327,Holman Forward Lunge to Reverse Lunge,holman-forward-lunge-to-reverse-lunge,,,,UNMATCHED,0.00,Quadriceps,,Body Only,,,,UNMATCHED,no deterministic Supabase slug/name/alias/media match
2328,Holman Renegade Lunge Jump,holman-renegade-lunge-jump,,,,UNMATCHED,0.00,Quadriceps,,Body Only,,,,UNMATCHED,no deterministic Supabase slug/name/alias/media match
2329,Holman Squat Jump to Lunge Jump,holman-squat-jump-to-lunge-jump,,,,UNMATCHED,0.00,Quadriceps,,Body Only,,,,UNMATCHED,no deterministic Supabase slug/name/alias/media match
2330,Holman Prisoner Reverse Lunge,holman-prisoner-reverse-lunge,,,,UNMATCHED,0.00,Quadriceps,,Body Only,,,,UNMATCHED,no deterministic Supabase slug/name/alias/media match
2331,Holman Wide-to-Narrow Squat Jump,holman-wide-to-narrow-squat-jump,,,,UNMATCHED,0.00,Quadriceps,,Body Only,,,,UNMATCHED,no deterministic Supabase slug/name/alias/media match
2332,Holman Donkey Run,holman-donkey-run,,,,UNMATCHED,0.00,Quadriceps,,Body Only,,,,UNMATCHED,no deterministic Supabase slug/name/alias/media match
2333,Holman Weighted Wide-to-Narrow Squat Jump,holman-weighted-wide-to-narrow-squat-jump,,,,UNMATCHED,0.00,Quadriceps,,Body Only,,,,UNMATCHED,no deterministic Supabase slug/name/alias/media match
2334,Holman Wide-to-Narrow Donkey Kick,holman-wide-to-narrow-donkey-kick,,,,UNMATCHED,0.00,Quadriceps,,Body Only,,,,UNMATCHED,no deterministic Supabase slug/name/alias/media match
2335,Holman Mule Kick,holman-mule-kick,,,,UNMATCHED,0.00,Quadriceps,,Body Only,,,,UNMATCHED,no deterministic Supabase slug/name/alias/media match
2336,Holman Goal Post to Squat,holman-goal-post-to-squat,,,,UNMATCHED,0.00,Quadriceps,,Body Only,,,,UNMATCHED,no deterministic Supabase slug/name/alias/media match
2337,Holman Frogger Squat to Heel Click,holman-frogger-squat-to-heel-click,,,,UNMATCHED,0.00,Quadriceps,,Body Only,,,,UNMATCHED,no deterministic Supabase slug/name/alias/media match
2338,Holman Stair Sprint,holman-stair-sprint,,,,UNMATCHED,0.00,Quadriceps,,Body Only,,,,UNMATCHED,no deterministic Supabase slug/name/alias/media match
2339,Holman Stair Bear Crawl,holman-stair-bear-crawl,,,,UNMATCHED,0.00,Quadriceps,,Body Only,,,,UNMATCHED,no deterministic Supabase slug/name/alias/media match
2340,Holman Burpee to Flying Squat Thrust,holman-burpee-to-flying-squat-thrust,,,,UNMATCHED,0.00,Quadriceps,,Body Only,,,,UNMATCHED,no deterministic Supabase slug/name/alias/media match
2341,Holman Flying Squat Thrust to Push-Up,holman-flying-squat-thrust-to-push-up,,,,UNMATCHED,0.00,Quadriceps,,Body Only,,,,UNMATCHED,no deterministic Supabase slug/name/alias/media match
2342,Holman Foot-Elevated Step-To-Lunge,holman-foot-elevated-step-to-lunge,,,,UNMATCHED,0.00,Quadriceps,,Body Only,,,,UNMATCHED,no deterministic Supabase slug/name/alias/media match
2343,Holman Split Lunge,holman-split-lunge,,,,UNMATCHED,0.00,Quadriceps,,Body Only,,,,UNMATCHED,no deterministic Supabase slug/name/alias/media match
2344,Holman Stair Climb,holman-stair-climb,,,,UNMATCHED,0.00,Quadriceps,,Body Only,,,,UNMATCHED,no deterministic Supabase slug/name/alias/media match
2345,Holman Burpee to Flying Jack,holman-burpee-to-flying-jack,,,,UNMATCHED,0.00,Quadriceps,,Body Only,,,,UNMATCHED,no deterministic Supabase slug/name/alias/media match
2346,Holman Right Reverse Lunge,holman-right-reverse-lunge,,,,UNMATCHED,0.00,Quadriceps,,Body Only,,,,UNMATCHED,no deterministic Supabase slug/name/alias/media match
2347,Holman Left Reverse Lunge,holman-left-reverse-lunge,,,,UNMATCHED,0.00,Quadriceps,,Body Only,,,,UNMATCHED,no deterministic Supabase slug/name/alias/media match
2348,Holman Squat Tap to Hop,holman-squat-tap-to-hop,,,,UNMATCHED,0.00,Quadriceps,,Body Only,,,,UNMATCHED,no deterministic Supabase slug/name/alias/media match
2349,Holman Squat Tap to Jump-Forward-Jump-Back,holman-squat-tap-to-jump-forward-jump-back,,,,UNMATCHED,0.00,Quadriceps,,Body Only,,,,UNMATCHED,no deterministic Supabase slug/name/alias/media match
2350,Holman Squat Hip Drive,holman-squat-hip-drive,,,,UNMATCHED,0.00,Quadriceps,,Body Only,,,,UNMATCHED,no deterministic Supabase slug/name/alias/media match
2351,Holman Alternating Double Lunge Hop,holman-alternating-double-lunge-hop,,,,UNMATCHED,0.00,Quadriceps,,Body Only,,,,UNMATCHED,no deterministic Supabase slug/name/alias/media match
2352,Holman Right Reverse Lunge to Front Kick,holman-right-reverse-lunge-to-front-kick,,,,UNMATCHED,0.00,Quadriceps,,Body Only,,,,UNMATCHED,no deterministic Supabase slug/name/alias/media match
2353,Holman Right Leg Forward Lunge Hop,holman-right-leg-forward-lunge-hop,,,,UNMATCHED,0.00,Quadriceps,,Body Only,,,,UNMATCHED,no deterministic Supabase slug/name/alias/media match
2354,Holman Right Squat Thrust,holman-right-squat-thrust,,,,UNMATCHED,0.00,Quadriceps,,Body Only,,,,UNMATCHED,no deterministic Supabase slug/name/alias/media match
2355,Holman Left Reverse Lunge to Front Kick,holman-left-reverse-lunge-to-front-kick,,,,UNMATCHED,0.00,Quadriceps,,Body Only,,,,UNMATCHED,no deterministic Supabase slug/name/alias/media match
2356,Holman Left Leg Forward Lunge Hop,holman-left-leg-forward-lunge-hop,,,,UNMATCHED,0.00,Quadriceps,,Body Only,,,,UNMATCHED,no deterministic Supabase slug/name/alias/media match
2357,Holman Left Side Diagonal Burpee,holman-left-side-diagonal-burpee,,,,UNMATCHED,0.00,Quadriceps,,Body Only,,,,UNMATCHED,no deterministic Supabase slug/name/alias/media match
2358,Holman Left Squat Thrust,holman-left-squat-thrust,,,,UNMATCHED,0.00,Quadriceps,,Body Only,,,,UNMATCHED,no deterministic Supabase slug/name/alias/media match
2359,Holman Wide Squat Thrust,holman-wide-squat-thrust,,,,UNMATCHED,0.00,Quadriceps,,Body Only,,,,UNMATCHED,no deterministic Supabase slug/name/alias/media match
2360,Holman Alternating Single-Leg Hop to Squat to 180 Jump,holman-alternating-single-leg-hop-to-squat-to-180-jump,,,,UNMATCHED,0.00,Quadriceps,,Body Only,,,,UNMATCHED,no deterministic Supabase slug/name/alias/media match
2361,Holman Right Lunge Hop to Chest Press,holman-right-lunge-hop-to-chest-press,,,,UNMATCHED,0.00,Quadriceps,,Body Only,,,,UNMATCHED,no deterministic Supabase slug/name/alias/media match
2362,Holman Left Lunge Hop to Overhead Press,holman-left-lunge-hop-to-overhead-press,,,,UNMATCHED,0.00,Quadriceps,,Body Only,,,,UNMATCHED,no deterministic Supabase slug/name/alias/media match
2363,Holman 180 Jump Hop Forward Hop Back,holman-180-jump-hop-forward-hop-back,,,,UNMATCHED,0.00,Quadriceps,,Body Only,,,,UNMATCHED,no deterministic Supabase slug/name/alias/media match
2364,Holman Right Split Squat,holman-right-split-squat,,,,UNMATCHED,0.00,Quadriceps,,Body Only,,,,UNMATCHED,no deterministic Supabase slug/name/alias/media match
2365,Holman Left Split Squat,holman-left-split-squat,,,,UNMATCHED,0.00,Quadriceps,,Body Only,,,,UNMATCHED,no deterministic Supabase slug/name/alias/media match
2366,Holman Double Squat Pulse to 180 Jump,holman-double-squat-pulse-to-180-jump,,,,UNMATCHED,0.00,Quadriceps,,Body Only,,,,UNMATCHED,no deterministic Supabase slug/name/alias/media match
2367,Holman Towel Left Side Squat,holman-towel-left-side-squat,,,,UNMATCHED,0.00,Quadriceps,,Body Only,,,,UNMATCHED,no deterministic Supabase slug/name/alias/media match
2368,Holman Alternating Lunge Jump,holman-alternating-lunge-jump,,,,UNMATCHED,0.00,Quadriceps,,Body Only,,,,UNMATCHED,no deterministic Supabase slug/name/alias/media match
2369,Holman Lunge Jump to Squat Jump,holman-lunge-jump-to-squat-jump,,,,UNMATCHED,0.00,Quadriceps,,Body Only,,,,UNMATCHED,no deterministic Supabase slug/name/alias/media match
2370,Holman Burpee with Belly Touch,holman-burpee-with-belly-touch,,,,UNMATCHED,0.00,Quadriceps,,Body Only,,,,UNMATCHED,no deterministic Supabase slug/name/alias/media match
2371,Bootstrapper squat,bootstrapper-squat,,,,UNMATCHED,0.00,Quadriceps,,Body Only,,,,UNMATCHED,no deterministic Supabase slug/name/alias/media match
2372,Total Fitness Broad Jump,total-fitness-broad-jump,,,,UNMATCHED,0.00,Quadriceps,,Body Only,,,,UNMATCHED,no deterministic Supabase slug/name/alias/media match
2373,Total Fitness Lateral Lunge,total-fitness-lateral-lunge,,,,UNMATCHED,0.00,Quadriceps,,Body Only,,,,UNMATCHED,no deterministic Supabase slug/name/alias/media match
2374,Lateral shuffle,lateral-shuffle,,,,UNMATCHED,0.00,Quadriceps,,Body Only,,,,UNMATCHED,no deterministic Supabase slug/name/alias/media match
2375,Total Fitness Skip,total-fitness-skip,,,,UNMATCHED,0.00,Quadriceps,,Body Only,,,,UNMATCHED,no deterministic Supabase slug/name/alias/media match
2376,Total Fitness Spider Lunge,total-fitness-spider-lunge,,,,UNMATCHED,0.00,Quadriceps,,Body Only,,,,UNMATCHED,no deterministic Supabase slug/name/alias/media match
2377,Spider lunge stretch,spider-lunge-stretch,,,,UNMATCHED,0.00,Quadriceps,,Body Only,,,,UNMATCHED,no deterministic Supabase slug/name/alias/media match
2378,Spider lunge with T-rotation,spider-lunge-with-t-rotation,,,,UNMATCHED,0.00,Quadriceps,,Body Only,,,,UNMATCHED,no deterministic Supabase slug/name/alias/media match
2379,Standing quad stretch,standing-quad-stretch,,,,UNMATCHED,0.00,Quadriceps,,Body Only,,,,UNMATCHED,no deterministic Supabase slug/name/alias/media match
2380,Vertical jump,vertical-jump,,,,UNMATCHED,0.00,Quadriceps,,Body Only,,,,UNMATCHED,no deterministic Supabase slug/name/alias/media match
2381,King Maker Burpee,king-maker-burpee,,,,UNMATCHED,0.00,Quadriceps,,Body Only,,,,UNMATCHED,no deterministic Supabase slug/name/alias/media match
2382,King Maker Explosive High Jump,king-maker-explosive-high-jump,,,,UNMATCHED,0.00,Quadriceps,,Body Only,,,,UNMATCHED,no deterministic Supabase slug/name/alias/media match
2383,Muscle Beach Skip,muscle-beach-skip,,,,UNMATCHED,0.00,Quadriceps,,Body Only,,,,UNMATCHED,no deterministic Supabase slug/name/alias/media match
2384,Muscle Beach Broad Jump,muscle-beach-broad-jump,,,,UNMATCHED,0.00,Quadriceps,,Body Only,,,,UNMATCHED,no deterministic Supabase slug/name/alias/media match
2385,Muscle Beach Sprint,muscle-beach-sprint,,,,UNMATCHED,0.00,Quadriceps,,Body Only,,,,UNMATCHED,no deterministic Supabase slug/name/alias/media match
2386,Muscle Beach Front Kick,muscle-beach-front-kick,,,,UNMATCHED,0.00,Quadriceps,,Body Only,,,,UNMATCHED,no deterministic Supabase slug/name/alias/media match
2387,Muscle Beach Side Kick,muscle-beach-side-kick,,,,UNMATCHED,0.00,Quadriceps,,Body Only,,,,UNMATCHED,no deterministic Supabase slug/name/alias/media match
2388,Muscle Beach Spin Kick,muscle-beach-spin-kick,,,,UNMATCHED,0.00,Quadriceps,,Body Only,,,,UNMATCHED,no deterministic Supabase slug/name/alias/media match
2389,Muscle Beach Freestyle Kick,muscle-beach-freestyle-kick,,,,UNMATCHED,0.00,Quadriceps,,Body Only,,,,UNMATCHED,no deterministic Supabase slug/name/alias/media match
2390,MetaBurn Alternating Curtsy Lunge To Squat,metaburn-alternating-curtsy-lunge-to-squat,,,,UNMATCHED,0.00,Quadriceps,,Body Only,,,,UNMATCHED,no deterministic Supabase slug/name/alias/media match
2391,MetaBurn Alternating Curtsy Lunge With High Knee,metaburn-alternating-curtsy-lunge-with-high-knee,,,,UNMATCHED,0.00,Quadriceps,,Body Only,,,,UNMATCHED,no deterministic Supabase slug/name/alias/media match
2392,MetaBurn Alternating Diagonal Sprawl,metaburn-alternating-diagonal-sprawl,,,,UNMATCHED,0.00,Quadriceps,,Body Only,,,,UNMATCHED,no deterministic Supabase slug/name/alias/media match
2393,MetaBurn Alternating Lateral Sprawl,metaburn-alternating-lateral-sprawl,,,,UNMATCHED,0.00,Quadriceps,,Body Only,,,,UNMATCHED,no deterministic Supabase slug/name/alias/media match
2394,MetaBurn Curtsy Lunge,metaburn-curtsy-lunge,,,,UNMATCHED,0.00,Quadriceps,,Body Only,,,,UNMATCHED,no deterministic Supabase slug/name/alias/media match
2395,MetaBurn Frogger,metaburn-frogger,,,,UNMATCHED,0.00,Quadriceps,,Body Only,,,,UNMATCHED,no deterministic Supabase slug/name/alias/media match
2396,MetaBurn High Knee Rotation,metaburn-high-knee-rotation,,,,UNMATCHED,0.00,Quadriceps,,Body Only,,,,UNMATCHED,no deterministic Supabase slug/name/alias/media match
2397,MetaBurn Side-To-Side Lunge,metaburn-side-to-side-lunge,,,,UNMATCHED,0.00,Quadriceps,,Body Only,,,,UNMATCHED,no deterministic Supabase slug/name/alias/media match
2398,MetaBurn Star Jump,metaburn-star-jump,,,,UNMATCHED,0.00,Quadriceps,,Body Only,,,,UNMATCHED,no deterministic Supabase slug/name/alias/media match
2399,MetaBurn Tuck Jump With Knee Slap,metaburn-tuck-jump-with-knee-slap,,,,UNMATCHED,0.00,Quadriceps,,Body Only,,,,UNMATCHED,no deterministic Supabase slug/name/alias/media match
2400,MetaBurn Lateral Bounding Hop,metaburn-lateral-bounding-hop,,,,UNMATCHED,0.00,Quadriceps,,Body Only,,,,UNMATCHED,no deterministic Supabase slug/name/alias/media match
2401,MetaBurn Double Lunge,metaburn-double-lunge,,,,UNMATCHED,0.00,Quadriceps,,Body Only,,,,UNMATCHED,no deterministic Supabase slug/name/alias/media match
2402,Robertson Sprinter Step-Up,robertson-sprinter-step-up,603,Step Up,step-up,REVIEW,0.50,Quadriceps,full legs,Body Only,Barbell,,video/full legs/gif-female/Step up femme.gif,CONFLICT,candidate similarity score 0.50; incompatible  equipment
2403,FYR2 Front Kick-Through,front-kick-through,,,,UNMATCHED,0.00,Quadriceps,,Body Only,,,,UNMATCHED,no deterministic Supabase slug/name/alias/media match
2404,Lunge high-knee clap,lunge-high-knee-clap,,,,UNMATCHED,0.00,Quadriceps,,Body Only,,,,UNMATCHED,no deterministic Supabase slug/name/alias/media match
2405,FYR2 Plyo Split Squat,plyo-split-squat,555,Bulgarian Split Squat,bulgarian-split-squat,REVIEW,0.50,Quadriceps,full legs,Body Only,Barbell,,video/full legs/gif-male/Bulgarian split squat male.gif,CONFLICT,candidate similarity score 0.50; incompatible  equipment
2406,FYR2 Reverse Burpee,reverse-burpee,,,,UNMATCHED,0.00,Quadriceps,,Body Only,,,,UNMATCHED,no deterministic Supabase slug/name/alias/media match
2407,FYR2 Reverse Burpee to Regular Burpee,reverse-burpee-to-regular-burpee,,,,UNMATCHED,0.00,Quadriceps,,Body Only,,,,UNMATCHED,no deterministic Supabase slug/name/alias/media match
2408,FYR2 Reverse Burpee Tuck Jump,reverse-burpee-tuck-jump,,,,UNMATCHED,0.00,Quadriceps,,Body Only,,,,UNMATCHED,no deterministic Supabase slug/name/alias/media match
2409,FYR2 Sprawlee,sprawlee,,,,UNMATCHED,0.00,Quadriceps,,Body Only,,,,UNMATCHED,no deterministic Supabase slug/name/alias/media match
2410,FYR2 Squat Hold,squat-hold,,,,UNMATCHED,0.00,Quadriceps,,Body Only,,,,UNMATCHED,no deterministic Supabase slug/name/alias/media match
2411,FYR2 Squat Jump,squat-jump,,,,UNMATCHED,0.00,Quadriceps,,Body Only,,,,UNMATCHED,no deterministic Supabase slug/name/alias/media match
2412,FYR2 Squat Pulse,squat-pulse,,,,UNMATCHED,0.00,Quadriceps,,Body Only,,,,UNMATCHED,no deterministic Supabase slug/name/alias/media match
2413,Sprinter burpee,sprinter-burpee,,,,UNMATCHED,0.00,Quadriceps,,Body Only,,,,UNMATCHED,no deterministic Supabase slug/name/alias/media match
2414,Shuttle run training,shuttle-run-training,,,,UNMATCHED,0.00,Quadriceps,,Body Only,,,,UNMATCHED,no deterministic Supabase slug/name/alias/media match
2415,Medicine ball ninja,medicine-ball-ninja,,,,UNMATCHED,0.00,Quadriceps,,Medicine Ball,,,,UNMATCHED,no deterministic Supabase slug/name/alias/media match
2416,FYR Air Ball Plus Medicine Ball Jumping Sprawl,air-ball-plus-medicine-ball-jumping-sprawl,,,,UNMATCHED,0.00,Quadriceps,,Medicine Ball,,,,UNMATCHED,no deterministic Supabase slug/name/alias/media match
2417,Medicine ball cowboy squat,medicine-ball-cowboy-squat,,,,UNMATCHED,0.00,Quadriceps,,Medicine Ball,,,,UNMATCHED,no deterministic Supabase slug/name/alias/media match
2418,Medicine ball jumping jill,medicine-ball-jumping-jill,,,,UNMATCHED,0.00,Quadriceps,,Medicine Ball,,,,UNMATCHED,no deterministic Supabase slug/name/alias/media match
2419,Alternate Leg Diagonal Bound,alternate-leg-diagonal-bound,,,,UNMATCHED,0.00,Quadriceps,,None,,,,UNMATCHED,no deterministic Supabase slug/name/alias/media match
2420,Sit Squats,sit-squat,,,,UNMATCHED,0.00,Quadriceps,,None,,,,UNMATCHED,no deterministic Supabase slug/name/alias/media match
2421,Frog Hops,frog-hops,,,,UNMATCHED,0.00,Quadriceps,,None,,,,UNMATCHED,no deterministic Supabase slug/name/alias/media match
2422,Dumbbell lateral hop to sprint,dumbbell-lateral-hop-to-sprint,,,,UNMATCHED,0.00,Quadriceps,,None,,,,UNMATCHED,no deterministic Supabase slug/name/alias/media match
2423,Smith machine lunge sprint,smith-machine-lunge-sprint,507,Smith Machine Lunge,smith-machine-lunge,REVIEW,0.74,Quadriceps,full legs,None,Machine,,video/full legs/gif-female/Smith machine lunge femme.gif,CONFLICT,candidate similarity score 0.75; incompatible  equipment
2424,Sissy squat,sissy-squat,,,,UNMATCHED,0.00,Quadriceps,,None,,,,UNMATCHED,no deterministic Supabase slug/name/alias/media match
2425,Wall ball toss,wall-ball-toss,,,,UNMATCHED,0.00,Quadriceps,,Exercise Ball,,,,UNMATCHED,no deterministic Supabase slug/name/alias/media match
2426,Bosu Ball Squat,bosu-ball-squat,,,,UNMATCHED,0.00,Quadriceps,,Exercise Ball,,,,UNMATCHED,no deterministic Supabase slug/name/alias/media match
2427,Exercise ball Bulgarian split squat,exercise-ball-bulgarian-split-squat,555,Bulgarian Split Squat,bulgarian-split-squat,REVIEW,0.60,Quadriceps,full legs,Exercise Ball,Barbell,,video/full legs/gif-male/Bulgarian split squat male.gif,CONFLICT,candidate similarity score 0.60; incompatible  equipment
2428,Internal Rotation with Band,internal-rotation-with-band,,,,UNMATCHED,0.00,Shoulders,,Bands,,,,UNMATCHED,no deterministic Supabase slug/name/alias/media match
2429,Band Pull Apart,band-pull-apart,,,,UNMATCHED,0.00,Shoulders,,Bands,,,,UNMATCHED,no deterministic Supabase slug/name/alias/media match
2430,Back Flyes - With Bands,back-fly-with-bands,,,,UNMATCHED,0.00,Shoulders,,Bands,,,,UNMATCHED,no deterministic Supabase slug/name/alias/media match
2431,Lateral Raise - With Bands,lateral-raise-with-bands,,,,UNMATCHED,0.00,Shoulders,,Bands,,,,UNMATCHED,no deterministic Supabase slug/name/alias/media match
2432,Shoulder Press - With Bands,shoulder-press-with-bands,,,,UNMATCHED,0.00,Shoulders,,Bands,,,,UNMATCHED,no deterministic Supabase slug/name/alias/media match
2433,External Rotation with Band,external-rotation-with-band,,,,UNMATCHED,0.00,Shoulders,,Bands,,,,UNMATCHED,no deterministic Supabase slug/name/alias/media match
2434,FYR Band Pull-Apart,band-pull-apart,,,,UNMATCHED,0.00,Shoulders,,Bands,,,,UNMATCHED,no deterministic Supabase slug/name/alias/media match
2435,HM Lateral Raise,hm-lateral-raise,610,Cable Lateral Raise,cable-lateral-raise,REVIEW,0.50,Shoulders,shoulders,Bands,Cable,,video/shoulders/gif-female/Cable lateral raise femme.gif,CONFLICT,candidate similarity score 0.50; incompatible  equipment
2436,Rusin Banded Over-And-Back,rusin-banded-over-and-back,,,,UNMATCHED,0.00,Shoulders,,Bands,,,,UNMATCHED,no deterministic Supabase slug/name/alias/media match
2437,Rusin Banded Face Pull,rusin-banded-face-pull,,,,UNMATCHED,0.00,Shoulders,,Bands,,,,UNMATCHED,no deterministic Supabase slug/name/alias/media match
2438,UP Band Pull-Apart,up-band-pull-apart,,,,UNMATCHED,0.00,Shoulders,,Bands,,,,UNMATCHED,no deterministic Supabase slug/name/alias/media match
2439,Jordan Shallow Band-Resisted Thread the Needle,jordan-shallow-band-resisted-thread-the-needle,,,,UNMATCHED,0.00,Shoulders,,Bands,,,,UNMATCHED,no deterministic Supabase slug/name/alias/media match
2440,30 Shoulders Seated Banded Barbell Shoulder Press,seated-banded-barbell-shoulder-press,634,Seated Behind The Neck Barbell Shoulder Press,seated-behind-the-neck-barbell-shoulder-press,REVIEW,0.50,Shoulders,shoulders,Bands,Barbell,,video/shoulders/gif-male/seated behind the neck barbell shoulder press male.gif,CONFLICT,candidate similarity score 0.50; incompatible  equipment
2441,Band shoulder press,band-shoulder-press,609,Dumbbell Press Shoulder,dumbbell-press-shoulder,REVIEW,0.50,Shoulders,shoulders,Bands,Dumbbell,,video/shoulders/gif-male/Dumbbell Press shoulder femme.gif,CONFLICT,candidate similarity score 0.50; incompatible  equipment
2442,Band lateral raise,band-lateral-raise,610,Cable Lateral Raise,cable-lateral-raise,REVIEW,0.50,Shoulders,shoulders,Bands,Cable,,video/shoulders/gif-female/Cable lateral raise femme.gif,CONFLICT,candidate similarity score 0.50; incompatible  equipment
2443,Band upright row,band-upright-row,73,Barbell Upright Row,barbell-upright-row,REVIEW,0.50,Shoulders,BACK and TRAPEZIUS,Bands,Barbell,,video/BACK and TRAPEZIUS/gif-male/Barbell upright row male.gif,CONFLICT,candidate similarity score 0.50; incompatible  equipment
2444,Staggered-stance band shoulder press,staggered-stance-band-shoulder-press,,,,UNMATCHED,0.00,Shoulders,,Bands,,,,UNMATCHED,no deterministic Supabase slug/name/alias/media match
2445,Single-arm banded landmine press,single-arm-banded-landmine-press,,,,UNMATCHED,0.00,Shoulders,,Bands,,,,UNMATCHED,no deterministic Supabase slug/name/alias/media match
2446,Band front raise rear fly row combo,band-front-raise-rear-fly-row-combo,,,,UNMATCHED,0.00,Shoulders,,Bands,,,,UNMATCHED,no deterministic Supabase slug/name/alias/media match
2447,Jordan Shallow Foam Roller Thoracic Extension,jordan-shallow-foam-roller-thoracic-extension,,,,UNMATCHED,0.00,Shoulders,,Foam Roll,,,,UNMATCHED,no deterministic Supabase slug/name/alias/media match
2448,Jordan Shallow Thread the Needle (with Foam Roller),jordan-shallow-thread-the-needle-with-foam-roller,,,,UNMATCHED,0.00,Shoulders,,Foam Roll,,,,UNMATCHED,no deterministic Supabase slug/name/alias/media match
2449,Clean and press,clean-and-press,,,,UNMATCHED,0.00,Shoulders,,Barbell,,,,UNMATCHED,no deterministic Supabase slug/name/alias/media match
2450,Clean and jerk,clean-and-jerk,,,,UNMATCHED,0.00,Shoulders,,Barbell,,,,UNMATCHED,no deterministic Supabase slug/name/alias/media match
2451,Military press,military-press,648,Military Press,military-press,EXACT_SLUG,1.00,Shoulders,shoulders,Barbell,Barbell,,video/shoulders/videos/Military Press.mp4,CONFLICT,local derived slug equals Supabase slug; normalized local name equals normalized Supabase name; local alias equals Supabase name: military press; local alias equals Supabase slug: military press; incompatible category
2452,Seated barbell shoulder press,seated-barbell-shoulder-press,636,Barbell Overhead Press Shoulder,barbell-overhead-press-shoulder,HIGH_CONFIDENCE,0.60,Shoulders,shoulders,Barbell,Barbell,,video/shoulders/gif-male/barbell overhead press shoulder male.gif,CONFLICT,context-constrained similarity score 0.60; multiple equal-confidence Supabase candidates
2453,Snatch-Grip Behind-The-Neck Overhead Press,snatch-grip-behind-the-neck-overhead-press,608,Smith Machine Overhead Press (Behind The Neck),smith-machine-overhead-press-behind-the-neck,REVIEW,0.56,Shoulders,shoulders,Barbell,Smith Machine,,video/shoulders/gif-male/Smith machine overhead press (behind the neck) male.gif,CONFLICT,candidate similarity score 0.56; incompatible  equipment
2454,Standing Bradford press,standing-bradford-press,,,,UNMATCHED,0.00,Shoulders,,Barbell,,,,UNMATCHED,no deterministic Supabase slug/name/alias/media match
2455,Barbell Shoulder Press,barbell-shoulder-press,636,Barbell Overhead Press Shoulder,barbell-overhead-press-shoulder,HIGH_CONFIDENCE,0.75,Shoulders,shoulders,Barbell,Barbell,,video/shoulders/gif-male/barbell overhead press shoulder male.gif,HIGH_CONFIDENCE,context-constrained similarity score 0.75
2456,Barbell rear delt bent-over row,barbell-rear-delt-bent-over-row,78,Bent-Over Barbell Row,bent-over-barbell-row,HIGH_CONFIDENCE,0.67,Shoulders,BACK and TRAPEZIUS,Barbell,Barbell,,video/BACK and TRAPEZIUS/gif-male/Bent-Over Barbell Row male.gif,HIGH_CONFIDENCE,context-constrained similarity score 0.67
2457,Barbell upright row,barbell-upright-row,73,Barbell Upright Row,barbell-upright-row,EXACT_SLUG,1.00,Shoulders,BACK and TRAPEZIUS,Barbell,Barbell,,video/BACK and TRAPEZIUS/gif-male/Barbell upright row male.gif,VERIFIED,local derived slug equals Supabase slug; normalized local name equals normalized Supabase name; local alias equals Supabase name: barbell upright row; local alias equals Supabase slug: barbell upright row
2458,Bradford/Rocky Presses,bradford-rocky-press,,,,UNMATCHED,0.00,Shoulders,,Barbell,,,,UNMATCHED,no deterministic Supabase slug/name/alias/media match
2459,Lying rear delt fly,lying-rear-delt-fly,184,Rear Delt Fly,rear-delt-fly,REVIEW,0.74,Shoulders,BACK and TRAPEZIUS,Barbell,Barbell,,video/BACK and TRAPEZIUS/videos/Rear Delt Fly.mp4,CONFLICT,candidate similarity score 0.75; incompatible category
2460,Machine Shoulder (Military) Press,machine-shoulder-military-press,651,Shoulder Press Machine,shoulder-press-machine,HIGH_CONFIDENCE,0.75,Shoulders,shoulders,Barbell,Barbell,,video/shoulders/videos/shoulder press machine.mp4,HIGH_CONFIDENCE,context-constrained similarity score 0.75
2461,Standing Barbell Press Behind Neck,standing-barbell-press-behind-neck,616,Behind The Neck Barbell Press Standing,behind-the-neck-barbell-press-standing,HIGH_CONFIDENCE,0.83,Shoulders,shoulders,Barbell,Barbell,,video/shoulders/gif-male/Behind-the-neck barbell press standing male.gif,HIGH_CONFIDENCE,context-constrained similarity score 0.83
2462,Barbell front raise,barbell-front-raise,612,Seated Front Raise,seated-front-raise,REVIEW,0.50,Shoulders,shoulders,Barbell,Bodyweight,,video/shoulders/gif-female/Seated front raise femme.gif,CONFLICT,candidate similarity score 0.50; incompatible  equipment
2463,Overhead bar front raise,overhead-bar-front-raise,,,,UNMATCHED,0.00,Shoulders,,Barbell,,,,UNMATCHED,no deterministic Supabase slug/name/alias/media match
2464,Incline barbell shoulder protraction,incline-barbell-shoulder-protraction,,,,UNMATCHED,0.00,Shoulders,,Barbell,,,,UNMATCHED,no deterministic Supabase slug/name/alias/media match
2465,Behind-the-head push-press,behind-the-head-push-press,,,,UNMATCHED,0.00,Shoulders,,Barbell,,,,UNMATCHED,no deterministic Supabase slug/name/alias/media match
2466,Rack Delivery,rack-delivery,,,,UNMATCHED,0.00,Shoulders,,Barbell,,,,UNMATCHED,no deterministic Supabase slug/name/alias/media match
2467,Smith Incline Shoulder Raise,smith-incline-shoulder-raise,223,Incline Shoulder Raise,incline-shoulder-raise-chest,REVIEW,0.74,Shoulders,Chest,Barbell,Barbell,,video/Chest/videos/Incline Shoulder Raise (Chest).mp4,CONFLICT,candidate similarity score 0.75; incompatible category
2468,Tall Muscle Snatch,tall-muscle-snatch,,,,UNMATCHED,0.00,Shoulders,,Barbell,,,,UNMATCHED,no deterministic Supabase slug/name/alias/media match
2469,Axle Clean And Press,axle-clean-and-press,,,,UNMATCHED,0.00,Shoulders,,Barbell,,,,UNMATCHED,no deterministic Supabase slug/name/alias/media match
2470,Jerk Balance,jerk-balance,,,,UNMATCHED,0.00,Shoulders,,Barbell,,,,UNMATCHED,no deterministic Supabase slug/name/alias/media match
2471,Seated EZ-bar shrug,seated-ez-bar-shrug,187,Seated Shrug,seated-shrug,REVIEW,0.50,Shoulders,BACK and TRAPEZIUS,Barbell,Lever (plate loaded),,video/BACK and TRAPEZIUS/videos/Seated Shrug.mp4,CONFLICT,candidate similarity score 0.50; incompatible  equipment
2472,Paul Carter Barbell Seated Military Press,paul-carter-barbell-seated-military-press,,,,UNMATCHED,0.00,Shoulders,,Barbell,,,,UNMATCHED,no deterministic Supabase slug/name/alias/media match
2473,TBS Barbell Military Press,tbs-barbell-military-press,648,Military Press,military-press,REVIEW,0.50,Shoulders,shoulders,Barbell,Barbell,,video/shoulders/videos/Military Press.mp4,REVIEW,candidate similarity score 0.50
2474,Incline Front Barbell Raise - Gethin Variation,incline-front-barbell-raise,,,,UNMATCHED,0.00,Shoulders,,Barbell,,,,UNMATCHED,no deterministic Supabase slug/name/alias/media match
2475,Barbell Front Raise - Gethin Variation,barbell-front-raise,612,Seated Front Raise,seated-front-raise,REVIEW,0.50,Shoulders,shoulders,Barbell,Bodyweight,,video/shoulders/gif-female/Seated front raise femme.gif,CONFLICT,candidate similarity score 0.50; incompatible  equipment
2476,Single-arm barbell lateral raise,single-arm-barbell-lateral-raise,,,,UNMATCHED,0.00,Shoulders,,Barbell,,,,UNMATCHED,no deterministic Supabase slug/name/alias/media match
2477,AM Upright Row,upright-row,73,Barbell Upright Row,barbell-upright-row,HIGH_CONFIDENCE,0.67,Shoulders,BACK and TRAPEZIUS,Barbell,Barbell,traps.mp4,video/BACK and TRAPEZIUS/gif-male/Barbell upright row male.gif,CONFLICT,context-constrained similarity score 0.67; multiple equal-confidence Supabase candidates
2478,AM Barbell Shoulder Press,barbell-shoulder-press,636,Barbell Overhead Press Shoulder,barbell-overhead-press-shoulder,HIGH_CONFIDENCE,0.75,Shoulders,shoulders,Barbell,Barbell,,video/shoulders/gif-male/barbell overhead press shoulder male.gif,HIGH_CONFIDENCE,context-constrained similarity score 0.75
2479,Standing barbell shoulder press,standing-barbell-shoulder-press,636,Barbell Overhead Press Shoulder,barbell-overhead-press-shoulder,HIGH_CONFIDENCE,0.60,Shoulders,shoulders,Barbell,Barbell,,video/shoulders/gif-male/barbell overhead press shoulder male.gif,HIGH_CONFIDENCE,context-constrained similarity score 0.60
2480,King Maker Barbell Thruster,king-maker-barbell-thruster,,,,UNMATCHED,0.00,Shoulders,,Barbell,,,,UNMATCHED,no deterministic Supabase slug/name/alias/media match
2481,Single-arm incline cable cross-over,single-arm-incline-cable-cross-over,,,,UNMATCHED,0.00,Shoulders,,Barbell,,,,UNMATCHED,no deterministic Supabase slug/name/alias/media match
2482,Barbell bear complex,barbell-bear-complex,,,,UNMATCHED,0.00,Shoulders,,Barbell,,,,UNMATCHED,no deterministic Supabase slug/name/alias/media match
2483,30 Shoulders Barbell Shrug,barbell-shrug,72,Barbell Shrug,barbell-shrug,EXACT_SLUG,1.00,Shoulders,BACK and TRAPEZIUS,Barbell,Barbell,traps.mp4,video/BACK and TRAPEZIUS/gif-male/Barbell shrug male.gif,VERIFIED,local derived slug equals Supabase slug; normalized local name equals normalized Supabase name; local alias equals Supabase name: barbell shrug; local alias equals Supabase slug: barbell shrug
2484,30 Shoulders Incline Face-Up Straight-Bar Front Raise,incline-face-up-straight-bar-front-raise,,,,UNMATCHED,0.00,Shoulders,,Barbell,,,,UNMATCHED,no deterministic Supabase slug/name/alias/media match
2485,30 Shoulders Seated Dumbbell Shoulder Press,seated-dumbbell-shoulder-press,609,Dumbbell Press Shoulder,dumbbell-press-shoulder,REVIEW,0.74,Shoulders,shoulders,Barbell,Dumbbell,,video/shoulders/gif-male/Dumbbell Press shoulder femme.gif,CONFLICT,candidate similarity score 0.75; incompatible  equipment
2486,30 Shoulders Standing Behind-The-Head Shoulder Press,standing-behind-the-head-shoulder-press,616,Behind The Neck Barbell Press Standing,behind-the-neck-barbell-press-standing,REVIEW,0.50,Shoulders,shoulders,Barbell,Barbell,,video/shoulders/gif-male/Behind-the-neck barbell press standing male.gif,CONFLICT,candidate similarity score 0.50; multiple equal-confidence Supabase candidates
2487,30 Shoulders Standing Barbell Press,standing-barbell-press,456,Barbell French Press,barbell-french-press,REVIEW,0.50,Shoulders,Full Arms,Barbell,Barbell,,video/Full Arms/TRICEPS/gif-male/Barbell French press male.gif,CONFLICT,candidate similarity score 0.50; incompatible category
2488,FYR2 Wide Overhead Press,wide-overhead-press,654,Overhead Press Shoulder,overhead-press-shoulder,REVIEW,0.50,Shoulders,shoulders,Barbell,Bodyweight,,video/shoulders/videos/Overhead Press shoulder.mp4,CONFLICT,candidate similarity score 0.50; incompatible  equipment
2489,Single-arm kettlebell push-press,single-arm-kettlebell-push-press,,,,UNMATCHED,0.00,Shoulders,,Kettlebells,,,,UNMATCHED,no deterministic Supabase slug/name/alias/media match
2490,Two-Arm Kettlebell Military Press,two-arm-kettlebell-military-press,,,,UNMATCHED,0.00,Shoulders,,Kettlebells,,,,UNMATCHED,no deterministic Supabase slug/name/alias/media match
2491,Alternating Kettlebell Press,alternating-kettlebell-press,,,,UNMATCHED,0.00,Shoulders,,Kettlebells,,,,UNMATCHED,no deterministic Supabase slug/name/alias/media match
2492,Single-arm kettlebell snatch,single-arm-kettlebell-snatch,,,,UNMATCHED,0.00,Shoulders,,Kettlebells,,,,UNMATCHED,no deterministic Supabase slug/name/alias/media match
2493,Single-arm kettlebell clean and jerk,single-arm-kettlebell-clean-and-jerk,,,,UNMATCHED,0.00,Shoulders,,Kettlebells,,,,UNMATCHED,no deterministic Supabase slug/name/alias/media match
2494,Kettlebell pirate ship,kettlebell-pirate-ship,,,,UNMATCHED,0.00,Shoulders,,Kettlebells,,,,UNMATCHED,no deterministic Supabase slug/name/alias/media match
2495,Two-Arm Kettlebell Clean,two-arm-kettlebell-clean,,,,UNMATCHED,0.00,Shoulders,,Kettlebells,,,,UNMATCHED,no deterministic Supabase slug/name/alias/media match
2496,Double Kettlebell Push Press,double-kettlebell-push-press,,,,UNMATCHED,0.00,Shoulders,,Kettlebells,,,,UNMATCHED,no deterministic Supabase slug/name/alias/media match
2497,Kettlebell Seated Press,kettlebell-seated-press,,,,UNMATCHED,0.00,Shoulders,,Kettlebells,,,,UNMATCHED,no deterministic Supabase slug/name/alias/media match
2498,Double Kettlebell Jerk,double-kettlebell-jerk,,,,UNMATCHED,0.00,Shoulders,,Kettlebells,,,,UNMATCHED,no deterministic Supabase slug/name/alias/media match
2499,Kettlebell Arnold Press,kettlebell-arnold-press,633,Arnold Press,arnold-press,REVIEW,0.67,Shoulders,shoulders,Kettlebells,Dumbbell,,video/shoulders/gif-female/Arnold Press femme.gif,CONFLICT,candidate similarity score 0.67; incompatible  equipment
2500,Double-kettlebell windmill,double-kettlebell-windmill,,,,UNMATCHED,0.00,Shoulders,,Kettlebells,,,,UNMATCHED,no deterministic Supabase slug/name/alias/media match
2501,One-Arm Kettlebell Split Snatch,single-arm-kettlebell-split-snatch,,,,UNMATCHED,0.00,Shoulders,,Kettlebells,,,,UNMATCHED,no deterministic Supabase slug/name/alias/media match
2502,One-Arm Kettlebell Para Press,single-arm-kettlebell-para-press,,,,UNMATCHED,0.00,Shoulders,,Kettlebells,,,,UNMATCHED,no deterministic Supabase slug/name/alias/media match
2503,One-Arm Kettlebell Split Jerk,single-arm-kettlebell-split-jerk,,,,UNMATCHED,0.00,Shoulders,,Kettlebells,,,,UNMATCHED,no deterministic Supabase slug/name/alias/media match
2504,One-Arm Kettlebell Military Press To The Side,single-arm-kettlebell-military-press-to-the-side,,,,UNMATCHED,0.00,Shoulders,,Kettlebells,,,,UNMATCHED,no deterministic Supabase slug/name/alias/media match
2505,One-Arm Kettlebell Jerk,single-arm-kettlebell-jerk,,,,UNMATCHED,0.00,Shoulders,,Kettlebells,,,,UNMATCHED,no deterministic Supabase slug/name/alias/media match
2506,Double Kettlebell Snatch,double-kettlebell-snatch,,,,UNMATCHED,0.00,Shoulders,,Kettlebells,,,,UNMATCHED,no deterministic Supabase slug/name/alias/media match
2507,Two-Arm Kettlebell Jerk,two-arm-kettlebell-jerk,,,,UNMATCHED,0.00,Shoulders,,Kettlebells,,,,UNMATCHED,no deterministic Supabase slug/name/alias/media match
2508,FYR Kettlebell Power Clean,kettlebell-power-clean,,,,UNMATCHED,0.00,Shoulders,,Kettlebells,,,,UNMATCHED,no deterministic Supabase slug/name/alias/media match
2509,Kettlebell upright row,kettlebell-upright-row,73,Barbell Upright Row,barbell-upright-row,REVIEW,0.50,Shoulders,BACK and TRAPEZIUS,Kettlebells,Barbell,,video/BACK and TRAPEZIUS/gif-male/Barbell upright row male.gif,CONFLICT,candidate similarity score 0.50; incompatible  equipment
2510,Kettlebell upright row and press,kettlebell-upright-row-and-press,,,,UNMATCHED,0.00,Shoulders,,Kettlebells,,,,UNMATCHED,no deterministic Supabase slug/name/alias/media match
2511,Single-arm kettlebell thruster,single-arm-kettlebell-thruster,,,,UNMATCHED,0.00,Shoulders,,Kettlebells,,,,UNMATCHED,no deterministic Supabase slug/name/alias/media match
2512,Double-kettlebell shoulder press,double-kettlebell-shoulder-press,,,,UNMATCHED,0.00,Shoulders,,Kettlebells,,,,UNMATCHED,no deterministic Supabase slug/name/alias/media match
2513,Double-kettlebell push-press,double-kettlebell-push-press,,,,UNMATCHED,0.00,Shoulders,,Kettlebells,,,,UNMATCHED,no deterministic Supabase slug/name/alias/media match
2514,HM Kettlebell Windmill,hm-kettlebell-windmill,,,,UNMATCHED,0.00,Shoulders,,Kettlebells,,,,UNMATCHED,no deterministic Supabase slug/name/alias/media match
2515,HM Kettlebell Z-Press,hm-kettlebell-z-press,,,,UNMATCHED,0.00,Shoulders,,Kettlebells,,,,UNMATCHED,no deterministic Supabase slug/name/alias/media match
2516,Taylor Half-Kneeling Kettlebell Halo,taylor-half-kneeling-kettlebell-halo,,,,UNMATCHED,0.00,Shoulders,,Kettlebells,,,,UNMATCHED,no deterministic Supabase slug/name/alias/media match
2517,Taylor Towel Kettlebell Farmer's Walk,taylor-towel-kettlebell-farmer-s-walk,,,,UNMATCHED,0.00,Shoulders,,Kettlebells,,,,UNMATCHED,no deterministic Supabase slug/name/alias/media match
2518,FYR2 Double-Kettlebell Alternating Press,double-kettlebell-alternating-press,,,,UNMATCHED,0.00,Shoulders,,Kettlebells,,,,UNMATCHED,no deterministic Supabase slug/name/alias/media match
2519,FYR2 Double-Kettlebell Thruster,double-kettlebell-thruster,,,,UNMATCHED,0.00,Shoulders,,Kettlebells,,,,UNMATCHED,no deterministic Supabase slug/name/alias/media match
2520,FYR2 Half-Kneeling Kettlebell Clean,half-kneeling-kettlebell-clean,,,,UNMATCHED,0.00,Shoulders,,Kettlebells,,,,UNMATCHED,no deterministic Supabase slug/name/alias/media match
2521,FYR2 Kettlebell Clean and Press,kettlebell-clean-and-press,,,,UNMATCHED,0.00,Shoulders,,Kettlebells,,,,UNMATCHED,no deterministic Supabase slug/name/alias/media match
2522,FYR2 Kettlebell High Pull to Overhead Press,kettlebell-high-pull-to-overhead-press,,,,UNMATCHED,0.00,Shoulders,,Kettlebells,,,,UNMATCHED,no deterministic Supabase slug/name/alias/media match
2523,FYR2 Kettlebell Swing Clean and Press,kettlebell-swing-clean-and-press,,,,UNMATCHED,0.00,Shoulders,,Kettlebells,,,,UNMATCHED,no deterministic Supabase slug/name/alias/media match
2524,FYR2 Single-Arm Kettlebell Press,single-arm-kettlebell-press,,,,UNMATCHED,0.00,Shoulders,,Kettlebells,,,,UNMATCHED,no deterministic Supabase slug/name/alias/media match
2525,FYR2 Ascending-Rep High-Pull-Press Complex,ascending-rep-high-pull-press-complex,,,,UNMATCHED,0.00,Shoulders,,Kettlebells,,,,UNMATCHED,no deterministic Supabase slug/name/alias/media match
2526,Dumbbell front raise to lateral raise,dumbbell-front-raise-to-lateral-raise,649,Dumbbell Lateral Raise,dumbbell-lateral-raise,HIGH_CONFIDENCE,0.60,Shoulders,shoulders,Dumbbell,Dumbbell,,video/shoulders/videos/Dumbbell Lateral Raise.mp4,CONFLICT,context-constrained similarity score 0.60; multiple equal-confidence Supabase candidates
2527,Single-arm palm-in dumbbell shoulder press,single-arm-palm-in-dumbbell-shoulder-press,,,,UNMATCHED,0.00,Shoulders,,Dumbbell,,,,UNMATCHED,no deterministic Supabase slug/name/alias/media match
2528,Standing palms-in shoulder press,standing-palms-in-shoulder-press,,,,UNMATCHED,0.00,Shoulders,,Dumbbell,,,,UNMATCHED,no deterministic Supabase slug/name/alias/media match
2529,Seated Dumbbell Press,seated-dumbbell-press,645,Dumbbell Press,dumbbell-press,ALIAS_MEDIA_MATCH,0.99,Shoulders,shoulders,Dumbbell,Dumbbell,DUMBBELL PRESS.mp4,video/shoulders/videos/DUMBBELL PRESS.mp4,VERIFIED,local linked video filename equals Supabase media filename: DUMBBELL PRESS.mp4
2530,Standing dumbbell shoulder press,standing-dumbbell-shoulder-press,609,Dumbbell Press Shoulder,dumbbell-press-shoulder,HIGH_CONFIDENCE,0.75,Shoulders,shoulders,Dumbbell,Dumbbell,,video/shoulders/gif-male/Dumbbell Press shoulder femme.gif,HIGH_CONFIDENCE,context-constrained similarity score 0.75
2531,Single-arm lateral raise,single-arm-lateral-raise,,,,UNMATCHED,0.00,Shoulders,,Dumbbell,,,,UNMATCHED,no deterministic Supabase slug/name/alias/media match
2532,Power Partials,power-partials,,,,UNMATCHED,0.00,Shoulders,,Dumbbell,,,,UNMATCHED,no deterministic Supabase slug/name/alias/media match
2533,Incline dumbbell reverse fly,incline-dumbbell-reverse-fly,209,Incline Dumbbell Fly,incline-dumbbell-fly,HIGH_CONFIDENCE,0.75,Shoulders,Chest,Dumbbell,Dumbbell,,video/Chest/gif-male/Crucifixo inclinado com halteres male.gif,HIGH_CONFIDENCE,context-constrained similarity score 0.75
2534,Overhead dumbbell front raise,overhead-dumbbell-front-raise,664,Seated Dumbbell Front Raise,seated-dumbbell-front-raise,HIGH_CONFIDENCE,0.60,Shoulders,shoulders,Dumbbell,Dumbbell,,video/shoulders/videos/Seated Dumbbell Front Raise.mp4,HIGH_CONFIDENCE,context-constrained similarity score 0.60
2535,Seated dumbbell shoulder press,seated-dumbbell-shoulder-press,637,Seated Dumbbell Press Shoulder,seated-dumbbell-press-shoulder,HIGH_CONFIDENCE,0.92,Shoulders,shoulders,Dumbbell,Dumbbell,,video/shoulders/gif-male/seated dumbbell press shoulder male.gif,HIGH_CONFIDENCE,context-constrained similarity score 1.00
2536,Alternating standing shoulder press,alternating-standing-shoulder-press,,,,UNMATCHED,0.00,Shoulders,,Dumbbell,,,,UNMATCHED,no deterministic Supabase slug/name/alias/media match
2537,Single-arm incline rear delt raise,single-arm-incline-rear-delt-raise,,,,UNMATCHED,0.00,Shoulders,,Dumbbell,,,,UNMATCHED,no deterministic Supabase slug/name/alias/media match
2538,Alternating dumbbell front raise,alternating-dumbbell-front-raise,664,Seated Dumbbell Front Raise,seated-dumbbell-front-raise,HIGH_CONFIDENCE,0.60,Shoulders,shoulders,Dumbbell,Dumbbell,,video/shoulders/videos/Seated Dumbbell Front Raise.mp4,HIGH_CONFIDENCE,context-constrained similarity score 0.60
2539,Alternating Deltoid Raise,alternating-deltoid-raise,,,,UNMATCHED,0.00,Shoulders,,Dumbbell,,,,UNMATCHED,no deterministic Supabase slug/name/alias/media match
2540,Single-dumbbell front raise,single-dumbbell-front-raise,664,Seated Dumbbell Front Raise,seated-dumbbell-front-raise,HIGH_CONFIDENCE,0.60,Shoulders,shoulders,Dumbbell,Dumbbell,,video/shoulders/videos/Seated Dumbbell Front Raise.mp4,HIGH_CONFIDENCE,context-constrained similarity score 0.60
2541,Arnold press,arnold-press,633,Arnold Press,arnold-press,EXACT_SLUG,1.00,Shoulders,shoulders,Dumbbell,Dumbbell,,video/shoulders/gif-female/Arnold Press femme.gif,CONFLICT,local derived slug equals Supabase slug; normalized local name equals normalized Supabase name; local alias equals Supabase name: arnold press; local alias equals Supabase slug: arnold press; incompatible category
2542,Single-arm standing shoulder press,single-arm-standing-shoulder-press,,,,UNMATCHED,0.00,Shoulders,,Dumbbell,,,,UNMATCHED,no deterministic Supabase slug/name/alias/media match
2543,Dumbbell front raise,dumbbell-front-raise,664,Seated Dumbbell Front Raise,seated-dumbbell-front-raise,HIGH_CONFIDENCE,0.75,Shoulders,shoulders,Dumbbell,Dumbbell,,video/shoulders/videos/Seated Dumbbell Front Raise.mp4,HIGH_CONFIDENCE,context-constrained similarity score 0.75
2544,Bent-over dumbbell rear delt row,bent-over-dumbbell-rear-delt-row,,,,UNMATCHED,0.00,Shoulders,,Dumbbell,,,,UNMATCHED,no deterministic Supabase slug/name/alias/media match
2545,Incline dumbbell front raise,incline-dumbbell-front-raise,664,Seated Dumbbell Front Raise,seated-dumbbell-front-raise,HIGH_CONFIDENCE,0.60,Shoulders,shoulders,Dumbbell,Dumbbell,,video/shoulders/videos/Seated Dumbbell Front Raise.mp4,HIGH_CONFIDENCE,context-constrained similarity score 0.60
2546,Side Lateral Raise,side-lateral-raise,649,Dumbbell Lateral Raise,dumbbell-lateral-raise,ALIAS_MEDIA_MATCH,0.99,Shoulders,shoulders,Dumbbell,Dumbbell,DB LATERAL RAISE.mp4,video/shoulders/videos/Dumbbell Lateral Raise.mp4,CONFLICT,local linked video filename equals Supabase media filename: DB LATERAL RAISE.mp4; multiple equal-confidence Supabase candidates
2547,Dumbbell external shoulder rotation,dumbbell-external-shoulder-rotation,,,,UNMATCHED,0.00,Shoulders,,Dumbbell,,,,UNMATCHED,no deterministic Supabase slug/name/alias/media match
2548,Single-arm incline lateral raise,single-arm-incline-lateral-raise,632,Incline Lateral Raise,incline-lateral-raise,HIGH_CONFIDENCE,0.60,Shoulders,shoulders,Dumbbell,Dumbbell,,video/shoulders/gif-female/Incline lateral raise femme.gif,HIGH_CONFIDENCE,context-constrained similarity score 0.60
2549,Seated rear delt fly,seated-rear-delt-fly,,,,UNMATCHED,0.00,Shoulders,,Dumbbell,,,,UNMATCHED,no deterministic Supabase slug/name/alias/media match
2550,Dumbbell Raise,dumbbell-raise,561,Dumbbell Calf Raise,dumbbell-calf-raise,REVIEW,0.67,Shoulders,full legs,Dumbbell,Dumbbell,,video/full legs/gif-male/dumbbell calf raise male.gif,CONFLICT,candidate similarity score 0.67; incompatible category
2551,Seated Side Lateral Raise,seated-side-lateral-raise,,,,UNMATCHED,0.00,Shoulders,,Dumbbell,,,,UNMATCHED,no deterministic Supabase slug/name/alias/media match
2552,Dumbbell Lying Rear Lateral Raise,dumbbell-lying-rear-lateral-raise,649,Dumbbell Lateral Raise,dumbbell-lateral-raise,HIGH_CONFIDENCE,0.60,Shoulders,shoulders,Dumbbell,Dumbbell,,video/shoulders/videos/Dumbbell Lateral Raise.mp4,CONFLICT,context-constrained similarity score 0.60; multiple equal-confidence Supabase candidates
2553,Head-on-bench dumbbell rear delt raise,head-on-bench-dumbbell-rear-delt-raise,,,,UNMATCHED,0.00,Shoulders,,Dumbbell,,,,UNMATCHED,no deterministic Supabase slug/name/alias/media match
2554,Cuban press,cuban-press,,,,UNMATCHED,0.00,Shoulders,,Dumbbell,,,,UNMATCHED,no deterministic Supabase slug/name/alias/media match
2555,Reverse Flyes With External Rotation,reverse-fly-with-external-rotation,,,,UNMATCHED,0.00,Shoulders,,Dumbbell,,,,UNMATCHED,no deterministic Supabase slug/name/alias/media match
2556,Single-arm side lying rear fly,single-arm-side-lying-rear-fly,,,,UNMATCHED,0.00,Shoulders,,Dumbbell,,,,UNMATCHED,no deterministic Supabase slug/name/alias/media match
2557,Single-arm dumbbell upright row,single-arm-dumbbell-upright-row,63,Single-Arm Dumbbell Row,single-arm-dumbbell-row,HIGH_CONFIDENCE,0.80,Shoulders,BACK and TRAPEZIUS,Dumbbell,Dumbbell,,video/BACK and TRAPEZIUS/gif-female/Single-arm row with bench support femme.gif,HIGH_CONFIDENCE,context-constrained similarity score 0.80
2558,Dumbbell Scaption,dumbbell-scaption,,,,UNMATCHED,0.00,Shoulders,,Dumbbell,,,,UNMATCHED,no deterministic Supabase slug/name/alias/media match
2559,See-Saw Press (Alternating Side Press),see-saw-press-alternating-side-press,,,,UNMATCHED,0.00,Shoulders,,Dumbbell,,,,UNMATCHED,no deterministic Supabase slug/name/alias/media match
2560,Dumbbell Incline Shoulder Raise,dumbbell-incline-shoulder-raise,665,Incline Bench Press Dumbbell Shoulder,incline-bench-press-dumbbell-shoulder,REVIEW,0.50,Shoulders,shoulders,Dumbbell,Dumbbell,,video/shoulders/videos/incline bench press dumbbell shoulder.mp4,CONFLICT,candidate similarity score 0.50; incompatible category
2561,Single-arm half-kneeling shoulder press,single-arm-half-kneeling-shoulder-press,,,,UNMATCHED,0.00,Shoulders,,Dumbbell,,,,UNMATCHED,no deterministic Supabase slug/name/alias/media match
2562,Dumbbell Clean And Jerk,dumbbell-clean-and-jerk,,,,UNMATCHED,0.00,Shoulders,,Dumbbell,,,,UNMATCHED,no deterministic Supabase slug/name/alias/media match
2563,Dumbbell shoulder press with body rotation,dumbbell-shoulder-press-with-body-rotation,609,Dumbbell Press Shoulder,dumbbell-press-shoulder,REVIEW,0.50,Shoulders,shoulders,Dumbbell,Dumbbell,,video/shoulders/gif-male/Dumbbell Press shoulder femme.gif,REVIEW,candidate similarity score 0.50
2564,Dumbbell Fix Dumbbell Military Press,dumbbell-fix-dumbbell-military-press,645,Dumbbell Press,dumbbell-press,REVIEW,0.50,Shoulders,shoulders,Dumbbell,Dumbbell,,video/shoulders/videos/DUMBBELL PRESS.mp4,CONFLICT,candidate similarity score 0.50; multiple equal-confidence Supabase candidates
2565,Dumbbell Fix Standing Dumbbell Arnold Press,dumbbell-fix-standing-dumbbell-arnold-press,,,,UNMATCHED,0.00,Shoulders,,Dumbbell,,,,UNMATCHED,no deterministic Supabase slug/name/alias/media match
2566,Dumbbell Fix Dumbbell Single-Arm Snatch,dumbbell-fix-dumbbell-single-arm-snatch,63,Single-Arm Dumbbell Row,single-arm-dumbbell-row,REVIEW,0.50,Shoulders,BACK and TRAPEZIUS,Dumbbell,Dumbbell,,video/BACK and TRAPEZIUS/gif-female/Single-arm row with bench support femme.gif,CONFLICT,candidate similarity score 0.50; incompatible category
2567,Paul Carter Rear-Delt Fly,paul-carter-rear-delt-fly,,,,UNMATCHED,0.00,Shoulders,,Dumbbell,,,,UNMATCHED,no deterministic Supabase slug/name/alias/media match
2568,FYR Dumbbell Shoulder Press,dumbbell-shoulder-press,609,Dumbbell Press Shoulder,dumbbell-press-shoulder,HIGH_CONFIDENCE,0.92,Shoulders,shoulders,Dumbbell,Dumbbell,,video/shoulders/gif-male/Dumbbell Press shoulder femme.gif,HIGH_CONFIDENCE,context-constrained similarity score 1.00
2569,FYR Single-Arm Dumbbell Press,single-arm-dumbbell-press,63,Single-Arm Dumbbell Row,single-arm-dumbbell-row,REVIEW,0.60,Shoulders,BACK and TRAPEZIUS,Dumbbell,Dumbbell,,video/BACK and TRAPEZIUS/gif-female/Single-arm row with bench support femme.gif,CONFLICT,candidate similarity score 0.60; incompatible category
2570,FYR Dumbbell Tempo L-Raise,dumbbell-tempo-l-raise,,,,UNMATCHED,0.00,Shoulders,,Dumbbell,,,,UNMATCHED,no deterministic Supabase slug/name/alias/media match
2571,Dumbbell seesaw shoulder press,dumbbell-seesaw-shoulder-press,609,Dumbbell Press Shoulder,dumbbell-press-shoulder,HIGH_CONFIDENCE,0.75,Shoulders,shoulders,Dumbbell,Dumbbell,,video/shoulders/gif-male/Dumbbell Press shoulder femme.gif,HIGH_CONFIDENCE,context-constrained similarity score 0.75
2572,FYR Dumbbell front raise to lateral raise,dumbbell-front-raise-to-lateral-raise,649,Dumbbell Lateral Raise,dumbbell-lateral-raise,HIGH_CONFIDENCE,0.60,Shoulders,shoulders,Dumbbell,Dumbbell,,video/shoulders/videos/Dumbbell Lateral Raise.mp4,CONFLICT,context-constrained similarity score 0.60; multiple equal-confidence Supabase candidates
2573,FYR Dumbbell Arnold Press,dumbbell-arnold-press,633,Arnold Press,arnold-press,HIGH_CONFIDENCE,0.67,Shoulders,shoulders,Dumbbell,Dumbbell,,video/shoulders/gif-female/Arnold Press femme.gif,CONFLICT,context-constrained similarity score 0.67; multiple equal-confidence Supabase candidates
2574,FYR Dumbbell Military Press to Dumbbell High Pull to V-up,dumbbell-military-press-to-dumbbell-high-pull-to-v-up,,,,UNMATCHED,0.00,Shoulders,,Dumbbell,,,,UNMATCHED,no deterministic Supabase slug/name/alias/media match
2575,FYR Dumbbell Thruster,dumbbell-thruster,,,,UNMATCHED,0.00,Shoulders,,Dumbbell,,,,UNMATCHED,no deterministic Supabase slug/name/alias/media match
2576,Dumbbell hang snatch,dumbbell-hang-snatch,,,,UNMATCHED,0.00,Shoulders,,Dumbbell,,,,UNMATCHED,no deterministic Supabase slug/name/alias/media match
2577,Surfer sprawl,surfer-sprawl,,,,UNMATCHED,0.00,Shoulders,,Dumbbell,,,,UNMATCHED,no deterministic Supabase slug/name/alias/media match
2578,Dumbbell clean and press,dumbbell-clean-and-press,645,Dumbbell Press,dumbbell-press,REVIEW,0.50,Shoulders,shoulders,Dumbbell,Dumbbell,,video/shoulders/videos/DUMBBELL PRESS.mp4,REVIEW,candidate similarity score 0.50
2579,Standing One-Arm Shoulder Press - Gethin Variation,standing-single-arm-shoulder-press,,,,UNMATCHED,0.00,Shoulders,,Dumbbell,,,,UNMATCHED,no deterministic Supabase slug/name/alias/media match
2580,Incline Front Dumbbell Raise - Gethin Variation,incline-front-dumbbell-raise,664,Seated Dumbbell Front Raise,seated-dumbbell-front-raise,HIGH_CONFIDENCE,0.60,Shoulders,shoulders,Dumbbell,Dumbbell,,video/shoulders/videos/Seated Dumbbell Front Raise.mp4,HIGH_CONFIDENCE,context-constrained similarity score 0.60
2581,Dumbbell lateral raise,dumbbell-lateral-raise,649,Dumbbell Lateral Raise,dumbbell-lateral-raise,EXACT_SLUG,1.00,Shoulders,shoulders,Dumbbell,Dumbbell,,video/shoulders/videos/Dumbbell Lateral Raise.mp4,CONFLICT,local derived slug equals Supabase slug; normalized local name equals normalized Supabase name; local alias equals Supabase name: dumbbell lateral raise; local alias equals Supabase slug: dumbbell lateral raise; multiple equal-confidence Supabase candidates
2582,Incline Rear-Delt Fly - Gethin Variation,incline-rear-delt-fly,,,,UNMATCHED,0.00,Shoulders,,Dumbbell,,,,UNMATCHED,no deterministic Supabase slug/name/alias/media match
2583,Incline Bench Rear Dumbbell Fly - Gethin Variation,incline-bench-rear-dumbbell-fly,209,Incline Dumbbell Fly,incline-dumbbell-fly,HIGH_CONFIDENCE,0.60,Shoulders,Chest,Dumbbell,Dumbbell,,video/Chest/gif-male/Crucifixo inclinado com halteres male.gif,HIGH_CONFIDENCE,context-constrained similarity score 0.60
2584,Dumbbell front raise and press,dumbbell-front-raise-and-press,664,Seated Dumbbell Front Raise,seated-dumbbell-front-raise,REVIEW,0.50,Shoulders,shoulders,Dumbbell,Dumbbell,,video/shoulders/videos/Seated Dumbbell Front Raise.mp4,REVIEW,candidate similarity score 0.50
2585,Rotator cuff warm-up,rotator-cuff-warm-up,,,,UNMATCHED,0.00,Shoulders,,Dumbbell,,,,UNMATCHED,no deterministic Supabase slug/name/alias/media match
2586,Seated Lateral Raise - Gethin Variation,seated-lateral-raise,610,Cable Lateral Raise,cable-lateral-raise,REVIEW,0.50,Shoulders,shoulders,Dumbbell,Cable,,video/shoulders/gif-female/Cable lateral raise femme.gif,CONFLICT,candidate similarity score 0.50; incompatible  equipment
2587,Single-arm dumbbell arc row,single-arm-dumbbell-arc-row,63,Single-Arm Dumbbell Row,single-arm-dumbbell-row,HIGH_CONFIDENCE,0.80,Shoulders,BACK and TRAPEZIUS,Dumbbell,Dumbbell,,video/BACK and TRAPEZIUS/gif-female/Single-arm row with bench support femme.gif,HIGH_CONFIDENCE,context-constrained similarity score 0.80
2588,Incline Rear Delt Raises - Gethin Variation,incline-rear-delt-raise,663,Rear Delt,rear-delt,REVIEW,0.50,Shoulders,shoulders,Dumbbell,Machine,,video/shoulders/videos/Rear Delt.mp4,CONFLICT,candidate similarity score 0.50; incompatible  equipment
2589,Incline Dumbbell Y Raise,incline-dumbbell-y-raise,,,,UNMATCHED,0.00,Shoulders,,Dumbbell,,,,UNMATCHED,no deterministic Supabase slug/name/alias/media match
2590,HM Bent-Over Rear-Delt Fly,hm-bent-over-rear-delt-fly,,,,UNMATCHED,0.00,Shoulders,,Dumbbell,,,,UNMATCHED,no deterministic Supabase slug/name/alias/media match
2591,HM Dumbbell Shoulder Press,hm-dumbbell-shoulder-press,609,Dumbbell Press Shoulder,dumbbell-press-shoulder,HIGH_CONFIDENCE,0.75,Shoulders,shoulders,Dumbbell,Dumbbell,,video/shoulders/gif-male/Dumbbell Press shoulder femme.gif,HIGH_CONFIDENCE,context-constrained similarity score 0.75
2592,HM Single-Leg Overhead Dumbbell Press,hm-single-leg-overhead-dumbbell-press,,,,UNMATCHED,0.00,Shoulders,,Dumbbell,,,,UNMATCHED,no deterministic Supabase slug/name/alias/media match
2593,6 Way Shoulder Raise,6-way-shoulder-raise,,,,UNMATCHED,0.00,Shoulders,,Dumbbell,,,,UNMATCHED,no deterministic Supabase slug/name/alias/media match
2594,Seated dumbbell lateral raise,seated-dumbbell-lateral-raise,649,Dumbbell Lateral Raise,dumbbell-lateral-raise,HIGH_CONFIDENCE,0.75,Shoulders,shoulders,Dumbbell,Dumbbell,,video/shoulders/videos/Dumbbell Lateral Raise.mp4,CONFLICT,context-constrained similarity score 0.75; multiple equal-confidence Supabase candidates
2595,AM Dumbbell Shoulder Press,dumbbell-shoulder-press,609,Dumbbell Press Shoulder,dumbbell-press-shoulder,HIGH_CONFIDENCE,0.92,Shoulders,shoulders,Dumbbell,Dumbbell,,video/shoulders/gif-male/Dumbbell Press shoulder femme.gif,HIGH_CONFIDENCE,context-constrained similarity score 1.00
2596,AM Dumbbell Side Raise,dumbbell-side-raise,561,Dumbbell Calf Raise,dumbbell-calf-raise,REVIEW,0.50,Shoulders,full legs,Dumbbell,Dumbbell,,video/full legs/gif-male/dumbbell calf raise male.gif,CONFLICT,candidate similarity score 0.50; incompatible category
2597,AM Front Raise,front-raise,612,Seated Front Raise,seated-front-raise,REVIEW,0.67,Shoulders,shoulders,Dumbbell,Bodyweight,,video/shoulders/gif-female/Seated front raise femme.gif,CONFLICT,candidate similarity score 0.67; incompatible  equipment
2598,UP Dumbbell Lateral Raise,up-dumbbell-lateral-raise,649,Dumbbell Lateral Raise,dumbbell-lateral-raise,HIGH_CONFIDENCE,0.75,Shoulders,shoulders,Dumbbell,Dumbbell,,video/shoulders/videos/Dumbbell Lateral Raise.mp4,CONFLICT,context-constrained similarity score 0.75; multiple equal-confidence Supabase candidates
2599,UP Seated Dumbbell Overhead Press,up-seated-dumbbell-overhead-press,637,Seated Dumbbell Press Shoulder,seated-dumbbell-press-shoulder,REVIEW,0.50,Shoulders,shoulders,Dumbbell,Dumbbell,,video/shoulders/gif-male/seated dumbbell press shoulder male.gif,REVIEW,candidate similarity score 0.50
2600,AA Incline Bench Dumbbell Reverse Fly,aa-incline-bench-dumbbell-reverse-fly,619,Incline Bench Reverse Fly,incline-bench-reverse-fly,HIGH_CONFIDENCE,0.67,Shoulders,shoulders,Dumbbell,Dumbbell,,video/shoulders/gif-male/incline bench reverse fly male.gif,HIGH_CONFIDENCE,context-constrained similarity score 0.67
2601,CM Forward Shoulder Press,cm-forward-shoulder-press,,,,UNMATCHED,0.00,Shoulders,,Dumbbell,,,,UNMATCHED,no deterministic Supabase slug/name/alias/media match
2602,Dumbbell Halo,dumbbell-halo,,,,UNMATCHED,0.00,Shoulders,,Dumbbell,,,,UNMATCHED,no deterministic Supabase slug/name/alias/media match
2603,Standing Dumbbell Scap Raise,standing-dumbbell-scap-raise,,,,UNMATCHED,0.00,Shoulders,,Dumbbell,,,,UNMATCHED,no deterministic Supabase slug/name/alias/media match
2604,Holman Overhead Press,holman-overhead-press,654,Overhead Press Shoulder,overhead-press-shoulder,REVIEW,0.50,Shoulders,shoulders,Dumbbell,Bodyweight,,video/shoulders/videos/Overhead Press shoulder.mp4,CONFLICT,candidate similarity score 0.50; incompatible  equipment
2605,Holman Slow Weighted Half Jack to Overhead Press,holman-slow-weighted-half-jack-to-overhead-press,,,,UNMATCHED,0.00,Shoulders,,Dumbbell,,,,UNMATCHED,no deterministic Supabase slug/name/alias/media match
2606,Holman Slow Arnold Press,holman-slow-arnold-press,633,Arnold Press,arnold-press,REVIEW,0.50,Shoulders,shoulders,Dumbbell,Dumbbell,,video/shoulders/gif-female/Arnold Press femme.gif,REVIEW,candidate similarity score 0.50
2607,Holman Boat Arnold Press with Feet Push-Out,holman-boat-arnold-press-with-feet-push-out,,,,UNMATCHED,0.00,Shoulders,,Dumbbell,,,,UNMATCHED,no deterministic Supabase slug/name/alias/media match
2608,Holman Dumbbell Hip Drive to Overhead Press,holman-dumbbell-hip-drive-to-overhead-press,,,,UNMATCHED,0.00,Shoulders,,Dumbbell,,,,UNMATCHED,no deterministic Supabase slug/name/alias/media match
2609,Holman Squat Thrust to Alternating Renegade Triceps Press,holman-squat-thrust-to-alternating-renegade-triceps-press,,,,UNMATCHED,0.00,Shoulders,,Dumbbell,,,,UNMATCHED,no deterministic Supabase slug/name/alias/media match
2610,Holman Cheer Press,holman-cheer-press,,,,UNMATCHED,0.00,Shoulders,,Dumbbell,,,,UNMATCHED,no deterministic Supabase slug/name/alias/media match
2611,Holman Left Arm Press with Right Arm Hold,holman-left-arm-press-with-right-arm-hold,,,,UNMATCHED,0.00,Shoulders,,Dumbbell,,,,UNMATCHED,no deterministic Supabase slug/name/alias/media match
2612,Holman Right Arm Press with Left Arm Hold,holman-right-arm-press-with-left-arm-hold,,,,UNMATCHED,0.00,Shoulders,,Dumbbell,,,,UNMATCHED,no deterministic Supabase slug/name/alias/media match
2613,Holman Left Front Raise with Right Hold,holman-left-front-raise-with-right-hold,,,,UNMATCHED,0.00,Shoulders,,Dumbbell,,,,UNMATCHED,no deterministic Supabase slug/name/alias/media match
2614,Holman Right Front Raise with Left Hold,holman-right-front-raise-with-left-hold,,,,UNMATCHED,0.00,Shoulders,,Dumbbell,,,,UNMATCHED,no deterministic Supabase slug/name/alias/media match
2615,Holman Alternating Front Raise to Side Raise,holman-alternating-front-raise-to-side-raise,,,,UNMATCHED,0.00,Shoulders,,Dumbbell,,,,UNMATCHED,no deterministic Supabase slug/name/alias/media match
2616,Holman Heavy Right Arm Overhead Press,holman-heavy-right-arm-overhead-press,,,,UNMATCHED,0.00,Shoulders,,Dumbbell,,,,UNMATCHED,no deterministic Supabase slug/name/alias/media match
2617,Holman Heavy Left Arm Overhead Press,holman-heavy-left-arm-overhead-press,,,,UNMATCHED,0.00,Shoulders,,Dumbbell,,,,UNMATCHED,no deterministic Supabase slug/name/alias/media match
2618,Holman Right Arm Heavy Overhead Press,holman-right-arm-heavy-overhead-press,,,,UNMATCHED,0.00,Shoulders,,Dumbbell,,,,UNMATCHED,no deterministic Supabase slug/name/alias/media match
2619,Holman Right Diagonal Lunge to Overhead Press,holman-right-diagonal-lunge-to-overhead-press,,,,UNMATCHED,0.00,Shoulders,,Dumbbell,,,,UNMATCHED,no deterministic Supabase slug/name/alias/media match
2620,Holman Left Arm Heavy Overhead Press,holman-left-arm-heavy-overhead-press,,,,UNMATCHED,0.00,Shoulders,,Dumbbell,,,,UNMATCHED,no deterministic Supabase slug/name/alias/media match
2621,Holman Weighted Palms-In Overhead Press,holman-weighted-palms-in-overhead-press,,,,UNMATCHED,0.00,Shoulders,,Dumbbell,,,,UNMATCHED,no deterministic Supabase slug/name/alias/media match
2622,Dumbbell racked carry,dumbbell-racked-carry,,,,UNMATCHED,0.00,Shoulders,,Dumbbell,,,,UNMATCHED,no deterministic Supabase slug/name/alias/media match
2623,Dumbbell clean and push-press,dumbbell-clean-and-push-press,,,,UNMATCHED,0.00,Shoulders,,Dumbbell,,,,UNMATCHED,no deterministic Supabase slug/name/alias/media match
2624,Total Fitness Dumbbell Farmer's Carry,total-fitness-dumbbell-farmer-s-carry,,,,UNMATCHED,0.00,Shoulders,,Dumbbell,,,,UNMATCHED,no deterministic Supabase slug/name/alias/media match
2625,Single-arm dumbbell racked carry,single-arm-dumbbell-racked-carry,63,Single-Arm Dumbbell Row,single-arm-dumbbell-row,REVIEW,0.50,Shoulders,BACK and TRAPEZIUS,Dumbbell,Dumbbell,,video/BACK and TRAPEZIUS/gif-female/Single-arm row with bench support femme.gif,CONFLICT,candidate similarity score 0.50; incompatible category
2626,Jordan Shallow Dumbbell Pull-Over,jordan-shallow-dumbbell-pullover,203,Dumbbell Pullover,dumbbell-pullover,REVIEW,0.50,Shoulders,Chest,Dumbbell,Dumbbell,,video/Chest/gif-male/dumbbell-pullover male.gif,REVIEW,candidate similarity score 0.50
2627,King Maker Dumbbell Lateral Raise,king-maker-dumbbell-lateral-raise,649,Dumbbell Lateral Raise,dumbbell-lateral-raise,HIGH_CONFIDENCE,0.60,Shoulders,shoulders,Dumbbell,Dumbbell,,video/shoulders/videos/Dumbbell Lateral Raise.mp4,CONFLICT,context-constrained similarity score 0.60; multiple equal-confidence Supabase candidates
2628,Dumbbell shadow boxing,dumbbell-shadow-boxing,,,,UNMATCHED,0.00,Shoulders,,Dumbbell,,,,UNMATCHED,no deterministic Supabase slug/name/alias/media match
2629,King Maker Dumbbell Farmer's Carry,king-maker-dumbbell-farmer-s-carry,,,,UNMATCHED,0.00,Shoulders,,Dumbbell,,,,UNMATCHED,no deterministic Supabase slug/name/alias/media match
2630,King Maker Dumbbell Shrug,king-maker-dumbbell-shrug,96,Dumbbell Shrug,dumbbell-shrug,REVIEW,0.50,Shoulders,BACK and TRAPEZIUS,Dumbbell,Dumbbell,,video/BACK and TRAPEZIUS/gif-male/dumbbell shrug male.gif,REVIEW,candidate similarity score 0.50
2631,30 Shoulders Alternating Dumbbell Front Raise,alternating-dumbbell-front-raise,664,Seated Dumbbell Front Raise,seated-dumbbell-front-raise,HIGH_CONFIDENCE,0.60,Shoulders,shoulders,Dumbbell,Dumbbell,,video/shoulders/videos/Seated Dumbbell Front Raise.mp4,HIGH_CONFIDENCE,context-constrained similarity score 0.60
2632,30 Shoulders Bent-Over Dumbbell Reverse Fly,bent-over-dumbbell-reverse-fly,60,Dumbbell Reverse Fly,dumbbell-reverse-fly,REVIEW,0.60,Shoulders,BACK and TRAPEZIUS|shoulders,Dumbbell,Dumbbell,,video/BACK and TRAPEZIUS/gif-female/Dumbbell Reverse Fly femme.gif,CONFLICT,candidate similarity score 0.60; incompatible category
2633,30 Shoulders Dumbbell Front Raise,dumbbell-front-raise,664,Seated Dumbbell Front Raise,seated-dumbbell-front-raise,HIGH_CONFIDENCE,0.75,Shoulders,shoulders,Dumbbell,Dumbbell,,video/shoulders/videos/Seated Dumbbell Front Raise.mp4,HIGH_CONFIDENCE,context-constrained similarity score 0.75
2634,30 Shoulders Dumbbell Lateral Raise,dumbbell-lateral-raise,649,Dumbbell Lateral Raise,dumbbell-lateral-raise,EXACT_SLUG,1.00,Shoulders,shoulders,Dumbbell,Dumbbell,,video/shoulders/videos/Dumbbell Lateral Raise.mp4,CONFLICT,local derived slug equals Supabase slug; normalized local name equals normalized Supabase name; local alias equals Supabase name: dumbbell lateral raise; local alias equals Supabase slug: dumbbell lateral raise; multiple equal-confidence Supabase candidates
2635,30 Shoulders Dumbbell Shrug,dumbbell-shrug,96,Dumbbell Shrug,dumbbell-shrug,EXACT_SLUG,1.00,Shoulders,BACK and TRAPEZIUS,Dumbbell,Dumbbell,traps.mp4,video/BACK and TRAPEZIUS/gif-male/dumbbell shrug male.gif,VERIFIED,local derived slug equals Supabase slug; normalized local name equals normalized Supabase name; local alias equals Supabase name: dumbbell shrug; local alias equals Supabase slug: dumbbell shrug
2636,30 Shoulders Incline Face-Down Dumbbell Reverse Fly,incline-face-down-dumbbell-reverse-fly,60,Dumbbell Reverse Fly,dumbbell-reverse-fly,REVIEW,0.50,Shoulders,BACK and TRAPEZIUS|shoulders,Dumbbell,Dumbbell,,video/BACK and TRAPEZIUS/gif-female/Dumbbell Reverse Fly femme.gif,CONFLICT,candidate similarity score 0.50; incompatible category
2637,30 Shoulders Seated Dumbbell Front Raise,seated-dumbbell-front-raise,664,Seated Dumbbell Front Raise,seated-dumbbell-front-raise,EXACT_SLUG,1.00,Shoulders,shoulders,Dumbbell,Dumbbell,,video/shoulders/videos/Seated Dumbbell Front Raise.mp4,VERIFIED,local derived slug equals Supabase slug; normalized local name equals normalized Supabase name; local alias equals Supabase name: seated dumbbell front raise; local alias equals Supabase slug: seated dumbbell front raise
2638,30 Shoulders Seated Dumbbell Side Raise,seated-dumbbell-side-raise,524,Seated Calf Raise Dumbbell,seated-calf-raise-dumbbell,REVIEW,0.60,Shoulders,full legs,Dumbbell,Dumbbell,,video/full legs/gif-male/seated-calf-raise-dumbbell male.gif,CONFLICT,candidate similarity score 0.60; incompatible category
2639,30 Shoulders Neutral-Grip Arnold Press,neutral-grip-arnold-press,633,Arnold Press,arnold-press,REVIEW,0.50,Shoulders,shoulders,Dumbbell,Dumbbell,,video/shoulders/gif-female/Arnold Press femme.gif,REVIEW,candidate similarity score 0.50
2640,30 Shoulders Standing Dumbbell Upright Row,standing-dumbbell-upright-row,98,Dumbbell Upright Row,dumbbell-upright-row,HIGH_CONFIDENCE,0.75,Shoulders,BACK and TRAPEZIUS,Dumbbell,Dumbbell,,video/BACK and TRAPEZIUS/gif-male/Dumbbell upright row male.gif,HIGH_CONFIDENCE,context-constrained similarity score 0.75
2641,MetaBurn 3-Way Shoulder Raise,metaburn-3-way-shoulder-raise,,,,UNMATCHED,0.00,Shoulders,,Dumbbell,,,,UNMATCHED,no deterministic Supabase slug/name/alias/media match
2642,MetaBurn Dumbbell Overhead Press,metaburn-dumbbell-overhead-press,645,Dumbbell Press,dumbbell-press,REVIEW,0.50,Shoulders,shoulders,Dumbbell,Dumbbell,,video/shoulders/videos/DUMBBELL PRESS.mp4,REVIEW,candidate similarity score 0.50
2643,MetaBurn Single-Leg Arnold Press,metaburn-single-leg-arnold-press,,,,UNMATCHED,0.00,Shoulders,,Dumbbell,,,,UNMATCHED,no deterministic Supabase slug/name/alias/media match
2644,RG Forward-Leaning Dumbbell Upright Row,rg-forward-leaning-dumbbell-upright-row,98,Dumbbell Upright Row,dumbbell-upright-row,REVIEW,0.50,Shoulders,BACK and TRAPEZIUS,Dumbbell,Dumbbell,,video/BACK and TRAPEZIUS/gif-male/Dumbbell upright row male.gif,REVIEW,candidate similarity score 0.50
2645,RG Alternating Seated Dumbbell Lateral Raise,rg-alternating-seated-dumbbell-lateral-raise,649,Dumbbell Lateral Raise,dumbbell-lateral-raise,REVIEW,0.50,Shoulders,shoulders,Dumbbell,Dumbbell,,video/shoulders/videos/Dumbbell Lateral Raise.mp4,CONFLICT,candidate similarity score 0.50; multiple equal-confidence Supabase candidates
2646,RG Seated Dumbbell Shoulder Press,rg-seated-dumbbell-shoulder-press,637,Seated Dumbbell Press Shoulder,seated-dumbbell-press-shoulder,HIGH_CONFIDENCE,0.80,Shoulders,shoulders,Dumbbell,Dumbbell,,video/shoulders/gif-male/seated dumbbell press shoulder male.gif,HIGH_CONFIDENCE,context-constrained similarity score 0.80
2647,FYR2 Dumbbell Clean and Jerk,dumbbell-clean-and-jerk,,,,UNMATCHED,0.00,Shoulders,,Dumbbell,,,,UNMATCHED,no deterministic Supabase slug/name/alias/media match
2648,FYR2 Dumbbell Cross-Body Front Raise,dumbbell-cross-body-front-raise,664,Seated Dumbbell Front Raise,seated-dumbbell-front-raise,REVIEW,0.50,Shoulders,shoulders,Dumbbell,Dumbbell,,video/shoulders/videos/Seated Dumbbell Front Raise.mp4,REVIEW,candidate similarity score 0.50
2649,FYR2 Dumbbell Front Raise,dumbbell-front-raise,664,Seated Dumbbell Front Raise,seated-dumbbell-front-raise,HIGH_CONFIDENCE,0.75,Shoulders,shoulders,Dumbbell,Dumbbell,,video/shoulders/videos/Seated Dumbbell Front Raise.mp4,HIGH_CONFIDENCE,context-constrained similarity score 0.75
2650,FYR2 Dumbbell Lateral Raise,dumbbell-lateral-raise,649,Dumbbell Lateral Raise,dumbbell-lateral-raise,EXACT_SLUG,1.00,Shoulders,shoulders,Dumbbell,Dumbbell,,video/shoulders/videos/Dumbbell Lateral Raise.mp4,CONFLICT,local derived slug equals Supabase slug; normalized local name equals normalized Supabase name; local alias equals Supabase name: dumbbell lateral raise; local alias equals Supabase slug: dumbbell lateral raise; multiple equal-confidence Supabase candidates
2651,FYR2 Lateral Raise Hold,lateral-raise-hold,610,Cable Lateral Raise,cable-lateral-raise,REVIEW,0.50,Shoulders,shoulders,Dumbbell,Cable,,video/shoulders/gif-female/Cable lateral raise femme.gif,CONFLICT,candidate similarity score 0.50; incompatible  equipment
2652,FYR2 Seesaw Dumbbell Military Press,seesaw-dumbbell-military-press,645,Dumbbell Press,dumbbell-press,REVIEW,0.50,Shoulders,shoulders,Dumbbell,Dumbbell,,video/shoulders/videos/DUMBBELL PRESS.mp4,CONFLICT,candidate similarity score 0.50; multiple equal-confidence Supabase candidates
2653,FYR2 Single-Dumbbell Halo,single-dumbbell-halo,,,,UNMATCHED,0.00,Shoulders,,Dumbbell,,,,UNMATCHED,no deterministic Supabase slug/name/alias/media match
2654,FYR2 Single-Dumbbell Overhead Press,single-dumbbell-overhead-press,645,Dumbbell Press,dumbbell-press,REVIEW,0.50,Shoulders,shoulders,Dumbbell,Dumbbell,,video/shoulders/videos/DUMBBELL PRESS.mp4,REVIEW,candidate similarity score 0.50
2655,Car driver,car-driver,,,,UNMATCHED,0.00,Shoulders,,Other,,,,UNMATCHED,no deterministic Supabase slug/name/alias/media match
2656,Arnold press,arnold-press,633,Arnold Press,arnold-press,EXACT_SLUG,1.00,Shoulders,shoulders,Dumbbell,Dumbbell,,video/shoulders/gif-female/Arnold Press femme.gif,VERIFIED,local derived slug equals Supabase slug; normalized local name equals normalized Supabase name
2657,Front Plate Raise,front-plate-raise,612,Seated Front Raise,seated-front-raise,REVIEW,0.50,Shoulders,shoulders,Other,Bodyweight,,video/shoulders/gif-female/Seated front raise femme.gif,CONFLICT,candidate similarity score 0.50; incompatible  equipment
2658,Battle ropes,battle-ropes,,,,UNMATCHED,0.00,Shoulders,,Other,,,,UNMATCHED,no deterministic Supabase slug/name/alias/media match
2659,Seated rear delt fly,seated-rear-delt-fly,,,,UNMATCHED,0.00,Shoulders,,Dumbbell,,,,UNMATCHED,no deterministic Supabase slug/name/alias/media match
2660,Circus Bell,circus-bell,,,,UNMATCHED,0.00,Shoulders,,Other,,,,UNMATCHED,no deterministic Supabase slug/name/alias/media match
2661,Landmine Linear Jammer,landmine-linear-jammer,,,,UNMATCHED,0.00,Shoulders,,Other,,,,UNMATCHED,no deterministic Supabase slug/name/alias/media match
2662,Crucifix,crucifix,,,,UNMATCHED,0.00,Shoulders,,Other,,,,UNMATCHED,no deterministic Supabase slug/name/alias/media match
2663,Bar shoulder extension stretch,bar-shoulder-extension-stretch,,,,UNMATCHED,0.00,Shoulders,,Other,,,,UNMATCHED,no deterministic Supabase slug/name/alias/media match
2664,Chair Upper Body Stretch,chair-upper-body-stretch,,,,UNMATCHED,0.00,Shoulders,,Other,,,,UNMATCHED,no deterministic Supabase slug/name/alias/media match
2665,Sled Reverse Flye,sled-reverse-flye,,,,UNMATCHED,0.00,Shoulders,,Other,,,,UNMATCHED,no deterministic Supabase slug/name/alias/media match
2666,Plate shoulder circle big to small,plate-shoulder-circle-big-to-small,,,,UNMATCHED,0.00,Shoulders,,Other,,,,UNMATCHED,no deterministic Supabase slug/name/alias/media match
2667,Sled Overhead Backward Walk,sled-overhead-backward-walk,,,,UNMATCHED,0.00,Shoulders,,Other,,,,UNMATCHED,no deterministic Supabase slug/name/alias/media match
2668,Log Lift,log-lift,,,,UNMATCHED,0.00,Shoulders,,Other,,,,UNMATCHED,no deterministic Supabase slug/name/alias/media match
2669,Standing suspended rear delt fly,standing-suspended-rear-delt-fly,,,,UNMATCHED,0.00,Shoulders,,Other,,,,UNMATCHED,no deterministic Supabase slug/name/alias/media match
2670,Waiter's carry,waiter-s-carry,,,,UNMATCHED,0.00,Shoulders,,Other,,,,UNMATCHED,no deterministic Supabase slug/name/alias/media match
2671,Towel dumbbell front raise,towel-dumbbell-front-raise,664,Seated Dumbbell Front Raise,seated-dumbbell-front-raise,REVIEW,0.60,Shoulders,shoulders,Other,Dumbbell,,video/shoulders/videos/Seated Dumbbell Front Raise.mp4,CONFLICT,candidate similarity score 0.60; incompatible  equipment
2672,Reach-roll-lift combo,reach-roll-lift-combo,,,,UNMATCHED,0.00,Shoulders,,Other,,,,UNMATCHED,no deterministic Supabase slug/name/alias/media match
2673,Upright Row - Gethin Variation,upright-row,73,Barbell Upright Row,barbell-upright-row,REVIEW,0.67,Shoulders,BACK and TRAPEZIUS,Other,Barbell,traps.mp4,video/BACK and TRAPEZIUS/gif-male/Barbell upright row male.gif,CONFLICT,candidate similarity score 0.67; incompatible  equipment
2674,Squat Press Shoulder Press - Gethin Variation,squat-press-shoulder-press,609,Dumbbell Press Shoulder,dumbbell-press-shoulder,REVIEW,0.50,Shoulders,shoulders,Other,Dumbbell,,video/shoulders/gif-male/Dumbbell Press shoulder femme.gif,CONFLICT,candidate similarity score 0.50; incompatible  equipment
2675,Plate lateral raise,plate-lateral-raise,610,Cable Lateral Raise,cable-lateral-raise,REVIEW,0.50,Shoulders,shoulders,Other,Cable,,video/shoulders/gif-female/Cable lateral raise femme.gif,CONFLICT,candidate similarity score 0.50; incompatible  equipment
2676,Standing Military Press - Gethin Variation,standing-military-press,648,Military Press,military-press,REVIEW,0.67,Shoulders,shoulders,Other,Barbell,,video/shoulders/videos/Military Press.mp4,CONFLICT,candidate similarity score 0.67; incompatible  equipment
2677,Bent-over plate rear delt raise,bent-over-plate-rear-delt-raise,,,,UNMATCHED,0.00,Shoulders,,Other,,,,UNMATCHED,no deterministic Supabase slug/name/alias/media match
2678,Single-arm landmine press,single-arm-landmine-press,,,,UNMATCHED,0.00,Shoulders,,Other,,,,UNMATCHED,no deterministic Supabase slug/name/alias/media match
2679,Plate front raise,plate-front-raise,612,Seated Front Raise,seated-front-raise,REVIEW,0.50,Shoulders,shoulders,Other,Bodyweight,,video/shoulders/gif-female/Seated front raise femme.gif,CONFLICT,candidate similarity score 0.50; incompatible  equipment
2680,Holman Slow Overhead Press,holman-slow-overhead-press,,,,UNMATCHED,0.00,Shoulders,,Other,,,,UNMATCHED,no deterministic Supabase slug/name/alias/media match
2681,30 Shoulders Plate Front Raise,plate-front-raise,612,Seated Front Raise,seated-front-raise,REVIEW,0.50,Shoulders,shoulders,Other,Bodyweight,,video/shoulders/gif-female/Seated front raise femme.gif,CONFLICT,candidate similarity score 0.50; incompatible  equipment
2682,Single-arm landmine push-press,single-arm-landmine-push-press,,,,UNMATCHED,0.00,Shoulders,,Other,,,,UNMATCHED,no deterministic Supabase slug/name/alias/media match
2683,Single-arm cable front raise,single-arm-cable-front-raise,137,Single-Arm Cable Pulldown,single-arm-cable-pulldown,REVIEW,0.50,Shoulders,BACK and TRAPEZIUS,Cable,Cable,,video/BACK and TRAPEZIUS/gif-male/Single-arm cable pulldown bunch male.gif,CONFLICT,candidate similarity score 0.50; incompatible category
2684,Cable Internal Rotation,cable-internal-rotation,630,Shoulder Internal Rotation,shoulder-internal-rotation,REVIEW,0.50,Shoulders,shoulders,Cable,Dumbbell,,video/shoulders/gif-female/Shoulder Internal Rotation femme.gif,CONFLICT,candidate similarity score 0.50; incompatible  equipment
2685,Seated face pull,seated-face-pull,653,Seated Face Pull,seated-face-pull,EXACT_SLUG,1.00,Shoulders,shoulders,Cable,Cable,,video/shoulders/videos/Seated Face Pull.mp4,VERIFIED,local derived slug equals Supabase slug; normalized local name equals normalized Supabase name; local alias equals Supabase name: seated face pull; local alias equals Supabase slug: seated face pull
2686,Single-arm bent-over cable rear delt fly,single-arm-bent-over-cable-rear-delt-fly,84,Cable Rear Delt Fly,cable-rear-delt-fly,REVIEW,0.50,Shoulders,BACK and TRAPEZIUS,Cable,Cable,,video/BACK and TRAPEZIUS/gif-male/cable-rear-delt-fly  male.gif,CONFLICT,candidate similarity score 0.50; incompatible category
2687,Seated cable shoulder press,seated-cable-shoulder-press,637,Seated Dumbbell Press Shoulder,seated-dumbbell-press-shoulder,REVIEW,0.60,Shoulders,shoulders,Cable,Dumbbell,,video/shoulders/gif-male/seated dumbbell press shoulder male.gif,CONFLICT,candidate similarity score 0.60; incompatible  equipment
2688,Standing face pull,standing-face-pull,83,Cable Face Pull,cable-face-pull,REVIEW,0.50,Shoulders,BACK and TRAPEZIUS,Cable,Cable,,video/BACK and TRAPEZIUS/gif-male/cable-face-pull  male.gif,CONFLICT,candidate similarity score 0.50; incompatible category
2689,Standing cable rear delt row,standing-cable-rear-delt-row,148,Standing Cable Row,standing-cable-row,HIGH_CONFIDENCE,0.60,Shoulders,BACK and TRAPEZIUS,Cable,Cable,,video/BACK and TRAPEZIUS/gif-male/standing-cable-row male.gif,HIGH_CONFIDENCE,context-constrained similarity score 0.60
2690,Standing Low-Pulley Deltoid Raise,standing-low-pulley-deltoid-raise,,,,UNMATCHED,0.00,Shoulders,,Cable,,,,UNMATCHED,no deterministic Supabase slug/name/alias/media match
2691,Standing crossed-cable rear delt fly,standing-crossed-cable-rear-delt-fly,84,Cable Rear Delt Fly,cable-rear-delt-fly,REVIEW,0.67,Shoulders,BACK and TRAPEZIUS,Cable,Cable,,video/BACK and TRAPEZIUS/gif-male/cable-rear-delt-fly  male.gif,CONFLICT,candidate similarity score 0.67; incompatible category
2692,Cable Shoulder Press,cable-shoulder-press,639,Cable Crossover Press Shoulder,cable-crossover-press-shoulder,REVIEW,0.74,Shoulders,shoulders,Cable,Cable,,video/shoulders/gif-male/Cable crossover press shoulder male.gif,CONFLICT,candidate similarity score 0.75; incompatible category
2693,Alternating Cable Shoulder Press,alternating-cable-shoulder-press,639,Cable Crossover Press Shoulder,cable-crossover-press-shoulder,REVIEW,0.60,Shoulders,shoulders,Cable,Cable,,video/shoulders/gif-male/Cable crossover press shoulder male.gif,CONFLICT,candidate similarity score 0.60; incompatible category
2694,Cable Seated Lateral Raise,cable-seated-lateral-raise,610,Cable Lateral Raise,cable-lateral-raise,HIGH_CONFIDENCE,0.75,Shoulders,shoulders,Cable,Cable,,video/shoulders/gif-female/Cable lateral raise femme.gif,HIGH_CONFIDENCE,context-constrained similarity score 0.75
2695,Single-arm lying cable front raise,single-arm-lying-cable-front-raise,,,,UNMATCHED,0.00,Shoulders,,Cable,,,,UNMATCHED,no deterministic Supabase slug/name/alias/media match
2696,Lying cable front raise,lying-cable-front-raise,657,Cable Front Delt Raises,cable-front-delt-raises,HIGH_CONFIDENCE,0.60,Shoulders,shoulders,Cable,Cable,,video/shoulders/videos/Cable Front Delt Raises.mp4,HIGH_CONFIDENCE,context-constrained similarity score 0.60
2697,Cable Rear Delt Fly - Gethin Variation,cable-rear-delt-fly,84,Cable Rear Delt Fly,cable-rear-delt-fly,EXACT_SLUG,1.00,Shoulders,BACK and TRAPEZIUS,Cable,Cable,,video/BACK and TRAPEZIUS/gif-male/cable-rear-delt-fly  male.gif,CONFLICT,local derived slug equals Supabase slug; normalized local name equals normalized Supabase name; local alias equals Supabase name: cable rear delt fly; local alias equals Supabase slug: cable rear delt fly; incompatible category
2698,One-Arm Cable Side Raise - Gethin Variation,single-arm-cable-side-raise,137,Single-Arm Cable Pulldown,single-arm-cable-pulldown,REVIEW,0.50,Shoulders,BACK and TRAPEZIUS,Cable,Cable,,video/BACK and TRAPEZIUS/gif-male/Single-arm cable pulldown bunch male.gif,CONFLICT,candidate similarity score 0.50; incompatible category
2699,Rope Face Pull - Gethin Variation,rope-face-pull,83,Cable Face Pull,cable-face-pull,REVIEW,0.50,Shoulders,BACK and TRAPEZIUS,Cable,Cable,,video/BACK and TRAPEZIUS/gif-male/cable-face-pull  male.gif,CONFLICT,candidate similarity score 0.50; incompatible category
2700,Lying cable lateral raise,lying-cable-lateral-raise,610,Cable Lateral Raise,cable-lateral-raise,HIGH_CONFIDENCE,0.75,Shoulders,shoulders,Cable,Cable,,video/shoulders/gif-female/Cable lateral raise femme.gif,HIGH_CONFIDENCE,context-constrained similarity score 0.75
2701,Cable seated row,cable-seated-row,59,Seated Cable Row,seated-cable-row,HIGH_CONFIDENCE,0.92,Shoulders,BACK and TRAPEZIUS,Cable,Cable,,video/BACK and TRAPEZIUS/gif-female/cable-seated-row femme.gif,HIGH_CONFIDENCE,context-constrained similarity score 1.00
2702,Single-arm cable lateral raise,single-arm-cable-lateral-raise,610,Cable Lateral Raise,cable-lateral-raise,HIGH_CONFIDENCE,0.60,Shoulders,shoulders,Cable,Cable,,video/shoulders/gif-female/Cable lateral raise femme.gif,HIGH_CONFIDENCE,context-constrained similarity score 0.60
2703,UP Cable Face Pull,up-cable-face-pull,83,Cable Face Pull,cable-face-pull,REVIEW,0.74,Shoulders,BACK and TRAPEZIUS,Cable,Cable,,video/BACK and TRAPEZIUS/gif-male/cable-face-pull  male.gif,CONFLICT,candidate similarity score 0.75; incompatible category
2704,AA Cable Leaning Side Raise,aa-cable-leaning-side-raise,,,,UNMATCHED,0.00,Shoulders,,Cable,,,,UNMATCHED,no deterministic Supabase slug/name/alias/media match
2705,30 Shoulders Bent-Over Low Cable Reverse Fly,bent-over-low-cable-reverse-fly,646,Cable Reverse Fly,cable-reverse-fly,REVIEW,0.50,Shoulders,shoulders,Cable,Cable,,video/shoulders/videos/Cable Reverse Fly.mp4,REVIEW,candidate similarity score 0.50
2706,30 Shoulders Cable Rope Face Pull,cable-rope-face-pull,83,Cable Face Pull,cable-face-pull,REVIEW,0.74,Shoulders,BACK and TRAPEZIUS,Cable,Cable,,video/BACK and TRAPEZIUS/gif-male/cable-face-pull  male.gif,CONFLICT,candidate similarity score 0.75; incompatible category
2707,30 Shoulders Cable Straight-Bar Front Raise,cable-straight-bar-front-raise,657,Cable Front Delt Raises,cable-front-delt-raises,REVIEW,0.50,Shoulders,shoulders,Cable,Cable,,video/shoulders/videos/Cable Front Delt Raises.mp4,REVIEW,candidate similarity score 0.50
2708,30 Shoulders Cable Straight-Bar Upright Row,cable-straight-bar-upright-row,82,Cable Upright Row,cable-upright-row,HIGH_CONFIDENCE,0.60,Shoulders,BACK and TRAPEZIUS,Cable,Cable,,video/BACK and TRAPEZIUS/gif-male/Cable upright row male.gif,CONFLICT,context-constrained similarity score 0.60; multiple equal-confidence Supabase candidates
2709,30 Shoulders High Cable Reverse Fly,high-cable-reverse-fly,205,High Cable Fly,high-cable-fly,HIGH_CONFIDENCE,0.75,Shoulders,Chest,Cable,Cable,,video/Chest/gif-male/high-cable-fly male.gif,CONFLICT,context-constrained similarity score 0.75; multiple equal-confidence Supabase candidates
2710,30 Shoulders Single-Arm Bent-Over Cable Reverse Fly,single-arm-bent-over-cable-reverse-fly,,,,UNMATCHED,0.00,Shoulders,,Cable,,,,UNMATCHED,no deterministic Supabase slug/name/alias/media match
2711,30 Shoulders Single-Arm Cable Front Raise,single-arm-cable-front-raise,137,Single-Arm Cable Pulldown,single-arm-cable-pulldown,REVIEW,0.50,Shoulders,BACK and TRAPEZIUS,Cable,Cable,,video/BACK and TRAPEZIUS/gif-male/Single-arm cable pulldown bunch male.gif,CONFLICT,candidate similarity score 0.50; incompatible category
2712,30 Shoulders Single-Arm Leaning Cable Lateral Raise,single-arm-leaning-cable-lateral-raise,610,Cable Lateral Raise,cable-lateral-raise,REVIEW,0.50,Shoulders,shoulders,Cable,Cable,,video/shoulders/gif-female/Cable lateral raise femme.gif,REVIEW,candidate similarity score 0.50
2713,RG 3-Way Single-Arm Rear Delt Cable Fly,rg-3-way-single-arm-rear-delt-cable-fly,,,,UNMATCHED,0.00,Shoulders,,Cable,,,,UNMATCHED,no deterministic Supabase slug/name/alias/media match
2714,RG Single-Arm Cross-Body Cable Front Raise,rg-single-arm-cross-body-cable-front-raise,,,,UNMATCHED,0.00,Shoulders,,Cable,,,,UNMATCHED,no deterministic Supabase slug/name/alias/media match
2715,Smith machine shoulder press,smith-machine-shoulder-press,624,Smith Machine Overhead Press Shoulder,smith-machine-overhead-press-shoulder,HIGH_CONFIDENCE,0.80,Shoulders,shoulders,Machine,Smith Machine,,video/shoulders/gif-male/Smith Machine Overhead Press shoulder male.gif,HIGH_CONFIDENCE,context-constrained similarity score 0.80
2716,Machine shoulder press,machine-shoulder-press,644,Seated Machine Shoulder Press,seated-machine-shoulder-press,ALIAS_MEDIA_MATCH,0.99,Shoulders,shoulders,Machine,Machine,Seated Machine Shoulder Press.mp4,video/shoulders/videos/Seated Machine Shoulder Press.mp4,VERIFIED,local linked video filename equals Supabase media filename: Seated Machine Shoulder Press.mp4
2717,Reverse Machine Flyes,reverse-machine-fly,120,Machine Reverse Fly,machine-reverse-fly,REVIEW,0.74,Shoulders,BACK and TRAPEZIUS,Machine,Machine,,video/BACK and TRAPEZIUS/gif-male/Machine reverse fly male.gif,CONFLICT,candidate similarity score 1.00; incompatible category
2718,Single-arm Smith machine upright row,single-arm-smith-machine-upright-row,142,Smith Machine Row,smith-machine-row,REVIEW,0.50,Shoulders,BACK and TRAPEZIUS,Machine,Machine,,video/BACK and TRAPEZIUS/gif-male/Smith machine row male.gif,REVIEW,candidate similarity score 0.50
2719,Machine Lateral Raise,machine-lateral-raise,655,Lateral Raise Machine,lateral-raise-machine,HIGH_CONFIDENCE,0.92,Shoulders,shoulders,Machine,Machine,,video/shoulders/videos/Lateral Raise Machine.mp4,HIGH_CONFIDENCE,context-constrained similarity score 1.00
2720,Smith machine behind-the-neck press,smith-machine-behind-the-neck-press,608,Smith Machine Overhead Press (Behind The Neck),smith-machine-overhead-press-behind-the-neck,HIGH_CONFIDENCE,0.86,Shoulders,shoulders,Machine,Smith Machine,,video/shoulders/gif-male/Smith machine overhead press (behind the neck) male.gif,HIGH_CONFIDENCE,context-constrained similarity score 0.86
2721,Smith Machine Behind-The-Neck Press - Gethin Variation,smith-machine-behind-the-neck-press,608,Smith Machine Overhead Press (Behind The Neck),smith-machine-overhead-press-behind-the-neck,HIGH_CONFIDENCE,0.86,Shoulders,shoulders,Machine,Smith Machine,,video/shoulders/gif-male/Smith machine overhead press (behind the neck) male.gif,HIGH_CONFIDENCE,context-constrained similarity score 0.86
2722,30 Shoulders Leg Press Shoulder Press,leg-press-shoulder-press,551,Leg Press,leg-press,REVIEW,0.67,Shoulders,full legs,Machine,Machine,,video/full legs/gif-female/Leg press femme.gif,CONFLICT,candidate similarity score 0.67; incompatible category
2723,30 Shoulders Machine Shoulder Press,machine-shoulder-press,644,Seated Machine Shoulder Press,seated-machine-shoulder-press,ALIAS_MEDIA_MATCH,0.99,Shoulders,shoulders,Machine,Machine,Seated Machine Shoulder Press.mp4,video/shoulders/videos/Seated Machine Shoulder Press.mp4,VERIFIED,local linked video filename equals Supabase media filename: Seated Machine Shoulder Press.mp4
2724,30 Shoulders Pec-Deck Reverse Fly,pec-deck-reverse-fly,62,Reverse Pec Deck,reverse-pec-deck,REVIEW,0.74,Shoulders,BACK and TRAPEZIUS,Machine,Machine,,video/BACK and TRAPEZIUS/gif-female/reverse pec dec machine femme.gif,CONFLICT,candidate similarity score 0.75; incompatible category
2725,30 Shoulders Smith Machine Behind-The-Head Press,smith-machine-behind-the-head-press,608,Smith Machine Overhead Press (Behind The Neck),smith-machine-overhead-press-behind-the-neck,HIGH_CONFIDENCE,0.63,Shoulders,shoulders,Machine,Smith Machine,,video/shoulders/gif-male/Smith machine overhead press (behind the neck) male.gif,HIGH_CONFIDENCE,context-constrained similarity score 0.63
2726,30 Shoulders Smith Machine Shoulder Press,smith-machine-shoulder-press,624,Smith Machine Overhead Press Shoulder,smith-machine-overhead-press-shoulder,HIGH_CONFIDENCE,0.80,Shoulders,shoulders,Machine,Smith Machine,,video/shoulders/gif-male/Smith Machine Overhead Press shoulder male.gif,HIGH_CONFIDENCE,context-constrained similarity score 0.80
2727,Handstand push-up,handstand-push-up,230,Push-Up,push-up,HIGH_CONFIDENCE,0.67,Shoulders,Chest,Body Only,Body Only,,video/Chest/videos/Push-up (Chest).mp4,HIGH_CONFIDENCE,context-constrained similarity score 0.67
2728,Upward Stretch,upward-stretch,,,,UNMATCHED,0.00,Shoulders,,Body Only,,,,UNMATCHED,no deterministic Supabase slug/name/alias/media match
2729,Shoulder Circles,shoulder-circles,,,,UNMATCHED,0.00,Shoulders,,Body Only,,,,UNMATCHED,no deterministic Supabase slug/name/alias/media match
2730,Cross-body shoulder stretch,cross-body-shoulder-stretch,,,,UNMATCHED,0.00,Shoulders,,Body Only,,,,UNMATCHED,no deterministic Supabase slug/name/alias/media match
2731,Arm circle,arm-circle,,,,UNMATCHED,0.00,Shoulders,,Body Only,,,,UNMATCHED,no deterministic Supabase slug/name/alias/media match
2732,Seated Front Deltoid,seated-front-deltoid,612,Seated Front Raise,seated-front-raise,REVIEW,0.50,Shoulders,shoulders,Body Only,Bodyweight,,video/shoulders/gif-female/Seated front raise femme.gif,REVIEW,candidate similarity score 0.50
2733,Shoulder Raise,shoulder-raise,650,Lateral Shoulder Raise Machine,lateral-shoulder-raise-machine,REVIEW,0.50,Shoulders,shoulders,Body Only,Machine,,video/shoulders/videos/Lateral Shoulder Raise Machine.mp4,CONFLICT,candidate similarity score 0.50; incompatible  equipment
2734,Hand Stand Push-Up,hand-stand-push-up,230,Push-Up,push-up,REVIEW,0.50,Shoulders,Chest,Body Only,Body Only,,video/Chest/videos/Push-up (Chest).mp4,REVIEW,candidate similarity score 0.50
2735,Wall walk,wall-walk,,,,UNMATCHED,0.00,Shoulders,,Body Only,,,,UNMATCHED,no deterministic Supabase slug/name/alias/media match
2736,Return Push from Stance,return-push-from-stance,,,,UNMATCHED,0.00,Shoulders,,Body Only,,,,UNMATCHED,no deterministic Supabase slug/name/alias/media match
2737,Wall shoulder tap,wall-shoulder-tap,,,,UNMATCHED,0.00,Shoulders,,Body Only,,,,UNMATCHED,no deterministic Supabase slug/name/alias/media match
2738,Bear crawl shoulder tap,bear-crawl-shoulder-tap,,,,UNMATCHED,0.00,Shoulders,,Body Only,,,,UNMATCHED,no deterministic Supabase slug/name/alias/media match
2739,Shadow boxing,shadow-boxing,,,,UNMATCHED,0.00,Shoulders,,Body Only,,,,UNMATCHED,no deterministic Supabase slug/name/alias/media match
2740,Bear crawl fire feet,bear-crawl-fire-feet,,,,UNMATCHED,0.00,Shoulders,,Body Only,,,,UNMATCHED,no deterministic Supabase slug/name/alias/media match
2741,Wall sprawl,wall-sprawl,,,,UNMATCHED,0.00,Shoulders,,Body Only,,,,UNMATCHED,no deterministic Supabase slug/name/alias/media match
2742,Bent Over Shoulder Y,bent-over-shoulder-y,,,,UNMATCHED,0.00,Shoulders,,Body Only,,,,UNMATCHED,no deterministic Supabase slug/name/alias/media match
2743,Shoulder L,shoulder-l,,,,UNMATCHED,0.00,Shoulders,,Body Only,,,,UNMATCHED,no deterministic Supabase slug/name/alias/media match
2744,Shoulder Dislocation Stretch-Dowel,shoulder-dislocation-stretch-dowel,,,,UNMATCHED,0.00,Shoulders,,Body Only,,,,UNMATCHED,no deterministic Supabase slug/name/alias/media match
2745,TBS Inverted Row,tbs-inverted-row,112,Inverted Row,inverted-row,HIGH_CONFIDENCE,0.67,Shoulders,BACK and TRAPEZIUS,Body Only,Bodyweight,,video/BACK and TRAPEZIUS/gif-male/inverted-row male.gif,HIGH_CONFIDENCE,context-constrained similarity score 0.67
2746,PVC Shoulder Stretch,pvc-shoulder-stretch,,,,UNMATCHED,0.00,Shoulders,,Body Only,,,,UNMATCHED,no deterministic Supabase slug/name/alias/media match
2747,Shoulder T,shoulder-t,,,,UNMATCHED,0.00,Shoulders,,Body Only,,,,UNMATCHED,no deterministic Supabase slug/name/alias/media match
2748,HM Arm Circle,hm-arm-circle,,,,UNMATCHED,0.00,Shoulders,,Body Only,,,,UNMATCHED,no deterministic Supabase slug/name/alias/media match
2749,HM Shoulder Stretch,hm-shoulder-stretch,,,,UNMATCHED,0.00,Shoulders,,Body Only,,,,UNMATCHED,no deterministic Supabase slug/name/alias/media match
2750,HM Shoulder Stretch on Floor,hm-shoulder-stretch-on-floor,,,,UNMATCHED,0.00,Shoulders,,Body Only,,,,UNMATCHED,no deterministic Supabase slug/name/alias/media match
2751,HM Shoulder Tap,hm-shoulder-tap,,,,UNMATCHED,0.00,Shoulders,,Body Only,,,,UNMATCHED,no deterministic Supabase slug/name/alias/media match
2752,HM Hand-On-Wall Stretch,hm-hand-on-wall-stretch,,,,UNMATCHED,0.00,Shoulders,,Body Only,,,,UNMATCHED,no deterministic Supabase slug/name/alias/media match
2753,HM Jumping Arm Circle,hm-jumping-arm-circle,,,,UNMATCHED,0.00,Shoulders,,Body Only,,,,UNMATCHED,no deterministic Supabase slug/name/alias/media match
2754,Kipping Clapping Pull-Up,kipping-clapping-pullup,,,,UNMATCHED,0.00,Shoulders,,Body Only,,,,UNMATCHED,no deterministic Supabase slug/name/alias/media match
2755,Holman Kneeling Overhead Press to Donkey Kick,holman-kneeling-overhead-press-to-donkey-kick,,,,UNMATCHED,0.00,Shoulders,,Body Only,,,,UNMATCHED,no deterministic Supabase slug/name/alias/media match
2756,Floor angel,floor-angel,,,,UNMATCHED,0.00,Shoulders,,Body Only,,,,UNMATCHED,no deterministic Supabase slug/name/alias/media match
2757,Shoulder extension stretch,shoulder-extension-stretch,,,,UNMATCHED,0.00,Shoulders,,Body Only,,,,UNMATCHED,no deterministic Supabase slug/name/alias/media match
2758,Backward Medicine Ball Throw,backward-medicine-ball-throw,,,,UNMATCHED,0.00,Shoulders,,Medicine Ball,,,,UNMATCHED,no deterministic Supabase slug/name/alias/media match
2759,Medicine ball scoop throw,medicine-ball-scoop-throw,,,,UNMATCHED,0.00,Shoulders,,Medicine Ball,,,,UNMATCHED,no deterministic Supabase slug/name/alias/media match
2760,Standing Two-Arm Overhead Throw,standing-two-arm-overhead-throw,,,,UNMATCHED,0.00,Shoulders,,Medicine Ball,,,,UNMATCHED,no deterministic Supabase slug/name/alias/media match
2761,Incline face-down bar front raise,incline-face-down-bar-front-raise,,,,UNMATCHED,0.00,Shoulders,,E-Z Curl Bar,,,,UNMATCHED,no deterministic Supabase slug/name/alias/media match
2762,Incline anti-gravity shoulder press,incline-anti-gravity-shoulder-press,,,,UNMATCHED,0.00,Shoulders,,E-Z Curl Bar,,,,UNMATCHED,no deterministic Supabase slug/name/alias/media match
2763,30 Shoulders EZ-Bar Front Raise,ez-bar-front-raise,,,,UNMATCHED,0.00,Shoulders,,E-Z Curl Bar,,,,UNMATCHED,no deterministic Supabase slug/name/alias/media match
2764,Side Wrist Pull,side-wrist-pull,,,,UNMATCHED,0.00,Shoulders,,None,,,,UNMATCHED,no deterministic Supabase slug/name/alias/media match
2765,Elbow Circles,elbow-circles,,,,UNMATCHED,0.00,Shoulders,,None,,,,UNMATCHED,no deterministic Supabase slug/name/alias/media match
2766,Kneeling Arm Drill,kneeling-arm-drill,,,,UNMATCHED,0.00,Shoulders,,None,,,,UNMATCHED,no deterministic Supabase slug/name/alias/media match
2767,Bent-over shoulder rotation,bent-over-shoulder-rotation,,,,UNMATCHED,0.00,Shoulders,,Exercise Ball,,,,UNMATCHED,no deterministic Supabase slug/name/alias/media match
2768,Band overhead triceps press,band-overhead-triceps-press,,,,UNMATCHED,0.00,Triceps,,Bands,,,,UNMATCHED,no deterministic Supabase slug/name/alias/media match
2769,Band overhead triceps extension,band-overhead-triceps-extension,435,Overhead Triceps Extensions,overhead-triceps-extensions,REVIEW,0.74,Triceps,Full Arms,Bands,Bodyweight,,video/Full Arms/TRICEPS/gif-female/overhead triceps extensions femme.gif,CONFLICT,candidate similarity score 0.75; incompatible  equipment
2770,Band straight-arm pull-down,band-straight-arm-pulldown,,,,UNMATCHED,0.00,Triceps,,Bands,,,,UNMATCHED,no deterministic Supabase slug/name/alias/media match
2771,Band skullcrusher,band-skull-crusher,439,Cable Skullcrusher,cable-skullcrusher,REVIEW,0.50,Triceps,Full Arms,Bands,Cable,,video/Full Arms/TRICEPS/gif-male/Cable skullcrusher  male.gif,CONFLICT,candidate similarity score 0.50; incompatible  equipment
2772,Single-arm band kick-back,single-arm-band-kick-back,,,,UNMATCHED,0.00,Triceps,,Bands,,,,UNMATCHED,no deterministic Supabase slug/name/alias/media match
2773,Incline EZ-bar skullcrusher,incline-ez-bar-skull-crusher,477,Incline Skull Crusher,incline-skull-crusher,REVIEW,0.60,Triceps,Full Arms,Barbell,Bodyweight,,video/Full Arms/TRICEPS/gif-male/Incline skull crusher w male.gif,CONFLICT,candidate similarity score 0.60; incompatible  equipment
2774,Decline Close-Grip Bench To Skull Crusher,decline-close-grip-bench-to-skull-crusher,423,Close Grip Decline Bench Press,close-grip-decline-bench-press,REVIEW,0.50,Triceps,Full Arms,Barbell,Barbell,,video/Full Arms/TRICEPS/gif-male/Close-grip decline bench press male.gif,CONFLICT,candidate similarity score 0.50; incompatible category
2775,Bench Press - Powerlifting,bench-press-powerlifting,199,Bench Press,bench-press,HIGH_CONFIDENCE,0.67,Triceps,Chest,Barbell,Barbell,,video/Chest/gif-male/bench press male.gif,HIGH_CONFIDENCE,context-constrained similarity score 0.67
2776,Behind-the-head skullcrusher,behind-the-head-skull-crusher,,,,UNMATCHED,0.00,Triceps,,Barbell,,,,UNMATCHED,no deterministic Supabase slug/name/alias/media match
2777,Standing barbell overhead triceps extension,standing-barbell-overhead-triceps-extension,435,Overhead Triceps Extensions,overhead-triceps-extensions,REVIEW,0.60,Triceps,Full Arms,Barbell,Bodyweight,,video/Full Arms/TRICEPS/gif-female/overhead triceps extensions femme.gif,CONFLICT,candidate similarity score 0.60; incompatible  equipment
2778,Reverse-grip bench press,reverse-grip-bench-press,443,Close-Grip Bench Press,close-grip-bench-press,HIGH_CONFIDENCE,0.60,Triceps,Full Arms,Barbell,Barbell,,video/Full Arms/TRICEPS/gif-female/close-grip-bench-press-movement femme.gif,HIGH_CONFIDENCE,context-constrained similarity score 0.60
2779,Bench Press with Chains,bench-press-with-chains,199,Bench Press,bench-press,REVIEW,0.50,Triceps,Chest,Barbell,Barbell,,video/Chest/gif-male/bench press male.gif,REVIEW,candidate similarity score 0.50
2780,Floor Press,floor-press,,,,UNMATCHED,0.00,Triceps,,Barbell,,,,UNMATCHED,no deterministic Supabase slug/name/alias/media match
2781,One Arm Floor Press,single-arm-floor-press,,,,UNMATCHED,0.00,Triceps,,Barbell,,,,UNMATCHED,no deterministic Supabase slug/name/alias/media match
2782,Pin Presses,pin-press,,,,UNMATCHED,0.00,Triceps,,Barbell,,,,UNMATCHED,no deterministic Supabase slug/name/alias/media match
2783,JM Press With Bands,jm-press-with-bands,409,JM Press,jm-press,REVIEW,0.50,Triceps,Full Arms,Barbell,Barbell,,video/Full Arms/videos/JM Press.mp4,REVIEW,candidate similarity score 0.50
2784,JM Press,jm-press,409,JM Press,jm-press,EXACT_SLUG,1.00,Triceps,Full Arms,Barbell,Barbell,,video/Full Arms/videos/JM Press.mp4,VERIFIED,local derived slug equals Supabase slug; normalized local name equals normalized Supabase name; local alias equals Supabase name: jm press; local alias equals Supabase slug: jm press
2785,Floor Press with Chains,floor-press-with-chains,,,,UNMATCHED,0.00,Triceps,,Barbell,,,,UNMATCHED,no deterministic Supabase slug/name/alias/media match
2786,Reverse Band Bench Press,reverse-band-bench-press,199,Bench Press,bench-press,REVIEW,0.50,Triceps,Chest,Barbell,Barbell,,video/Chest/gif-male/bench press male.gif,REVIEW,candidate similarity score 0.50
2787,Decline Barbell Triceps Extension - Gethin Variation,decline-barbell-triceps-extension,,,,UNMATCHED,0.00,Triceps,,Barbell,,,,UNMATCHED,no deterministic Supabase slug/name/alias/media match
2788,AM Skullcrusher,skull-crusher,439,Cable Skullcrusher,cable-skullcrusher,REVIEW,0.67,Triceps,Full Arms,Barbell,Cable,,video/Full Arms/TRICEPS/gif-male/Cable skullcrusher  male.gif,CONFLICT,candidate similarity score 0.67; incompatible  equipment
2789,30 Arms Close-Grip Bench Press,close-grip-bench-press,443,Close-Grip Bench Press,close-grip-bench-press,EXACT_SLUG,1.00,Triceps,Full Arms,Barbell,Barbell,,video/Full Arms/TRICEPS/gif-female/close-grip-bench-press-movement femme.gif,VERIFIED,local derived slug equals Supabase slug; normalized local name equals normalized Supabase name; local alias equals Supabase name: close grip bench press; local alias equals Supabase slug: close grip bench press
2790,30 Arms Barbell Skullcrusher,barbell-skull-crusher,439,Cable Skullcrusher,cable-skullcrusher,REVIEW,0.50,Triceps,Full Arms,Barbell,Cable,,video/Full Arms/TRICEPS/gif-male/Cable skullcrusher  male.gif,CONFLICT,candidate similarity score 0.50; incompatible  equipment
2791,FYR2 Sprawl Over Kettlebell,sprawl-over-kettlebell,,,,UNMATCHED,0.00,Triceps,,Kettlebells,,,,UNMATCHED,no deterministic Supabase slug/name/alias/media match
2792,Dumbbell floor press,dumbbell-floor-press,645,Dumbbell Press,dumbbell-press,REVIEW,0.67,Triceps,shoulders,Dumbbell,Dumbbell,,video/shoulders/videos/DUMBBELL PRESS.mp4,CONFLICT,candidate similarity score 0.67; incompatible category
2793,Seated triceps press,seated-triceps-press,480,Seated French Press,seated-french-press,REVIEW,0.50,Triceps,Full Arms,Dumbbell,Bodyweight,,video/Full Arms/TRICEPS/gif-male/Seated French press male.gif,CONFLICT,candidate similarity score 0.50; incompatible  equipment
2794,Tricep Dumbbell Kickback,tricep-dumbbell-kick-back,402,Dumbbell Triceps Kickback,dumbbell-triceps-kickback,HIGH_CONFIDENCE,0.60,Triceps,Full Arms,Dumbbell,Dumbbell,,video/Full Arms/TRICEPS/gif-female/Dumbbell tricep kickback femme.gif,HIGH_CONFIDENCE,context-constrained similarity score 0.60
2795,Standing Dumbbell Triceps Extension,standing-dumbbell-triceps-extension,,,,UNMATCHED,0.00,Triceps,,Dumbbell,,,,UNMATCHED,no deterministic Supabase slug/name/alias/media match
2796,Double-arm triceps kick-back,double-arm-triceps-kick-back,402,Dumbbell Triceps Kickback,dumbbell-triceps-kickback,REVIEW,0.50,Triceps,Full Arms,Dumbbell,Dumbbell,,video/Full Arms/TRICEPS/gif-female/Dumbbell tricep kickback femme.gif,CONFLICT,candidate similarity score 0.50; multiple equal-confidence Supabase candidates
2797,Single-arm dumbbell triceps extension,single-arm-dumbbell-triceps-extension,476,Single Arm Triceps Extension,single-arm-triceps-extension,HIGH_CONFIDENCE,0.80,Triceps,Full Arms,Dumbbell,Dumbbell,,video/Full Arms/TRICEPS/gif-male/Single-arm triceps extension male.gif,HIGH_CONFIDENCE,context-constrained similarity score 0.80
2798,Decline Dumbbell Triceps Extension,decline-dumbbell-triceps-extension,,,,UNMATCHED,0.00,Triceps,,Dumbbell,,,,UNMATCHED,no deterministic Supabase slug/name/alias/media match
2799,Dumbbell skullcrusher,dumbbell-skull-crusher,421,Dumbbell Skull Crushers,dumbbell-skull-crushers,REVIEW,0.50,Triceps,Full Arms,Dumbbell,Dumbbell,,video/Full Arms/TRICEPS/gif-female/Dumbbell skull crushers femme.gif,CONFLICT,candidate similarity score 0.50; multiple equal-confidence Supabase candidates
2800,One Arm Pronated Dumbbell Triceps Extension,single-arm-pronated-dumbbell-triceps-extension,476,Single Arm Triceps Extension,single-arm-triceps-extension,HIGH_CONFIDENCE,0.67,Triceps,Full Arms,Dumbbell,Dumbbell,,video/Full Arms/TRICEPS/gif-male/Single-arm triceps extension male.gif,HIGH_CONFIDENCE,context-constrained similarity score 0.67
2801,One Arm Supinated Dumbbell Triceps Extension,single-arm-supinated-dumbbell-triceps-extension,476,Single Arm Triceps Extension,single-arm-triceps-extension,HIGH_CONFIDENCE,0.67,Triceps,Full Arms,Dumbbell,Dumbbell,,video/Full Arms/TRICEPS/gif-male/Single-arm triceps extension male.gif,HIGH_CONFIDENCE,context-constrained similarity score 0.67
2802,Seated Bent-Over Two-Arm Dumbbell Triceps Extension,seated-bent-over-two-arm-dumbbell-triceps-extension,,,,UNMATCHED,0.00,Triceps,,Dumbbell,,,,UNMATCHED,no deterministic Supabase slug/name/alias/media match
2803,Tate Press,tate-press,,,,UNMATCHED,0.00,Triceps,,Dumbbell,,,,UNMATCHED,no deterministic Supabase slug/name/alias/media match
2804,Standing Bent-Over One-Arm Dumbbell Triceps Extension,standing-bent-over-single-arm-dumbbell-triceps-extension,476,Single Arm Triceps Extension,single-arm-triceps-extension,REVIEW,0.50,Triceps,Full Arms,Dumbbell,Dumbbell,,video/Full Arms/TRICEPS/gif-male/Single-arm triceps extension male.gif,REVIEW,candidate similarity score 0.50
2805,Seated Bent-Over One-Arm Dumbbell Triceps Extension,seated-bent-over-single-arm-dumbbell-triceps-extension,476,Single Arm Triceps Extension,single-arm-triceps-extension,REVIEW,0.50,Triceps,Full Arms,Dumbbell,Dumbbell,,video/Full Arms/TRICEPS/gif-male/Single-arm triceps extension male.gif,REVIEW,candidate similarity score 0.50
2806,Dumbbell Tricep Extension -Pronated Grip,dumbbell-tricep-extension-pronated-grip,,,,UNMATCHED,0.00,Triceps,,Dumbbell,,,,UNMATCHED,no deterministic Supabase slug/name/alias/media match
2807,V-sit with overhead triceps extension,v-sit-with-overhead-triceps-extension,435,Overhead Triceps Extensions,overhead-triceps-extensions,REVIEW,0.50,Triceps,Full Arms,Dumbbell,Bodyweight,,video/Full Arms/TRICEPS/gif-female/overhead triceps extensions femme.gif,CONFLICT,candidate similarity score 0.50; incompatible  equipment
2808,PJR Pull-Over,pjr-pullover,,,,UNMATCHED,0.00,Triceps,,Dumbbell,,,,UNMATCHED,no deterministic Supabase slug/name/alias/media match
2809,Paul Carter Dumbbell Kick-Back,paul-carter-dumbbell-kick-back,402,Dumbbell Triceps Kickback,dumbbell-triceps-kickback,REVIEW,0.50,Triceps,Full Arms,Dumbbell,Dumbbell,,video/Full Arms/TRICEPS/gif-female/Dumbbell tricep kickback femme.gif,REVIEW,candidate similarity score 0.50
2810,Single-arm dumbbell skullcrusher,single-arm-dumbbell-skull-crusher,63,Single-Arm Dumbbell Row,single-arm-dumbbell-row,REVIEW,0.50,Triceps,BACK and TRAPEZIUS,Dumbbell,Dumbbell,,video/BACK and TRAPEZIUS/gif-female/Single-arm row with bench support femme.gif,CONFLICT,candidate similarity score 0.50; incompatible category
2811,Dumbbells-together incline bench press,dumbbells-together-incline-bench-press,239,Incline Bench Press,incline-bench-press,REVIEW,0.60,Triceps,Chest,Dumbbell,Barbell,,video/Chest/gif-female/Incline bench press femme.gif,CONFLICT,candidate similarity score 0.60; incompatible  equipment
2812,Incline dumbbell overhead triceps extension,incline-dumbbell-overhead-triceps-extension,435,Overhead Triceps Extensions,overhead-triceps-extensions,REVIEW,0.60,Triceps,Full Arms,Dumbbell,Bodyweight,,video/Full Arms/TRICEPS/gif-female/overhead triceps extensions femme.gif,CONFLICT,candidate similarity score 0.60; incompatible  equipment
2813,Dumbbell Crush Press,dumbbell-crush-press,645,Dumbbell Press,dumbbell-press,REVIEW,0.67,Triceps,shoulders,Dumbbell,Dumbbell,,video/shoulders/videos/DUMBBELL PRESS.mp4,CONFLICT,candidate similarity score 0.67; incompatible category
2814,Holman Hovering Renegade Triceps Press,holman-hovering-renegade-triceps-press,,,,UNMATCHED,0.00,Triceps,,Dumbbell,,,,UNMATCHED,no deterministic Supabase slug/name/alias/media match
2815,Holman Heavy Triceps Press to Overhead Press,holman-heavy-triceps-press-to-overhead-press,,,,UNMATCHED,0.00,Triceps,,Dumbbell,,,,UNMATCHED,no deterministic Supabase slug/name/alias/media match
2816,Total Fitness Close-Grip Dumbbell Press,total-fitness-close-grip-dumbbell-press,246,Close-Grip Dumbbell Bench Press,close-grip-dumbbell-bench-press,REVIEW,0.57,Triceps,Chest,Dumbbell,Dumbbell,,video/Chest/gif-male/Close-grip dumbbell bench press male.gif,CONFLICT,candidate similarity score 0.57; incompatible category
2817,Dumbbell row to triceps kick-back,dumbbell-row-to-triceps-kick-back,402,Dumbbell Triceps Kickback,dumbbell-triceps-kickback,HIGH_CONFIDENCE,0.67,Triceps,Full Arms,Dumbbell,Dumbbell,,video/Full Arms/TRICEPS/gif-female/Dumbbell tricep kickback femme.gif,HIGH_CONFIDENCE,context-constrained similarity score 0.67
2818,Rolling triceps press,rolling-triceps-press,,,,UNMATCHED,0.00,Triceps,,Dumbbell,,,,UNMATCHED,no deterministic Supabase slug/name/alias/media match
2819,MetaBurn Skullcrusher to Ab Crunch,metaburn-skull-crusher-to-ab-crunch,,,,UNMATCHED,0.00,Triceps,,Dumbbell,,,,UNMATCHED,no deterministic Supabase slug/name/alias/media match
2820,FYR2 Single-Dumbbell Triceps Extension,single-dumbbell-triceps-extension,476,Single Arm Triceps Extension,single-arm-triceps-extension,HIGH_CONFIDENCE,0.60,Triceps,Full Arms,Dumbbell,Dumbbell,,video/Full Arms/TRICEPS/gif-male/Single-arm triceps extension male.gif,HIGH_CONFIDENCE,context-constrained similarity score 0.60
2821,30 Arms Overhead Dumbbell Triceps Extension,overhead-dumbbell-triceps-extension,435,Overhead Triceps Extensions,overhead-triceps-extensions,REVIEW,0.74,Triceps,Full Arms,Dumbbell,Bodyweight,,video/Full Arms/TRICEPS/gif-female/overhead triceps extensions femme.gif,CONFLICT,candidate similarity score 0.75; incompatible  equipment
2822,30 Arms Dumbbell Skullcrusher,dumbbell-skull-crusher,421,Dumbbell Skull Crushers,dumbbell-skull-crushers,REVIEW,0.50,Triceps,Full Arms,Dumbbell,Dumbbell,,video/Full Arms/TRICEPS/gif-female/Dumbbell skull crushers femme.gif,CONFLICT,candidate similarity score 0.50; multiple equal-confidence Supabase candidates
2823,30 Arms Dumbbell Kick-Back,dumbbell-kick-back,402,Dumbbell Triceps Kickback,dumbbell-triceps-kickback,HIGH_CONFIDENCE,0.75,Triceps,Full Arms,Dumbbell,Dumbbell,,video/Full Arms/TRICEPS/gif-female/Dumbbell tricep kickback femme.gif,HIGH_CONFIDENCE,context-constrained similarity score 0.75
2824,30 Arms BFR Dumbbell Kick-Back,bfr-dumbbell-kick-back,402,Dumbbell Triceps Kickback,dumbbell-triceps-kickback,HIGH_CONFIDENCE,0.60,Triceps,Full Arms,Dumbbell,Dumbbell,,video/Full Arms/TRICEPS/gif-female/Dumbbell tricep kickback femme.gif,HIGH_CONFIDENCE,context-constrained similarity score 0.60
2825,Dumbbell saw triceps skullcrusher,dumbbell-saw-triceps-skull-crusher,,,,UNMATCHED,0.00,Triceps,,Dumbbell,,,,UNMATCHED,no deterministic Supabase slug/name/alias/media match
2826,Chain Handle Extension,chain-handle-extension,,,,UNMATCHED,0.00,Triceps,,Other,,,,UNMATCHED,no deterministic Supabase slug/name/alias/media match
2827,Sled Overhead Triceps Extension,sled-overhead-triceps-extension,435,Overhead Triceps Extensions,overhead-triceps-extensions,REVIEW,0.74,Triceps,Full Arms,Other,Bodyweight,,video/Full Arms/TRICEPS/gif-female/overhead triceps extensions femme.gif,CONFLICT,candidate similarity score 0.75; incompatible  equipment
2828,Body Triceps Press Using Flat Bench,body-triceps-press-using-flat-bench,,,,UNMATCHED,0.00,Triceps,,Other,,,,UNMATCHED,no deterministic Supabase slug/name/alias/media match
2829,Suspended Triceps Press,suspended-triceps-press,,,,UNMATCHED,0.00,Triceps,,Other,,,,UNMATCHED,no deterministic Supabase slug/name/alias/media match
2830,Seated triceps push-down,seated-triceps-push-down,450,Triceps Pressdown,triceps-pressdown,REVIEW,0.74,Triceps,Full Arms,Other,Cable,,video/Full Arms/videos/Triceps Pressdown (Bar).mp4,CONFLICT,candidate similarity score 0.75; incompatible  equipment
2831,Machine triceps extension-,machine-triceps-extension,416,Machine Triceps Extension,machine-triceps-extension,EXACT_SLUG,1.00,Triceps,Full Arms,Other,Other,,video/Full Arms/TRICEPS/gif-male/Machine triceps extension male.gif,VERIFIED,local derived slug equals Supabase slug; normalized local name equals normalized Supabase name; local alias equals Supabase name: machine triceps extension; local alias equals Supabase slug: machine triceps extension
2832,Holman Overhead Weighted Triceps Press,holman-overhead-weighted-triceps-press,,,,UNMATCHED,0.00,Triceps,,Other,,,,UNMATCHED,no deterministic Supabase slug/name/alias/media match
2833,30 Arms Weighted Triceps Dip,weighted-triceps-dip,217,Weighted Dip,weighted-dip,REVIEW,0.67,Triceps,Chest,Other,Bodyweight,,video/Chest/gif-male/weighted-dips male.gif,CONFLICT,candidate similarity score 0.67; incompatible  equipment
2834,Cable V-bar push-down,cable-v-bar-push-down,427,V-Bar Triceps Pushdown,v-bar-triceps-pushdown,HIGH_CONFIDENCE,0.67,Triceps,Full Arms,Cable,Cable,,video/Full Arms/TRICEPS/gif-female/V-bar tricep pushdown femme.gif,HIGH_CONFIDENCE,context-constrained similarity score 0.67
2835,Reverse Grip Triceps Pushdown,reverse-grip-triceps-push-down,450,Triceps Pressdown,triceps-pressdown,HIGH_CONFIDENCE,0.60,Triceps,Full Arms,Cable,Cable,,video/Full Arms/videos/Triceps Pressdown (Bar).mp4,HIGH_CONFIDENCE,context-constrained similarity score 0.60
2836,Kneeling cable triceps extension,kneeling-cable-triceps-extension,,,,UNMATCHED,0.00,Triceps,,Cable,,,,UNMATCHED,no deterministic Supabase slug/name/alias/media match
2837,Single-arm cable triceps extension,single-arm-cable-triceps-extension,476,Single Arm Triceps Extension,single-arm-triceps-extension,REVIEW,0.74,Triceps,Full Arms,Cable,Dumbbell,,video/Full Arms/TRICEPS/gif-male/Single-arm triceps extension male.gif,CONFLICT,candidate similarity score 0.80; incompatible  equipment
2838,Dip Machine,dip-machine,,,,UNMATCHED,0.00,Triceps,,Cable,,,,UNMATCHED,no deterministic Supabase slug/name/alias/media match
2839,Triceps Pushdown,triceps-push-down,450,Triceps Pressdown,triceps-pressdown,EXACT_SLUG,1.00,Triceps,Full Arms,Cable,Cable,,video/Full Arms/videos/Triceps Pressdown (Bar).mp4,VERIFIED,local derived slug equals Supabase slug; normalized local name equals normalized Supabase name; local alias equals Supabase name: triceps push down; local alias equals Supabase slug: triceps push down
2840,Low cable overhead triceps extension,low-cable-overhead-triceps-extension,435,Overhead Triceps Extensions,overhead-triceps-extensions,REVIEW,0.60,Triceps,Full Arms,Cable,Bodyweight,,video/Full Arms/TRICEPS/gif-female/overhead triceps extensions femme.gif,CONFLICT,candidate similarity score 0.60; incompatible  equipment
2841,Lying cable triceps extension,lying-cable-triceps-extension,493,Cable Triceps Extension Lying On A Flat Bench,cable-triceps-extension-lying-on-a-flat-bench,REVIEW,0.50,Triceps,Full Arms,Cable,Cable,,video/Full Arms/TRICEPS/gif-male/Cable triceps extension lying on a flat bench male.gif,REVIEW,candidate similarity score 0.50
2842,Low Cable Triceps Extension,low-cable-triceps-extension,,,,UNMATCHED,0.00,Triceps,,Cable,,,,UNMATCHED,no deterministic Supabase slug/name/alias/media match
2843,Cable overhead triceps extension,cable-overhead-triceps-extension,435,Overhead Triceps Extensions,overhead-triceps-extensions,REVIEW,0.74,Triceps,Full Arms,Cable,Bodyweight,,video/Full Arms/TRICEPS/gif-female/overhead triceps extensions femme.gif,CONFLICT,candidate similarity score 0.75; incompatible  equipment
2844,Single-arm low cable triceps extension,single-arm-low-cable-triceps-extension,476,Single Arm Triceps Extension,single-arm-triceps-extension,REVIEW,0.67,Triceps,Full Arms,Cable,Dumbbell,,video/Full Arms/TRICEPS/gif-male/Single-arm triceps extension male.gif,CONFLICT,candidate similarity score 0.67; incompatible  equipment
2845,Incline cable straight-bar triceps extension,incline-cable-straight-bar-triceps-extension,,,,UNMATCHED,0.00,Triceps,,Cable,,,,UNMATCHED,no deterministic Supabase slug/name/alias/media match
2846,Paul Carter Overhead Rope Triceps Extension,paul-carter-overhead-rope-triceps-extension,435,Overhead Triceps Extensions,overhead-triceps-extensions,REVIEW,0.50,Triceps,Full Arms,Cable,Bodyweight,,video/Full Arms/TRICEPS/gif-female/overhead triceps extensions femme.gif,CONFLICT,candidate similarity score 0.50; incompatible  equipment
2847,TBS Rope Cable Push-Down,tbs-rope-cable-push-down,,,,UNMATCHED,0.00,Triceps,,Cable,,,,UNMATCHED,no deterministic Supabase slug/name/alias/media match
2848,Single-arm cable triceps kick-back,single-arm-cable-triceps-kick-back,454,Cable Triceps Kickback,cable-triceps-kickback,HIGH_CONFIDENCE,0.67,Triceps,Full Arms,Cable,Cable,,video/Full Arms/TRICEPS/gif-female/Cable triceps kickback femme.gif,HIGH_CONFIDENCE,context-constrained similarity score 0.67
2849,Incline cable rope triceps extension,incline-cable-rope-triceps-extension,,,,UNMATCHED,0.00,Triceps,,Cable,,,,UNMATCHED,no deterministic Supabase slug/name/alias/media match
2850,Reverse-grip cable straight-bar push-down,reverse-grip-cable-straight-bar-push-down,,,,UNMATCHED,0.00,Triceps,,Cable,,,,UNMATCHED,no deterministic Supabase slug/name/alias/media match
2851,Kneeling Cable Triceps Extension - Gethin Variation,kneeling-cable-triceps-extension,,,,UNMATCHED,0.00,Triceps,,Cable,,,,UNMATCHED,no deterministic Supabase slug/name/alias/media match
2852,Cable Overhead Triceps Extension - Gethin Variation,cable-overhead-triceps-extension,435,Overhead Triceps Extensions,overhead-triceps-extensions,REVIEW,0.74,Triceps,Full Arms,Cable,Bodyweight,,video/Full Arms/TRICEPS/gif-female/overhead triceps extensions femme.gif,CONFLICT,candidate similarity score 0.75; incompatible  equipment
2853,Reverse-Grip Cable Triceps Pushdown - Gethin Variation,reverse-grip-cable-triceps-push-down,498,Overhand Grip Triceps Cable Pushdown,overhand-grip-triceps-cable-pushdown,HIGH_CONFIDENCE,0.71,Triceps,Full Arms,Cable,Cable,,video/Full Arms/TRICEPS/gif-female/Overhand grip triceps cable pushdown femme.gif,HIGH_CONFIDENCE,context-constrained similarity score 0.71
2854,Cable Triceps Extension - Gethin Variation,cable-triceps-extension,389,Unilateral Cable Extension,unilateral-cable-extension,REVIEW,0.50,Triceps,Full Arms,Cable,Cable,,video/Full Arms/TRICEPS/gif-male/Unilateral cable extension male.gif,CONFLICT,candidate similarity score 0.50; multiple equal-confidence Supabase candidates
2855,Single-arm incline triceps extension,single-arm-incline-triceps-extension,476,Single Arm Triceps Extension,single-arm-triceps-extension,REVIEW,0.74,Triceps,Full Arms,Cable,Dumbbell,,video/Full Arms/TRICEPS/gif-male/Single-arm triceps extension male.gif,CONFLICT,candidate similarity score 0.80; incompatible  equipment
2856,Triceps Overhead Extension with Rope - Gethin Variation,triceps-overhead-extension-with-rope,435,Overhead Triceps Extensions,overhead-triceps-extensions,REVIEW,0.60,Triceps,Full Arms,Cable,Bodyweight,,video/Full Arms/TRICEPS/gif-female/overhead triceps extensions femme.gif,CONFLICT,candidate similarity score 0.60; incompatible  equipment
2857,Cable rope push-down,cable-rope-push-down,,,,UNMATCHED,0.00,Triceps,,Cable,,,,UNMATCHED,no deterministic Supabase slug/name/alias/media match
2858,Cable straight-bar push-down,cable-straight-bar-push-down,,,,UNMATCHED,0.00,Triceps,,Cable,,,,UNMATCHED,no deterministic Supabase slug/name/alias/media match
2859,Straight-arm bar pull-down,straight-arm-bar-pulldown,,,,UNMATCHED,0.00,Triceps,,Cable,,,,UNMATCHED,no deterministic Supabase slug/name/alias/media match
2860,AM Rope Triceps Pushdown,rope-triceps-push-down,450,Triceps Pressdown,triceps-pressdown,HIGH_CONFIDENCE,0.75,Triceps,Full Arms,Cable,Cable,,video/Full Arms/videos/Triceps Pressdown (Bar).mp4,HIGH_CONFIDENCE,context-constrained similarity score 0.75
2861,AM Bar Triceps Push-Down,bar-triceps-push-down,394,Ez Bar Triceps Pushdown,ez-bar-triceps-pushdown,HIGH_CONFIDENCE,0.80,Triceps,Full Arms,Cable,Cable,,video/Full Arms/TRICEPS/gif-male/EZ-bar triceps pushdown male.gif,CONFLICT,context-constrained similarity score 0.80; multiple equal-confidence Supabase candidates
2862,Rope overhead triceps extension,rope-overhead-triceps-extension,435,Overhead Triceps Extensions,overhead-triceps-extensions,REVIEW,0.74,Triceps,Full Arms,Cable,Bodyweight,,video/Full Arms/TRICEPS/gif-female/overhead triceps extensions femme.gif,CONFLICT,candidate similarity score 0.75; incompatible  equipment
2863,UP Rope Push-down,up-rope-push-down,,,,UNMATCHED,0.00,Triceps,,Cable,,,,UNMATCHED,no deterministic Supabase slug/name/alias/media match
2864,UP Triceps Extension Straight-Bar Push-Down,up-triceps-extension-straight-bar-push-down,394,Ez Bar Triceps Pushdown,ez-bar-triceps-pushdown,REVIEW,0.50,Triceps,Full Arms,Cable,Cable,,video/Full Arms/TRICEPS/gif-male/EZ-bar triceps pushdown male.gif,CONFLICT,candidate similarity score 0.50; multiple equal-confidence Supabase candidates
2865,LD Cable One-Arm Upright Row,ld-cable-single-arm-upright-row,82,Cable Upright Row,cable-upright-row,REVIEW,0.50,Triceps,BACK and TRAPEZIUS,Cable,Cable,,video/BACK and TRAPEZIUS/gif-male/Cable upright row male.gif,CONFLICT,candidate similarity score 0.50; multiple equal-confidence Supabase candidates
2866,30 Arms Underhand Cable Straight-Bar Push-Down,underhand-cable-straight-bar-push-down,,,,UNMATCHED,0.00,Triceps,,Cable,,,,UNMATCHED,no deterministic Supabase slug/name/alias/media match
2867,30 Arms Single-Arm Reverse-Grip Cable Push-Down,single-arm-reverse-grip-cable-push-down,,,,UNMATCHED,0.00,Triceps,,Cable,,,,UNMATCHED,no deterministic Supabase slug/name/alias/media match
2868,30 Arms Cable V-Bar Push-Down,cable-v-bar-push-down,427,V-Bar Triceps Pushdown,v-bar-triceps-pushdown,HIGH_CONFIDENCE,0.67,Triceps,Full Arms,Cable,Cable,,video/Full Arms/TRICEPS/gif-female/V-bar tricep pushdown femme.gif,HIGH_CONFIDENCE,context-constrained similarity score 0.67
2869,30 Arms Cable Straight-Bar Push-Down,cable-straight-bar-push-down,,,,UNMATCHED,0.00,Triceps,,Cable,,,,UNMATCHED,no deterministic Supabase slug/name/alias/media match
2870,30 Arms Cable Rope Push-Down,cable-rope-push-down,,,,UNMATCHED,0.00,Triceps,,Cable,,,,UNMATCHED,no deterministic Supabase slug/name/alias/media match
2871,30 Arms Cable Rope Overhead Triceps Extension,cable-rope-overhead-triceps-extension,435,Overhead Triceps Extensions,overhead-triceps-extensions,REVIEW,0.60,Triceps,Full Arms,Cable,Bodyweight,,video/Full Arms/TRICEPS/gif-female/overhead triceps extensions femme.gif,CONFLICT,candidate similarity score 0.60; incompatible  equipment
2872,BFR underhand straight-bar push-down,bfr-underhand-straight-bar-push-down,,,,UNMATCHED,0.00,Triceps,,Cable,,,,UNMATCHED,no deterministic Supabase slug/name/alias/media match
2873,BFR overhand straight-bar push-down,bfr-overhand-straight-bar-push-down,,,,UNMATCHED,0.00,Triceps,,Cable,,,,UNMATCHED,no deterministic Supabase slug/name/alias/media match
2874,BFR cable rope push-down,bfr-cable-rope-push-down,,,,UNMATCHED,0.00,Triceps,,Cable,,,,UNMATCHED,no deterministic Supabase slug/name/alias/media match
2875,Triceps Pressdown,triceps-push-down,450,Triceps Pressdown,triceps-pressdown,EXACT_SLUG,1.00,Triceps,Full Arms,Cable,Cable,,video/Full Arms/videos/Triceps Pressdown (Bar).mp4,VERIFIED,local derived slug equals Supabase slug; normalized local name equals normalized Supabase name; local alias equals Supabase name: triceps push down; local alias equals Supabase slug: triceps push down
2876,Machine Triceps Extension,machine-triceps-extension,416,Machine Triceps Extension,machine-triceps-extension,EXACT_SLUG,1.00,Triceps,Full Arms,Machine,Other,,video/Full Arms/TRICEPS/gif-male/Machine triceps extension male.gif,CONFLICT,local derived slug equals Supabase slug; normalized local name equals normalized Supabase name; incompatible  equipment
2877,Smith machine end-grip shoulder press,smith-machine-end-grip-shoulder-press,624,Smith Machine Overhead Press Shoulder,smith-machine-overhead-press-shoulder,REVIEW,0.57,Triceps,shoulders,Machine,Smith Machine,,video/shoulders/gif-male/Smith Machine Overhead Press shoulder male.gif,REVIEW,candidate similarity score 0.57
2878,Assist machine triceps push-down,assist-machine-triceps-push-down,450,Triceps Pressdown,triceps-pressdown,REVIEW,0.60,Triceps,Full Arms,Machine,Cable,,video/Full Arms/videos/Triceps Pressdown (Bar).mp4,CONFLICT,candidate similarity score 0.60; incompatible  equipment
2879,Smith machine close-grip bench press-,smith-machine-close-grip-bench-press,222,Smith Machine Bench Press,smith-machine-bench-press,HIGH_CONFIDENCE,0.67,Triceps,Chest,Machine,Machine,,video/Chest/gif-male/Smith machine bench press male.gif,CONFLICT,context-constrained similarity score 0.67; multiple equal-confidence Supabase candidates
2880,Machine Triceps Extension - Gethin Variation,machine-triceps-extension,416,Machine Triceps Extension,machine-triceps-extension,EXACT_SLUG,1.00,Triceps,Full Arms,Machine,Other,,video/Full Arms/TRICEPS/gif-male/Machine triceps extension male.gif,CONFLICT,local derived slug equals Supabase slug; normalized local name equals normalized Supabase name; local alias equals Supabase name: machine triceps extension; local alias equals Supabase slug: machine triceps extension; incompatible  equipment
2881,Overhead Machine Triceps Extension - Gethin Variation,overhead-machine-triceps-extension,416,Machine Triceps Extension,machine-triceps-extension,REVIEW,0.74,Triceps,Full Arms,Machine,Other,,video/Full Arms/TRICEPS/gif-male/Machine triceps extension male.gif,CONFLICT,candidate similarity score 0.75; incompatible  equipment
2882,30 Arms Machine Triceps Dip,machine-triceps-dip,,,,UNMATCHED,0.00,Triceps,,Machine,,,,UNMATCHED,no deterministic Supabase slug/name/alias/media match
2883,Triceps dip,triceps-dip,,,,UNMATCHED,0.00,Triceps,,Body Only,,,,UNMATCHED,no deterministic Supabase slug/name/alias/media match
2884,Weighted bench dip,weighted-bench-dip,217,Weighted Dip,weighted-dip,HIGH_CONFIDENCE,0.67,Triceps,Chest,Body Only,Bodyweight,,video/Chest/gif-male/weighted-dips male.gif,CONFLICT,context-constrained similarity score 0.67; multiple equal-confidence Supabase candidates
2885,Push-Ups - Close Triceps Position,push-ups-close-triceps-position,,,,UNMATCHED,0.00,Triceps,,Body Only,,,,UNMATCHED,no deterministic Supabase slug/name/alias/media match
2886,Parallel Bar Dip,parallel-bar-dip,212,Parallel Bar Dip,parallel-bar-dip,EXACT_SLUG,1.00,Triceps,Chest,Body Only,Body Only,,video/Chest/gif-male/Parallel bars male.gif,VERIFIED,local derived slug equals Supabase slug; normalized local name equals normalized Supabase name; local alias equals Supabase name: parallel bar dip; local alias equals Supabase slug: parallel bar dip
2887,Ring dip,ring-dip,,,,UNMATCHED,0.00,Triceps,,Body Only,,,,UNMATCHED,no deterministic Supabase slug/name/alias/media match
2888,Feet-elevated bench dip,feet-elevated-bench-dip,447,Bench Dip,bench-dip,REVIEW,0.50,Triceps,Full Arms,Body Only,Body Only,,video/Full Arms/TRICEPS/gif-female/Bench dip femme.gif,REVIEW,candidate similarity score 0.50
2889,Bodyweight triceps press,bodyweight-triceps-press,,,,UNMATCHED,0.00,Triceps,,Body Only,,,,UNMATCHED,no deterministic Supabase slug/name/alias/media match
2890,Standing Towel Triceps Extension,standing-towel-triceps-extension,,,,UNMATCHED,0.00,Triceps,,Body Only,,,,UNMATCHED,no deterministic Supabase slug/name/alias/media match
2891,Tricep Side Stretch,tricep-side-stretch,,,,UNMATCHED,0.00,Triceps,,Body Only,,,,UNMATCHED,no deterministic Supabase slug/name/alias/media match
2892,Triceps Stretch,triceps-stretch,,,,UNMATCHED,0.00,Triceps,,Body Only,,,,UNMATCHED,no deterministic Supabase slug/name/alias/media match
2893,Overhead Triceps,overhead-triceps,435,Overhead Triceps Extensions,overhead-triceps-extensions,HIGH_CONFIDENCE,0.67,Triceps,Full Arms,Body Only,Bodyweight,,video/Full Arms/TRICEPS/gif-female/overhead triceps extensions femme.gif,HIGH_CONFIDENCE,context-constrained similarity score 0.67
2894,Russian Bar Dip,russian-bar-dip,212,Parallel Bar Dip,parallel-bar-dip,REVIEW,0.50,Triceps,Chest,Body Only,Body Only,,video/Chest/gif-male/Parallel bars male.gif,REVIEW,candidate similarity score 0.50
2895,Straight-arm plank with kick-back,straight-arm-plank-with-kick-back,,,,UNMATCHED,0.00,Triceps,,Body Only,,,,UNMATCHED,no deterministic Supabase slug/name/alias/media match
2896,TBS Dip,tbs-dip,,,,UNMATCHED,0.00,Triceps,,Body Only,,,,UNMATCHED,no deterministic Supabase slug/name/alias/media match
2897,Bench Dips - Gethin Variation,bench-dip,447,Bench Dip,bench-dip,EXACT_SLUG,1.00,Triceps,Full Arms,Body Only,Body Only,,video/Full Arms/TRICEPS/gif-female/Bench dip femme.gif,VERIFIED,local derived slug equals Supabase slug; normalized local name equals normalized Supabase name; local alias equals Supabase name: bench dip; local alias equals Supabase slug: bench dip
2898,Banded dip,banded-dip,,,,UNMATCHED,0.00,Triceps,,Body Only,,,,UNMATCHED,no deterministic Supabase slug/name/alias/media match
2899,Bench Dip - Gethin Variation,bench-dip,447,Bench Dip,bench-dip,EXACT_SLUG,1.00,Triceps,Full Arms,Body Only,Body Only,,video/Full Arms/TRICEPS/gif-female/Bench dip femme.gif,VERIFIED,local derived slug equals Supabase slug; normalized local name equals normalized Supabase name; local alias equals Supabase name: bench dip; local alias equals Supabase slug: bench dip
2900,HM Chair Dip,hm-chair-dip,,,,UNMATCHED,0.00,Triceps,,Body Only,,,,UNMATCHED,no deterministic Supabase slug/name/alias/media match
2901,Bench dip,bench-dip,447,Bench Dip,bench-dip,EXACT_SLUG,1.00,Triceps,Full Arms,Body Only,Body Only,,video/Full Arms/TRICEPS/gif-female/Bench dip femme.gif,CONFLICT,local derived slug equals Supabase slug; normalized local name equals normalized Supabase name; local alias equals Supabase name: bench dip; local alias equals Supabase slug: bench dip; incompatible category
2902,Holman Step Triceps Dip,holman-step-triceps-dip,,,,UNMATCHED,0.00,Triceps,,Body Only,,,,UNMATCHED,no deterministic Supabase slug/name/alias/media match
2903,Holman Chair Triceps Dip,holman-chair-triceps-dip,,,,UNMATCHED,0.00,Triceps,,Body Only,,,,UNMATCHED,no deterministic Supabase slug/name/alias/media match
2904,Bodyweight Triceps Rope Press,bodyweight-triceps-rope-press,467,Triceps Rope,triceps-rope,REVIEW,0.50,Triceps,Full Arms,Body Only,Bodyweight,,video/Full Arms/TRICEPS/gif-male/Triceps rope male.gif,REVIEW,candidate similarity score 0.50
2905,Holman Heavy Triceps Overhead Press,holman-heavy-triceps-overhead-press,,,,UNMATCHED,0.00,Triceps,,Body Only,,,,UNMATCHED,no deterministic Supabase slug/name/alias/media match
2906,Holman Couch Triceps Dip,holman-couch-triceps-dip,,,,UNMATCHED,0.00,Triceps,,Body Only,,,,UNMATCHED,no deterministic Supabase slug/name/alias/media match
2907,FYR2 Triceps Push-Up,triceps-push-up,230,Push-Up,push-up,HIGH_CONFIDENCE,0.67,Triceps,Chest,Body Only,Body Only,,video/Chest/videos/Push-up (Chest).mp4,HIGH_CONFIDENCE,context-constrained similarity score 0.67
2908,30 Arms Triceps Dip,triceps-dip,,,,UNMATCHED,0.00,Triceps,,Body Only,,,,UNMATCHED,no deterministic Supabase slug/name/alias/media match
2909,30 Arms Close-Grip Push-Up,close-grip-push-up,230,Push-Up,push-up,REVIEW,0.50,Triceps,Chest,Body Only,Body Only,,video/Chest/videos/Push-up (Chest).mp4,REVIEW,candidate similarity score 0.50
2910,30 Arms BFR Close-Grip Push-Up,bfr-close-grip-push-up,,,,UNMATCHED,0.00,Triceps,,Body Only,,,,UNMATCHED,no deterministic Supabase slug/name/alias/media match
2911,Supine Chest Throw,supine-chest-throw,,,,UNMATCHED,0.00,Triceps,,Medicine Ball,,,,UNMATCHED,no deterministic Supabase slug/name/alias/media match
2912,Decline EZ-bar skullcrusher,decline-ez-bar-skull-crusher,,,,UNMATCHED,0.00,Triceps,,E-Z Curl Bar,,,,UNMATCHED,no deterministic Supabase slug/name/alias/media match
2913,EZ-Bar Skullcrusher,ez-bar-skull-crusher,,,,UNMATCHED,0.00,Triceps,,E-Z Curl Bar,,,,UNMATCHED,no deterministic Supabase slug/name/alias/media match
2914,EZ-bar skullcrusher-,ez-bar-skull-crusher,,,,UNMATCHED,0.00,Triceps,,E-Z Curl Bar,,,,UNMATCHED,no deterministic Supabase slug/name/alias/media match
2915,Lying Close-Grip Barbell Triceps Press To Chin,lying-close-grip-barbell-triceps-press-to-chin,,,,UNMATCHED,0.00,Triceps,,E-Z Curl Bar,,,,UNMATCHED,no deterministic Supabase slug/name/alias/media match
2916,EZ-Bar Skullcrusher - Gethin Variation,ez-bar-skull-crusher,,,,UNMATCHED,0.00,Triceps,,E-Z Curl Bar,,,,UNMATCHED,no deterministic Supabase slug/name/alias/media match
2917,TBS Skullcrusher,tbs-skull-crusher,439,Cable Skullcrusher,cable-skullcrusher,REVIEW,0.50,Triceps,Full Arms,E-Z Curl Bar,Cable,,video/Full Arms/TRICEPS/gif-male/Cable skullcrusher  male.gif,CONFLICT,candidate similarity score 0.50; incompatible  equipment
2918,30 Arms EZ-Bar Skullcrusher,ez-bar-skull-crusher,,,,UNMATCHED,0.00,Triceps,,E-Z Curl Bar,,,,UNMATCHED,no deterministic Supabase slug/name/alias/media match
2919,Neck Flexion,neck-flexion,,,,UNMATCHED,0.00,Neck,,Cable,,,,UNMATCHED,no deterministic Supabase slug/name/alias/media match
2920,Lateral Neck Flexion,lateral-neck-flexion,,,,UNMATCHED,0.00,Neck,,Lever (plate loaded),,,,UNMATCHED,no deterministic Supabase slug/name/alias/media match
2921,Wall Front Neck Bridge,wall-front-neck-bridge,,,,UNMATCHED,0.00,Neck,,Body Weight,,,,UNMATCHED,no deterministic Supabase slug/name/alias/media match
2922,Wall Side Neck Bridge,wall-side-neck-bridge,,,,UNMATCHED,0.00,Neck,,Body Weight,,,,UNMATCHED,no deterministic Supabase slug/name/alias/media match
2923,Neck Extension,neck-extension,,,,UNMATCHED,0.00,Neck,,Cable,,,,UNMATCHED,no deterministic Supabase slug/name/alias/media match
2924,Seated Neck Extension,seated-neck-extension,,,,UNMATCHED,0.00,Neck,,Weighted,,,,UNMATCHED,no deterministic Supabase slug/name/alias/media match
2925,Seated Neck Extension: Harness,seated-neck-extension-harness,,,,UNMATCHED,0.00,Neck,,Weighted,,,,UNMATCHED,no deterministic Supabase slug/name/alias/media match
2926,Neck Retraction,neck-retraction,,,,UNMATCHED,0.00,Neck,,Band Resistive,,,,UNMATCHED,no deterministic Supabase slug/name/alias/media match
2927,Wall Rear Neck Bridge,wall-rear-neck-bridge,,,,UNMATCHED,0.00,Neck,,Body Weight,,,,UNMATCHED,no deterministic Supabase slug/name/alias/media match
2928,Lying Neck Retraction,lying-neck-retraction,,,,UNMATCHED,0.00,Neck,,Isometric,,,,UNMATCHED,no deterministic Supabase slug/name/alias/media match
2929,Front Raise,front-raise,,,,UNMATCHED,0.00,Shoulder,,Barbell,,,,UNMATCHED,no deterministic Supabase slug/name/alias/media match
2930,Military Press: Seated,military-press-seated,648,Military Press,military-press,REVIEW,0.67,Shoulder,shoulders,Barbell,Barbell,,video/shoulders/videos/Military Press.mp4,CONFLICT,candidate similarity score 0.67; incompatible category
2931,Front Raise: Alternating,front-raise-alternating,,,,UNMATCHED,0.00,Shoulder,,Cable,,,,UNMATCHED,no deterministic Supabase slug/name/alias/media match
2932,Front Raise: One Arm,front-raise-single-arm,,,,UNMATCHED,0.00,Shoulder,,Cable,,,,UNMATCHED,no deterministic Supabase slug/name/alias/media match
2933,Shoulder Press,shoulder-press,631,Lever Shoulder Press,lever-shoulder-press,REVIEW,0.67,Shoulder,shoulders,Cable,Cable,,video/shoulders/gif-male/Lever Shoulder Press male.gif,CONFLICT,candidate similarity score 0.67; incompatible category
2934,Shoulder Press: Seated,shoulder-press-seated,631,Lever Shoulder Press,lever-shoulder-press,REVIEW,0.50,Shoulder,shoulders,Cable,Cable,,video/shoulders/gif-male/Lever Shoulder Press male.gif,CONFLICT,candidate similarity score 0.50; incompatible category
2935,Shoulder Press: One Arm,shoulder-press-single-arm,,,,UNMATCHED,0.00,Shoulder,,Dumbbell,,,,UNMATCHED,no deterministic Supabase slug/name/alias/media match
2936,Reclined Shoulder Press,reclined-shoulder-press,,,,UNMATCHED,0.00,Shoulder,,Lever (plate loaded),,,,UNMATCHED,no deterministic Supabase slug/name/alias/media match
2937,Shoulder Press: Parallel Grip,shoulder-press-parallel-grip,,,,UNMATCHED,0.00,Shoulder,,Lever (selectorized),,,,UNMATCHED,no deterministic Supabase slug/name/alias/media match
2938,Pike Press (between benches),pike-press-between-benches,,,,UNMATCHED,0.00,Shoulder,,Body Weight,,,,UNMATCHED,no deterministic Supabase slug/name/alias/media match
2939,Pike Press (between benches): Elevated (between benches),pike-press-between-benches-elevated-between-benches,,,,UNMATCHED,0.00,Shoulder,,Body Weight,,,,UNMATCHED,no deterministic Supabase slug/name/alias/media match
2940,Upright Row,upright-row,73,Barbell Upright Row,barbell-upright-row,HIGH_CONFIDENCE,0.67,Shoulder,BACK and TRAPEZIUS,Barbell,Barbell,traps.mp4,video/BACK and TRAPEZIUS/gif-male/Barbell upright row male.gif,CONFLICT,context-constrained similarity score 0.67; multiple equal-confidence Supabase candidates
2941,Lateral Raise,lateral-raise,649,Dumbbell Lateral Raise,dumbbell-lateral-raise,ALIAS_MEDIA_MATCH,0.99,Shoulder,shoulders,Cable,Dumbbell,DB LATERAL RAISE.mp4,video/shoulders/videos/Dumbbell Lateral Raise.mp4,CONFLICT,local linked video filename equals Supabase media filename: DB LATERAL RAISE.mp4; incompatible category equipment
2942,Lateral Raise: One Arm,lateral-raise-single-arm,,,,UNMATCHED,0.00,Shoulder,,Cable,,,,UNMATCHED,no deterministic Supabase slug/name/alias/media match
2943,Upright Row: One Arm,upright-row-single-arm,63,Single-Arm Dumbbell Row,single-arm-dumbbell-row,REVIEW,0.60,Shoulder,BACK and TRAPEZIUS,Cable,Dumbbell,,video/BACK and TRAPEZIUS/gif-female/Single-arm row with bench support femme.gif,CONFLICT,candidate similarity score 0.60; incompatible  equipment
2944,Upright Row: with rope,upright-row-with-rope,,,,UNMATCHED,0.00,Shoulder,,Cable,,,,UNMATCHED,no deterministic Supabase slug/name/alias/media match
2945,Y Raise,y-raise,,,,UNMATCHED,0.00,Shoulder,,Cable,,,,UNMATCHED,no deterministic Supabase slug/name/alias/media match
2946,Incline Lateral Raise,incline-lateral-raise,632,Incline Lateral Raise,incline-lateral-raise,EXACT_SLUG,1.00,Shoulder,shoulders,Dumbbell,Dumbbell,,video/shoulders/gif-female/Incline lateral raise femme.gif,CONFLICT,local derived slug equals Supabase slug; normalized local name equals normalized Supabase name; local alias equals Supabase name: incline lateral raise; local alias equals Supabase slug: incline lateral raise; incompatible category
2947,Lateral Raise: other machine,lateral-raise-other-machine,655,Lateral Raise Machine,lateral-raise-machine,REVIEW,0.74,Shoulder,shoulders,Lever (selectorized),Machine,,video/shoulders/videos/Lateral Raise Machine.mp4,CONFLICT,candidate similarity score 0.75; incompatible category
2948,Rear Delt Row,rear-delt-row,184,Rear Delt Fly,rear-delt-fly,REVIEW,0.50,Shoulder,BACK and TRAPEZIUS,Barbell,Barbell,,video/BACK and TRAPEZIUS/videos/Rear Delt Fly.mp4,CONFLICT,candidate similarity score 0.50; incompatible category
2949,Reverse Fly,reverse-fly,184,Rear Delt Fly,rear-delt-fly,ALIAS_MEDIA_MATCH,0.99,Shoulder,BACK and TRAPEZIUS,Cable,Barbell,Rear Delt Fly.mp4,video/BACK and TRAPEZIUS/videos/Rear Delt Fly.mp4,CONFLICT,local linked video filename equals Supabase media filename: Rear Delt Fly.mp4; incompatible category equipment
2950,Rear Delt Row: Standing Rear Delt Row (stirrups),rear-delt-row-standing-rear-delt-row-stirrups,,,,UNMATCHED,0.00,Shoulder,,Cable,,,,UNMATCHED,no deterministic Supabase slug/name/alias/media match
2951,Rear Lateral Raise,rear-lateral-raise,610,Cable Lateral Raise,cable-lateral-raise,REVIEW,0.50,Shoulder,shoulders,Cable,Cable,,video/shoulders/gif-female/Cable lateral raise femme.gif,CONFLICT,candidate similarity score 0.50; incompatible category
2952,Seated Rear Lateral Raise,seated-rear-lateral-raise,,,,UNMATCHED,0.00,Shoulder,,Dumbbell,,,,UNMATCHED,no deterministic Supabase slug/name/alias/media match
2953,Lying Rear Lateral Raise,lying-rear-lateral-raise,,,,UNMATCHED,0.00,Shoulder,,Lever (plate loaded),,,,UNMATCHED,no deterministic Supabase slug/name/alias/media match
2954,Seated Rear Delt Row,seated-rear-delt-row,663,Rear Delt,rear-delt,REVIEW,0.50,Shoulder,shoulders,Lever (plate loaded),Machine,,video/shoulders/videos/Rear Delt.mp4,CONFLICT,candidate similarity score 0.50; incompatible category
2955,Seated Rear Delt Row: alternative machine,seated-rear-delt-row-alternative-machine,,,,UNMATCHED,0.00,Shoulder,,Lever (plate loaded),,,,UNMATCHED,no deterministic Supabase slug/name/alias/media match
2956,Seated Reverse Fly,seated-reverse-fly,60,Dumbbell Reverse Fly,dumbbell-reverse-fly,REVIEW,0.50,Shoulder,BACK and TRAPEZIUS|shoulders,Lever (selectorized),Dumbbell,,video/BACK and TRAPEZIUS/gif-female/Dumbbell Reverse Fly femme.gif,CONFLICT,candidate similarity score 0.50; incompatible  equipment
2957,Seated Reverse Fly: pronated grip,seated-reverse-fly-pronated-grip,,,,UNMATCHED,0.00,Shoulder,,Lever (selectorized),,,,UNMATCHED,no deterministic Supabase slug/name/alias/media match
2958,Rear Delt Inverted Row (high bar),rear-delt-inverted-row-high-bar,,,,UNMATCHED,0.00,Shoulder,,Body Weight,,,,UNMATCHED,no deterministic Supabase slug/name/alias/media match
2959,Rear Delt Inverted Row (on hips),rear-delt-inverted-row-on-hips,,,,UNMATCHED,0.00,Shoulder,,Body Weight,,,,UNMATCHED,no deterministic Supabase slug/name/alias/media match
2960,Front Lateral Raise,front-lateral-raise,610,Cable Lateral Raise,cable-lateral-raise,REVIEW,0.50,Shoulder,shoulders,Cable,Cable,,video/shoulders/gif-female/Cable lateral raise femme.gif,CONFLICT,candidate similarity score 0.50; incompatible category
2961,Full Can Lateral Raise,full-can-lateral-raise,,,,UNMATCHED,0.00,Shoulder,,Dumbbell,,,,UNMATCHED,no deterministic Supabase slug/name/alias/media match
2962,Lying Lateral Raise,lying-lateral-raise,632,Incline Lateral Raise,incline-lateral-raise,REVIEW,0.50,Shoulder,shoulders,Dumbbell,Dumbbell,,video/shoulders/gif-female/Incline lateral raise femme.gif,CONFLICT,candidate similarity score 0.50; incompatible category
2963,Triceps Dip: kneeling,triceps-dip-kneeling,,,,UNMATCHED,0.00,Upper Arms,,Assisted,,,,UNMATCHED,no deterministic Supabase slug/name/alias/media match
2964,Lying Triceps Extension,lying-triceps-extension,,,,UNMATCHED,0.00,Upper Arms,,Barbell,,,,UNMATCHED,no deterministic Supabase slug/name/alias/media match
2965,Lying Triceps Extension: Skull Crusher,lying-triceps-extension-skull-crusher,,,,UNMATCHED,0.00,Upper Arms,,Barbell,,,,UNMATCHED,no deterministic Supabase slug/name/alias/media match
2966,Triceps Extension,triceps-extension,,,,UNMATCHED,0.00,Upper Arms,,Barbell,,,,UNMATCHED,no deterministic Supabase slug/name/alias/media match
2967,Bent-over Triceps Extension,bent-over-triceps-extension,,,,UNMATCHED,0.00,Upper Arms,,Cable,,,,UNMATCHED,no deterministic Supabase slug/name/alias/media match
2968,Pushdown,push-down,450,Triceps Pressdown,triceps-pressdown,REVIEW,0.67,Upper Arms,Full Arms,Cable,Cable,,video/Full Arms/videos/Triceps Pressdown (Bar).mp4,CONFLICT,candidate similarity score 0.67; incompatible category
2969,Pushdown: One Arm,push-down-single-arm,,,,UNMATCHED,0.00,Upper Arms,,Cable,,,,UNMATCHED,no deterministic Supabase slug/name/alias/media match
2970,Pushdown: with back support,push-down-with-back-support,,,,UNMATCHED,0.00,Upper Arms,,Cable,,,,UNMATCHED,no deterministic Supabase slug/name/alias/media match
2971,Pushdown: with V-bar attachment,push-down-with-v-bar-attachment,427,V-Bar Triceps Pushdown,v-bar-triceps-pushdown,REVIEW,0.57,Upper Arms,Full Arms,Cable,Cable,,video/Full Arms/TRICEPS/gif-female/V-bar tricep pushdown femme.gif,CONFLICT,candidate similarity score 0.57; incompatible category
2972,Triceps Extension: with rope,triceps-extension-with-rope,,,,UNMATCHED,0.00,Upper Arms,,Cable,,,,UNMATCHED,no deterministic Supabase slug/name/alias/media match
2973,Kickback,kick-back,402,Dumbbell Triceps Kickback,dumbbell-triceps-kickback,REVIEW,0.50,Upper Arms,Full Arms,Dumbbell,Dumbbell,,video/Full Arms/TRICEPS/gif-female/Dumbbell tricep kickback femme.gif,CONFLICT,candidate similarity score 0.50; multiple equal-confidence Supabase candidates
2974,One Arm Triceps Extension (on bench),single-arm-triceps-extension-on-bench,476,Single Arm Triceps Extension,single-arm-triceps-extension,REVIEW,0.67,Upper Arms,Full Arms,Dumbbell,Dumbbell,,video/Full Arms/TRICEPS/gif-male/Single-arm triceps extension male.gif,CONFLICT,candidate similarity score 0.67; incompatible category
2975,Triceps Dip: alternative machine,triceps-dip-alternative-machine,,,,UNMATCHED,0.00,Upper Arms,,Lever (selectorized),,,,UNMATCHED,no deterministic Supabase slug/name/alias/media match
2976,Triceps Extension: with preacher pad New!,triceps-extension-with-preacher-pad-new,,,,UNMATCHED,0.00,Upper Arms,,Lever (selectorized),,,,UNMATCHED,no deterministic Supabase slug/name/alias/media match
2977,Standing Triceps Dip,standing-triceps-dip,,,,UNMATCHED,0.00,Upper Arms,,Sled,,,,UNMATCHED,no deterministic Supabase slug/name/alias/media match
2978,Bench Dip: heel on floor,bench-dip-heel-on-floor,,,,UNMATCHED,0.00,Upper Arms,,Body Weight,,,,UNMATCHED,no deterministic Supabase slug/name/alias/media match
2979,Close Grip Push-up,close-grip-push-up,,,,UNMATCHED,0.00,Upper Arms,,Body Weight,,,,UNMATCHED,no deterministic Supabase slug/name/alias/media match
2980,Close Grip Push-up: on knees,close-grip-push-up-on-knees,,,,UNMATCHED,0.00,Upper Arms,,Body Weight,,,,UNMATCHED,no deterministic Supabase slug/name/alias/media match
2981,Close Grip Push-up: Incline on bar,close-grip-push-up-incline-on-bar,,,,UNMATCHED,0.00,Upper Arms,,Body Weight,,,,UNMATCHED,no deterministic Supabase slug/name/alias/media match
2982,Curl,curl,415,Reverse Curl,reverse-curl,REVIEW,0.50,Upper Arms,Full Arms,Barbell,Barbell,,video/Full Arms/Biceps and Forearm/gif-female/dumbbell-reverse-curl femme.gif,CONFLICT,candidate similarity score 0.50; incompatible category
2983,Alternating Curl,alternating-curl,457,Alternating Curl,alternating-curl,EXACT_SLUG,1.00,Upper Arms,Full Arms,Cable,Cable,,video/Full Arms/Biceps and Forearm/gif-male/Alternating curl male.gif,CONFLICT,local derived slug equals Supabase slug; normalized local name equals normalized Supabase name; local alias equals Supabase name: alternating curl; local alias equals Supabase slug: alternating curl; incompatible category
2984,Curl: with stirrups,curl-with-stirrups,,,,UNMATCHED,0.00,Upper Arms,,Cable,,,,UNMATCHED,no deterministic Supabase slug/name/alias/media match
2985,Curl: One Arm Curl,curl-single-arm-curl,461,Cable One Arm Curl,cable-one-arm-curl,REVIEW,0.74,Upper Arms,Full Arms,Cable,Cable,,video/Full Arms/Biceps and Forearm/gif-female/cable-one-arm-curl femme.gif,CONFLICT,candidate similarity score 0.75; incompatible category
2986,Incline Curl,incline-curl,418,Dumbbell Incline Hammer Curl,dumbbell-incline-hammer-curl,REVIEW,0.50,Upper Arms,Full Arms,Dumbbell,Dumbbell,,video/Full Arms/Biceps and Forearm/gif-female/dumbbell-incline-hammer-curl femme.gif,CONFLICT,candidate similarity score 0.50; incompatible category
2987,Inverted Biceps Row,inverted-biceps-row,,,,UNMATCHED,0.00,Upper Arms,,Body Weight,,,,UNMATCHED,no deterministic Supabase slug/name/alias/media match
2988,Prone Incline Curl,prone-incline-curl,,,,UNMATCHED,0.00,Upper Arms,,Barbell,,,,UNMATCHED,no deterministic Supabase slug/name/alias/media match
2989,Preacher Curl: Stirrups,preacher-curl-stirrups,388,Machine Preacher Curl,machine-preacher-curl,REVIEW,0.50,Upper Arms,Full Arms,Cable,Machine,,video/Full Arms/Biceps and Forearm/gif-male/Machine preacher curl male.gif,CONFLICT,candidate similarity score 0.50; incompatible  equipment
2990,Preacher Curl: arms high,preacher-curl-arms-high,,,,UNMATCHED,0.00,Upper Arms,,Lever (plate loaded),,,,UNMATCHED,no deterministic Supabase slug/name/alias/media match
2991,Arm Curl,arm-curl,,,,UNMATCHED,0.00,Upper Arms,,Suspended,,,,UNMATCHED,no deterministic Supabase slug/name/alias/media match
2992,Reverse Curl,reverse-curl,415,Reverse Curl,reverse-curl,EXACT_SLUG,1.00,Forearm,Full Arms,Barbell,Barbell,,video/Full Arms/Biceps and Forearm/gif-female/dumbbell-reverse-curl femme.gif,CONFLICT,local derived slug equals Supabase slug; normalized local name equals normalized Supabase name; local alias equals Supabase name: reverse curl; local alias equals Supabase slug: reverse curl; incompatible category
2993,Wrist Curl,wrist-curl,417,Barbell Wrist Curl,barbell-wrist-curl,HIGH_CONFIDENCE,0.67,Forearm,Full Arms,Barbell,Barbell,,video/Full Arms/Biceps and Forearm/gif-male/Barbell wrist curl male.gif,CONFLICT,context-constrained similarity score 0.67; multiple equal-confidence Supabase candidates
2994,Grip,grip,,,,UNMATCHED,0.00,Forearm,,Lever (plate loaded),,,,UNMATCHED,no deterministic Supabase slug/name/alias/media match
2995,One Hand Grip,one-hand-grip,486,Forearm Hand Grip,forearm-hand-grip,REVIEW,0.50,Forearm,Full Arms,Sled (selectorized),Bodyweight,,video/Full Arms/Biceps and Forearm/gif-male/Forearm Hand grip male.gif,CONFLICT,candidate similarity score 0.50; incompatible  equipment
2996,One Hand,one-hand,,,,UNMATCHED,0.00,Forearm,,Sled (plate loaded),,,,UNMATCHED,no deterministic Supabase slug/name/alias/media match
2997,Reverse Wrist Curl,reverse-wrist-curl,437,Forearm Reverse Wrist Curl,forearm-reverse-wrist-curl,HIGH_CONFIDENCE,0.75,Forearm,Full Arms,Barbell,Barbell,,video/Full Arms/Biceps and Forearm/gif-male/Forearm Reverse wrist curl male.gif,HIGH_CONFIDENCE,context-constrained similarity score 0.75
2998,Seated Pronation,seated-pronation,,,,UNMATCHED,0.00,Forearm,,Dumbbell,,,,UNMATCHED,no deterministic Supabase slug/name/alias/media match
2999,Seated Supination,seated-supination,,,,UNMATCHED,0.00,Forearm,,Dumbbell,,,,UNMATCHED,no deterministic Supabase slug/name/alias/media match
3000,Bent-over Row,bent-over-row,78,Bent-Over Barbell Row,bent-over-barbell-row,REVIEW,0.74,Back,BACK and TRAPEZIUS,Barbell,Barbell,Cable Back Row 1.mp4,video/BACK and TRAPEZIUS/gif-male/Bent-Over Barbell Row male.gif,CONFLICT,candidate similarity score 0.75; incompatible category
3001,Bent-over Row: Underhand,bent-over-row-underhand,78,Bent-Over Barbell Row,bent-over-barbell-row,REVIEW,0.60,Back,BACK and TRAPEZIUS,Barbell,Barbell,Cable Back Row 1.mp4,video/BACK and TRAPEZIUS/gif-male/Bent-Over Barbell Row male.gif,CONFLICT,candidate similarity score 0.60; incompatible category
3002,One Arm Bent-over Row,single-arm-bent-over-row,166,Cable Back Row 3,cable-back-row-3,REVIEW,0.60,Back,BACK and TRAPEZIUS,Cable,Cable,Cable Back Row 1.mp4,video/BACK and TRAPEZIUS/videos/Cable Back Row 3.mp4,CONFLICT,candidate similarity score 0.60; incompatible category
3003,One Arm Straight Back Seated High Row,single-arm-straight-back-seated-high-row,,,,UNMATCHED,0.00,Back,,Cable,,,,UNMATCHED,no deterministic Supabase slug/name/alias/media match
3004,Seated Row,seated-row,173,Cable Row Mid Lats,cable-row-mid-lats,ALIAS_MEDIA_MATCH,0.99,Back,BACK and TRAPEZIUS,Cable,Cable,Cable Row Grip Mid Lats.mp4,video/BACK and TRAPEZIUS/videos/Cable Row Grip Mid Lats.mp4,VERIFIED,local linked video filename equals Supabase media filename: Cable Row Grip Mid Lats.mp4
3005,Seated Row: Straight Back,seated-row-straight-back,,,,UNMATCHED,0.00,Back,,Cable,,,,UNMATCHED,no deterministic Supabase slug/name/alias/media match
3006,Seated Wide Grip Row,seated-wide-grip-row,172,Cable Row Mid and Lower Lats,cable-row-mid-lower-lats,ALIAS_MEDIA_MATCH,0.99,Back,BACK and TRAPEZIUS,Cable,Cable,Cable Row Grip Mid Lats & Lower Lats.mp4,video/BACK and TRAPEZIUS/videos/Cable Row Grip Mid Lats & Lower Lats.mp4,VERIFIED,local linked video filename equals Supabase media filename: Cable Row Grip Mid Lats & Lower Lats.mp4
3007,Seated Wide Grip Row: Straight Back,seated-wide-grip-row-straight-back,,,,UNMATCHED,0.00,Back,,Cable,,,,UNMATCHED,no deterministic Supabase slug/name/alias/media match
3008,Lying Row,lying-row,,,,UNMATCHED,0.00,Back,,Dumbbell,,,,UNMATCHED,no deterministic Supabase slug/name/alias/media match
3009,Incline Row,incline-row,172,Cable Row Mid and Lower Lats,cable-row-mid-lower-lats,ALIAS_MEDIA_MATCH,0.99,Back,BACK and TRAPEZIUS,Lever (plate loaded),Cable,Cable Row Grip Mid Lats & Lower Lats.mp4,video/BACK and TRAPEZIUS/videos/Cable Row Grip Mid Lats & Lower Lats.mp4,CONFLICT,local linked video filename equals Supabase media filename: Cable Row Grip Mid Lats & Lower Lats.mp4; incompatible  equipment
3010,Incline Row: Close Grip,incline-row-close-grip,87,Close-Grip Barbell Row,close-grip-barbell-row,REVIEW,0.60,Back,BACK and TRAPEZIUS,Lever (plate loaded),Barbell,,video/BACK and TRAPEZIUS/gif-male/Close-grip barbell male.gif,CONFLICT,candidate similarity score 0.60; incompatible  equipment
3011,Seated Rows,seated-row,173,Cable Row Mid Lats,cable-row-mid-lats,ALIAS_MEDIA_MATCH,0.99,Back,BACK and TRAPEZIUS,Lever (plate loaded),Cable,Cable Row Grip Mid Lats.mp4,video/BACK and TRAPEZIUS/videos/Cable Row Grip Mid Lats.mp4,CONFLICT,local linked video filename equals Supabase media filename: Cable Row Grip Mid Lats.mp4; incompatible  equipment
3012,Seated Rows: Narrow Grip,seated-row-narrow-grip,,,,UNMATCHED,0.00,Back,,Lever (plate loaded),,,,UNMATCHED,no deterministic Supabase slug/name/alias/media match
3013,Seated Rows: Wide Grip Low Bar,seated-row-wide-grip-low-bar,165,Wide-Grip T-Bar Row,wide-grip-t-bar-row,REVIEW,0.57,Back,BACK and TRAPEZIUS,Lever (plate loaded),Bodyweight,,video/BACK and TRAPEZIUS/gif-male/Wide-grip T-bar row male.gif,CONFLICT,candidate similarity score 0.57; incompatible  equipment
3014,Seated Rows (Others),seated-row-others,59,Seated Cable Row,seated-cable-row,REVIEW,0.50,Back,BACK and TRAPEZIUS,Lever (plate loaded),Cable,,video/BACK and TRAPEZIUS/gif-female/cable-seated-row femme.gif,CONFLICT,candidate similarity score 0.50; incompatible  equipment
3015,Seated Rows (Others): Seated Low Row,seated-row-others-seated-low-row,,,,UNMATCHED,0.00,Back,,Lever (plate loaded),,,,UNMATCHED,no deterministic Supabase slug/name/alias/media match
3016,Seated Rows (Others): Seated High Row,seated-row-others-seated-high-row,,,,UNMATCHED,0.00,Back,,Lever (plate loaded),,,,UNMATCHED,no deterministic Supabase slug/name/alias/media match
3017,T-bar Row: Close grip,t-bar-row-close-grip,150,Single-Arm Close-Grip T-Bar Row,single-arm-close-grip-t-bar-row,REVIEW,0.71,Back,BACK and TRAPEZIUS,Lever (plate loaded),Bodyweight,,"video/BACK and TRAPEZIUS/gif-male/T-bar row (single-arm, close-grip) male.gif",CONFLICT,candidate similarity score 0.71; incompatible  equipment
3018,Seated Row: Wide Grip,seated-row-wide-grip,68,Banded Wide-Grip Row,banded-wide-grip-row,REVIEW,0.60,Back,BACK and TRAPEZIUS,Lever (selectorized),Bodyweight,,video/BACK and TRAPEZIUS/gif-male/banded-wide-grip-row male.gif,CONFLICT,candidate similarity score 0.60; incompatible  equipment
3019,Seated Row (no chest pad),seated-row-no-chest-pad,,,,UNMATCHED,0.00,Back,,Lever (selectorized),,,,UNMATCHED,no deterministic Supabase slug/name/alias/media match
3020,Seated Row (no chest pad): Straight Back,seated-row-no-chest-pad-straight-back,,,,UNMATCHED,0.00,Back,,Lever (selectorized),,,,UNMATCHED,no deterministic Supabase slug/name/alias/media match
3021,Underhand Seated Row,underhand-seated-row,173,Cable Row Mid Lats,cable-row-mid-lats,ALIAS_MEDIA_MATCH,0.99,Back,BACK and TRAPEZIUS,Lever (selectorized),Cable,Cable Row Grip Mid Lats.mp4,video/BACK and TRAPEZIUS/videos/Cable Row Grip Mid Lats.mp4,CONFLICT,local linked video filename equals Supabase media filename: Cable Row Grip Mid Lats.mp4; incompatible  equipment
3022,Inverted Row,inverted-row,112,Inverted Row,inverted-row,EXACT_SLUG,1.00,Back,BACK and TRAPEZIUS,Weighted,Bodyweight,,video/BACK and TRAPEZIUS/gif-male/inverted-row male.gif,CONFLICT,local derived slug equals Supabase slug; normalized local name equals normalized Supabase name; local alias equals Supabase name: inverted row; local alias equals Supabase slug: inverted row; incompatible category equipment
3023,Inverted Row: Feet Elevated,inverted-row-feet-elevated,,,,UNMATCHED,0.00,Back,,Body Weight,,,,UNMATCHED,no deterministic Supabase slug/name/alias/media match
3024,Inverted Row: High Bar,inverted-row-high-bar,,,,UNMATCHED,0.00,Back,,Body Weight,,,,UNMATCHED,no deterministic Supabase slug/name/alias/media match
3025,Inverted Row: On Hips,inverted-row-on-hips,,,,UNMATCHED,0.00,Back,,Body Weight,,,,UNMATCHED,no deterministic Supabase slug/name/alias/media match
3026,Inverted Row: One Arm,inverted-row-single-arm,63,Single-Arm Dumbbell Row,single-arm-dumbbell-row,REVIEW,0.60,Back,BACK and TRAPEZIUS,Suspended,Dumbbell,,video/BACK and TRAPEZIUS/gif-female/Single-arm row with bench support femme.gif,CONFLICT,candidate similarity score 0.60; incompatible  equipment
3027,Row,row,,,,UNMATCHED,0.00,Back,,Suspended,,,,UNMATCHED,no deterministic Supabase slug/name/alias/media match
3028,Row: One Arm,row-single-arm,,,,UNMATCHED,0.00,Back,,Suspended,,,,UNMATCHED,no deterministic Supabase slug/name/alias/media match
3029,Pull-up (open-centered bar),pullup-open-centered-bar,,,,UNMATCHED,0.00,Back,,Assisted (machine),,,,UNMATCHED,no deterministic Supabase slug/name/alias/media match
3030,Pull-up (open-centered bar): Standing,pullup-open-centered-bar-standing,,,,UNMATCHED,0.00,Back,,Assisted (machine),,,,UNMATCHED,no deterministic Supabase slug/name/alias/media match
3031,Parallel Close Grip Pull-up,parallel-close-grip-pullup,180,Pulldown Lower Lats 1,pulldown-lower-lats-1,ALIAS_MEDIA_MATCH,0.99,Back,BACK and TRAPEZIUS,Assisted (machine),Bodyweight,pulldown Lower Lats 1.mp4,video/BACK and TRAPEZIUS/videos/pulldown Lower Lats 1.mp4,CONFLICT,local linked video filename equals Supabase media filename: pulldown Lower Lats 1.mp4; incompatible  equipment
3032,Pullover,pullover,171,Cable Pullover,cable-pullover,ALIAS_MEDIA_MATCH,0.99,Back,BACK and TRAPEZIUS,Barbell,Cable,Cable Pullover.mp4,video/BACK and TRAPEZIUS/videos/Cable Pullover.mp4,CONFLICT,local linked video filename equals Supabase media filename: Cable Pullover.mp4; incompatible  equipment
3033,Bent-over Pullover,bent-over-pullover,171,Cable Pullover,cable-pullover,ALIAS_MEDIA_MATCH,0.99,Back,BACK and TRAPEZIUS,Cable,Cable,Cable Pullover.mp4,video/BACK and TRAPEZIUS/videos/Cable Pullover.mp4,CONFLICT,local linked video filename equals Supabase media filename: Cable Pullover.mp4; incompatible category
3034,Close Grip Pulldown,close-grip-pulldown,180,Pulldown Lower Lats 1,pulldown-lower-lats-1,ALIAS_MEDIA_MATCH,0.99,Back,BACK and TRAPEZIUS,Cable,Bodyweight,pulldown Lower Lats 1.mp4,video/BACK and TRAPEZIUS/videos/pulldown Lower Lats 1.mp4,CONFLICT,local linked video filename equals Supabase media filename: pulldown Lower Lats 1.mp4; incompatible  equipment
3035,Pulldown,pulldown,127,Pulldown,pulldown,EXACT_SLUG,1.00,Back,BACK and TRAPEZIUS,Cable,Cable,pulldown Entire Lats.mp4,video/BACK and TRAPEZIUS/gif-male/Pulldown male.gif,VERIFIED,local derived slug equals Supabase slug; normalized local name equals normalized Supabase name; local alias equals Supabase name: pulldown; local alias equals Supabase slug: pulldown
3036,Pulldown: Parallel Grip Pulldown,pulldown-parallel-grip-pulldown,,,,UNMATCHED,0.00,Back,,Cable,,,,UNMATCHED,no deterministic Supabase slug/name/alias/media match
3037,Pullup/Chinup,pullup-chinup,179,Pulldown Entire Lats,pulldown-entire-lats,ALIAS_MEDIA_MATCH,0.99,Back,BACK and TRAPEZIUS,Cable,Bodyweight,pulldown Entire Lats.mp4,video/BACK and TRAPEZIUS/videos/pulldown  Entire Lats.mp4,CONFLICT,local linked video filename equals Supabase media filename: pulldown Entire Lats.mp4; incompatible  equipment
3038,Pullup/Chinup: Chinup,pullup-chinup-chinup,86,Chin-Up,chin-up,REVIEW,0.50,Back,BACK and TRAPEZIUS,Cable,Body Only,,video/BACK and TRAPEZIUS/gif-male/chin-ups male.gif,CONFLICT,candidate similarity score 0.50; incompatible  equipment
3039,Pullup/Chinup: Parallel Close Grip Pull-up,pullup-chinup-parallel-close-grip-pullup,90,Close-Grip Pronated Pull-Up,close-grip-pronated-pull-up,REVIEW,0.50,Back,BACK and TRAPEZIUS,Cable,Pull-Up Bar,,video/BACK and TRAPEZIUS/gif-male/Close-grip pronated pull-up male.gif,CONFLICT,candidate similarity score 0.50; incompatible  equipment
3040,Pullup/Chinup: Parallel Grip Pull-up,pullup-chinup-parallel-grip-pullup,,,,UNMATCHED,0.00,Back,,Cable,,,,UNMATCHED,no deterministic Supabase slug/name/alias/media match
3041,Pullup/Chinup: Pull-up,pullup-chinup-pullup,86,Chin-Up,chin-up,REVIEW,0.50,Back,BACK and TRAPEZIUS,Cable,Body Only,,video/BACK and TRAPEZIUS/gif-male/chin-ups male.gif,CONFLICT,candidate similarity score 0.50; incompatible  equipment
3042,Underhand Pulldown,underhand-pulldown,180,Pulldown Lower Lats 1,pulldown-lower-lats-1,ALIAS_MEDIA_MATCH,0.99,Back,BACK and TRAPEZIUS,Cable,Bodyweight,pulldown Lower Lats 1.mp4,video/BACK and TRAPEZIUS/videos/pulldown Lower Lats 1.mp4,CONFLICT,local linked video filename equals Supabase media filename: pulldown Lower Lats 1.mp4; incompatible  equipment
3043,Front Pulldown,front-pulldown,176,Front Pulldown,front-pulldown,EXACT_SLUG,1.00,Back,BACK and TRAPEZIUS,Lever (selectorized),Lever (selectorized),pulldown Entire Lats.mp4,video/BACK and TRAPEZIUS/videos/Front Pulldown (Back).mp4,VERIFIED,local derived slug equals Supabase slug; normalized local name equals normalized Supabase name; local alias equals Supabase name: front pulldown; local alias equals Supabase slug: front pulldown
3044,Archer Pull-up,archer-pullup,126,Pull-Up,pull-up,REVIEW,0.50,Back,BACK and TRAPEZIUS,Band-assisted,Body Only,,video/BACK and TRAPEZIUS/gif-male/pull-up male.gif,CONFLICT,candidate similarity score 0.50; incompatible  equipment
3045,Pull-up: Parallel Grip,pullup-parallel-grip,122,Wide-Grip Pull-Up,wide-grip-pull-up,REVIEW,0.50,Back,BACK and TRAPEZIUS,Band-assisted,Bodyweight,,video/BACK and TRAPEZIUS/gif-male/male Wide-grip pull-up.gif,CONFLICT,candidate similarity score 0.50; incompatible  equipment
3046,One Arm Pull-up New!,single-arm-pullup-new,,,,UNMATCHED,0.00,Back,,Body Weight,,,,UNMATCHED,no deterministic Supabase slug/name/alias/media match
3047,Pull-up: Self-assisted,pullup-self-assisted,57,Band-Assisted Pull-Up,band-assisted-pull-up,REVIEW,0.50,Back,BACK and TRAPEZIUS,Suspension,Bands,,video/BACK and TRAPEZIUS/gif-female/band-assisted-pull-up  femme.gif,CONFLICT,candidate similarity score 0.50; incompatible  equipment
3048,Shrug,shrug,58,Cable Shrug,cable-shrug,REVIEW,0.50,Back,BACK and TRAPEZIUS,Barbell,Cable,traps.mp4,video/BACK and TRAPEZIUS/gif-female/Cable Shrug femme.gif,CONFLICT,candidate similarity score 0.50; incompatible  equipment
3049,Trap Bar Shrug,trap-bar-shrug,188,Trap Bar Shrug,trap-bar-shrug,EXACT_SLUG,1.00,Back,BACK and TRAPEZIUS,Barbell,Trap Bar,,video/BACK and TRAPEZIUS/videos/Trap Bar Shrug.mp4,CONFLICT,local derived slug equals Supabase slug; normalized local name equals normalized Supabase name; local alias equals Supabase name: trap bar shrug; local alias equals Supabase slug: trap bar shrug; incompatible  equipment
3050,Shrug with Stirrups,shrug-with-stirrups,,,,UNMATCHED,0.00,Back,,Cable,,,,UNMATCHED,no deterministic Supabase slug/name/alias/media match
3051,Seated Shrug,seated-shrug,187,Seated Shrug,seated-shrug,EXACT_SLUG,1.00,Back,BACK and TRAPEZIUS,Lever (plate loaded),Lever (plate loaded),,video/BACK and TRAPEZIUS/videos/Seated Shrug.mp4,VERIFIED,local derived slug equals Supabase slug; normalized local name equals normalized Supabase name; local alias equals Supabase name: seated shrug; local alias equals Supabase slug: seated shrug
3052,Gripless Shrug,gripless-shrug,177,Gripless Shrug,gripless-shrug,EXACT_SLUG,1.00,Back,BACK and TRAPEZIUS,Sled,Sled,,video/BACK and TRAPEZIUS/videos/Gripless Shrug (Back).mp4,VERIFIED,local derived slug equals Supabase slug; normalized local name equals normalized Supabase name; local alias equals Supabase name: gripless shrug; local alias equals Supabase slug: gripless shrug
3053,Inverted Shrug,inverted-shrug,178,Inverted Shrug,inverted-shrug,EXACT_SLUG,1.00,Back,BACK and TRAPEZIUS,Body Weight,Body Weight,,video/BACK and TRAPEZIUS/videos/Inverted Shrug (Back).mp4,VERIFIED,local derived slug equals Supabase slug; normalized local name equals normalized Supabase name; local alias equals Supabase name: inverted shrug; local alias equals Supabase slug: inverted shrug
3054,Seated Shoulder External Rotation,seated-shoulder-external-rotation,,,,UNMATCHED,0.00,Back,,Cable,,,,UNMATCHED,no deterministic Supabase slug/name/alias/media match
3055,Seated Shoulder External Rotation: Standing,seated-shoulder-external-rotation-standing,,,,UNMATCHED,0.00,Back,,Cable,,,,UNMATCHED,no deterministic Supabase slug/name/alias/media match
3056,Lying Shoulder External Rotation,lying-shoulder-external-rotation,,,,UNMATCHED,0.00,Back,,Dumbbell,,,,UNMATCHED,no deterministic Supabase slug/name/alias/media match
3057,Upright Shoulder External Rotation (with support),upright-shoulder-external-rotation-with-support,,,,UNMATCHED,0.00,Back,,Dumbbell,,,,UNMATCHED,no deterministic Supabase slug/name/alias/media match
3058,Shoulder External Rotation,shoulder-external-rotation,,,,UNMATCHED,0.00,Back,,Lever (plate loaded),,,,UNMATCHED,no deterministic Supabase slug/name/alias/media match
3059,Standing Shoulder Internal Rotation,standing-shoulder-internal-rotation,,,,UNMATCHED,0.00,Back,,Cable,,,,UNMATCHED,no deterministic Supabase slug/name/alias/media match
3060,Shoulder Internal Rotation,shoulder-internal-rotation,630,Shoulder Internal Rotation,shoulder-internal-rotation,EXACT_SLUG,1.00,Back,shoulders,Dumbbell,Dumbbell,,video/shoulders/gif-female/Shoulder Internal Rotation femme.gif,CONFLICT,local derived slug equals Supabase slug; normalized local name equals normalized Supabase name; local alias equals Supabase name: shoulder internal rotation; local alias equals Supabase slug: shoulder internal rotation; incompatible category
3061,Shoulder Internal Rotation: on floor,shoulder-internal-rotation-on-floor,630,Shoulder Internal Rotation,shoulder-internal-rotation,REVIEW,0.60,Back,shoulders,Dumbbell,Dumbbell,,video/shoulders/gif-female/Shoulder Internal Rotation femme.gif,CONFLICT,candidate similarity score 0.60; incompatible category
3062,Chest Dip: kneeling,chest-dip-kneeling,,,,UNMATCHED,0.00,Chest,,Assisted,,,,UNMATCHED,no deterministic Supabase slug/name/alias/media match
3063,Bench Press: Power Lift,bench-press-power-lift,199,Bench Press,bench-press,REVIEW,0.50,Chest,Chest,Barbell,Barbell,,video/Chest/gif-male/bench press male.gif,CONFLICT,candidate similarity score 0.50; incompatible category
3064,Decline Bench Press,decline-bench-press,248,Decline Barbell Bench Press,decline-barbell-bench-press,HIGH_CONFIDENCE,0.75,Chest,Chest,Barbell,Barbell,,video/Chest/gif-female/barbell-decline-bench-press male.gif,HIGH_CONFIDENCE,context-constrained similarity score 0.75
3065,Flies,fly,194,Cable Fly,cable-fly,REVIEW,0.50,Chest,Chest,Cable,Cable,,video/Chest/gif-female/cable-fly femme.gif,CONFLICT,candidate similarity score 0.50; multiple equal-confidence Supabase candidates
3066,Flies: Lying Fly,fly-lying-fly,210,Lying Chest Fly,lying-chest-fly,HIGH_CONFIDENCE,0.67,Chest,Chest,Cable,Cable,,video/Chest/videos/Flies  Lying Fly (Chest).mp4,HIGH_CONFIDENCE,context-constrained similarity score 0.67
3067,Flies: Seated Fly,fly-seated-fly,237,Seated Chest Fly,seated-chest-fly,HIGH_CONFIDENCE,0.67,Chest,Chest,Cable,Cable,,video/Chest/videos/Flies  Seated Fly (Chest).mp4,HIGH_CONFIDENCE,context-constrained similarity score 0.67
3068,Flies: Standing Fly,fly-standing-fly,614,Standing Cable Reverse Fly,standing-cable-reverse-fly,REVIEW,0.50,Chest,shoulders,Cable,Cable,,video/shoulders/gif-male/Standing cable reverse fly male.gif,CONFLICT,candidate similarity score 0.50; incompatible category
3069,Presses,press,199,Bench Press,bench-press,REVIEW,0.50,Chest,Chest,Cable,Barbell,,video/Chest/gif-male/bench press male.gif,CONFLICT,candidate similarity score 0.50; incompatible  equipment
3070,Presses: Bench Press,press-bench-press,199,Bench Press,bench-press,REVIEW,0.74,Chest,Chest,Cable,Barbell,,video/Chest/gif-male/bench press male.gif,CONFLICT,candidate similarity score 1.00; incompatible  equipment
3071,Presses: Chest Press Standing,press-chest-press-standing,220,Chest Press,chest-press,REVIEW,0.67,Chest,Chest,Cable,Lever (plate loaded),,video/Chest/gif-male/Chest press male.gif,CONFLICT,candidate similarity score 0.67; incompatible  equipment
3072,Presses: Decline Chest Press,press-decline-chest-press,220,Chest Press,chest-press,REVIEW,0.67,Chest,Chest,Cable,Lever (plate loaded),,video/Chest/gif-male/Chest press male.gif,CONFLICT,candidate similarity score 0.67; incompatible  equipment
3073,Fly,fly,,,,UNMATCHED,0.00,Chest,,Dumbbell,,,,UNMATCHED,no deterministic Supabase slug/name/alias/media match
3074,Chest Press,chest-press,220,Chest Press,chest-press,EXACT_SLUG,1.00,Chest,Chest,Lever (plate loaded),Lever (plate loaded),,video/Chest/gif-male/Chest press male.gif,CONFLICT,local derived slug equals Supabase slug; normalized local name equals normalized Supabase name; local alias equals Supabase name: chest press; local alias equals Supabase slug: chest press; incompatible category
3075,Decline Chest Press,decline-chest-press,220,Chest Press,chest-press,HIGH_CONFIDENCE,0.67,Chest,Chest,Lever (plate loaded),Lever (plate loaded),,video/Chest/gif-male/Chest press male.gif,HIGH_CONFIDENCE,context-constrained similarity score 0.67
3076,Flies: Pec Deck Fly,fly-pec-deck-fly,240,Pec Deck,pec-deck,HIGH_CONFIDENCE,0.67,Chest,Chest,Lever (selectorized),Machine,,video/Chest/gif-female/Peck deck  femme.gif,HIGH_CONFIDENCE,context-constrained similarity score 0.67
3077,Presses: Chest Press alternative machine,press-chest-press-alternative-machine,213,Machine Chest Press,machine-chest-press,HIGH_CONFIDENCE,0.75,Chest,Chest,Lever (selectorized),Machine,,video/Chest/gif-female/chest-press-machine male.gif,HIGH_CONFIDENCE,context-constrained similarity score 0.75
3078,Standing Chest Dip,standing-chest-dip,,,,UNMATCHED,0.00,Chest,,Sled,,,,UNMATCHED,no deterministic Supabase slug/name/alias/media match
3079,Push-up: Archer,push-up-archer,,,,UNMATCHED,0.00,Chest,,Body Weight,,,,UNMATCHED,no deterministic Supabase slug/name/alias/media match
3080,Push-up: Incline,push-up-incline,,,,UNMATCHED,0.00,Chest,,Body Weight,,,,UNMATCHED,no deterministic Supabase slug/name/alias/media match
3081,Push-up: on knees,push-up-on-knees,,,,UNMATCHED,0.00,Chest,,Body Weight,,,,UNMATCHED,no deterministic Supabase slug/name/alias/media match
3082,Clap Push-up,clap-push-up,238,Clap Push-Up,clap-push-up,EXACT_SLUG,1.00,Chest,Chest,Plyometric,Plyometric,,video/Chest/gif-male/push up with clap male.gif,VERIFIED,local derived slug equals Supabase slug; normalized local name equals normalized Supabase name; local alias equals Supabase name: clap push up; local alias equals Supabase slug: clap push up
3083,Depth Push-up,depth-push-up,230,Push-Up,push-up,REVIEW,0.67,Chest,Chest,Plyometric,Body Only,,video/Chest/videos/Push-up (Chest).mp4,CONFLICT,candidate similarity score 0.67; incompatible  equipment
3084,Incline Chest Press,incline-chest-press,233,Incline Cable Chest Press,incline-cable-chest-press,HIGH_CONFIDENCE,0.75,Chest,Chest,Cable,Cable,,video/Chest/gif-male/Incline cable chest press male.gif,HIGH_CONFIDENCE,context-constrained similarity score 0.75
3085,Incline Fly,incline-fly,206,Incline Chest Fly,incline-chest-fly,ALIAS_MEDIA_MATCH,0.99,Chest,Chest,Cable,Cable,Incline Fly chest .mp4,video/Chest/videos/Incline Fly chest .mp4,VERIFIED,local linked video filename equals Supabase media filename: Incline Fly chest .mp4
3086,Incline Chest Press: on Military Press Machine,incline-chest-press-on-military-press-machine,213,Machine Chest Press,machine-chest-press,REVIEW,0.50,Chest,Chest,Lever (plate loaded),Machine,,video/Chest/gif-female/chest-press-machine male.gif,REVIEW,candidate similarity score 0.50
3087,Decline Push-up: on stability ball,decline-push-up-on-stability-ball,,,,UNMATCHED,0.00,Chest,,Body Weight,,,,UNMATCHED,no deterministic Supabase slug/name/alias/media match
3088,Standing Fly,standing-fly,614,Standing Cable Reverse Fly,standing-cable-reverse-fly,REVIEW,0.50,Chest,shoulders,Cable Standing Fly,Cable,,video/shoulders/gif-male/Standing cable reverse fly male.gif,CONFLICT,candidate similarity score 0.50; incompatible category
3089,Incline Shoulder Raise,incline-shoulder-raise,223,Incline Shoulder Raise,incline-shoulder-raise-chest,EXACT_NAME,1.00,Chest,Chest,Barbell,Barbell,,video/Chest/videos/Incline Shoulder Raise (Chest).mp4,VERIFIED,normalized local name equals normalized Supabase name; local alias equals Supabase name: incline shoulder raise
3090,Push-up Plus,push-up-plus,230,Push-Up,push-up,REVIEW,0.67,Chest,Chest,Body Weight,Body Only,,video/Chest/videos/Push-up (Chest).mp4,CONFLICT,candidate similarity score 0.67; incompatible  equipment
3091,Bent Knee Good-morning,bent-knee-good-morning,,,,UNMATCHED,0.00,Hips,,Barbell,,,,UNMATCHED,no deterministic Supabase slug/name/alias/media match
3092,Deadlifts,deadlift,175,Deadlift,deadlift,EXACT_SLUG,1.00,Hips,BACK and TRAPEZIUS,Barbell,Barbell,Deadlift .mp4,video/BACK and TRAPEZIUS/videos/Deadlift .mp4,CONFLICT,local derived slug equals Supabase slug; normalized local name equals normalized Supabase name; local alias equals Supabase name: deadlift; local alias equals Supabase slug: deadlift; local linked video filename equals Supabase media filename: Deadlift .mp4; incompatible category
3093,Deadlifts: Stiff-leg Deadlift Straight-back,deadlift-stiff-leg-deadlift-straight-back,523,Stiff Leg Deadlift,stiff-leg-deadlift,REVIEW,0.60,Hips,full legs,Barbell,Barbell,,video/full legs/gif-male/stiff leg deadlift male.gif,CONFLICT,candidate similarity score 0.60; incompatible category
3094,Hip Thrust,hip-thrust,604,Hip Thrust,hip-thrust,EXACT_SLUG,1.00,Hips,full legs,Barbell,Barbell,Barbell Hip Thrust.mp4,video/full legs/gif-female/Hip thrust femme.gif,CONFLICT,local derived slug equals Supabase slug; normalized local name equals normalized Supabase name; local alias equals Supabase name: hip thrust; local alias equals Supabase slug: hip thrust; incompatible category
3095,Lunge,lunge,,,,UNMATCHED,0.00,Hips,,Barbell,,,,UNMATCHED,no deterministic Supabase slug/name/alias/media match
3096,Lunge: Rear Lunge,lunge-rear-lunge,,,,UNMATCHED,0.00,Hips,,Barbell,,,,UNMATCHED,no deterministic Supabase slug/name/alias/media match
3097,Single Leg Split Squat,single-leg-split-squat,,,,UNMATCHED,0.00,Hips,,Barbell,,,,UNMATCHED,no deterministic Supabase slug/name/alias/media match
3098,Single Leg Split Squat: Single Leg Squat,single-leg-split-squat-single-leg-squat,,,,UNMATCHED,0.00,Hips,,Barbell,,,,UNMATCHED,no deterministic Supabase slug/name/alias/media match
3099,Single Leg Split Squat: Split Squat,single-leg-split-squat-split-squat,,,,UNMATCHED,0.00,Hips,,Barbell,,,,UNMATCHED,no deterministic Supabase slug/name/alias/media match
3100,Squat,squat,521,Hack Squat,hack-squat,REVIEW,0.50,Hips,full legs,Barbell,Barbell,,video/full legs/gif-female/Hack squat femme.gif,CONFLICT,candidate similarity score 0.50; incompatible category
3101,Squat: Front Squat,squat-front-squat,,,,UNMATCHED,0.00,Hips,,Barbell,,,,UNMATCHED,no deterministic Supabase slug/name/alias/media match
3102,Squat: Full Squat,squat-full-squat,,,,UNMATCHED,0.00,Hips,,Barbell,,,,UNMATCHED,no deterministic Supabase slug/name/alias/media match
3103,Squat: Safety Squat,squat-safety-squat,,,,UNMATCHED,0.00,Hips,,Barbell,,,,UNMATCHED,no deterministic Supabase slug/name/alias/media match
3104,Step-up,step-up,603,Step Up,step-up,EXACT_SLUG,1.00,Hips,full legs,Barbell,Barbell,,video/full legs/gif-female/Step up femme.gif,CONFLICT,local derived slug equals Supabase slug; normalized local name equals normalized Supabase name; local alias equals Supabase name: step up; local alias equals Supabase slug: step up; incompatible category
3105,Rear Lunge,rear-lunge,,,,UNMATCHED,0.00,Hips,,Cable,,,,UNMATCHED,no deterministic Supabase slug/name/alias/media match
3106,Split Squat,split-squat,,,,UNMATCHED,0.00,Hips,,Cable,,,,UNMATCHED,no deterministic Supabase slug/name/alias/media match
3107,Split Squat: Two Arms,split-squat-two-arms,,,,UNMATCHED,0.00,Hips,,Cable,,,,UNMATCHED,no deterministic Supabase slug/name/alias/media match
3108,Standing Hip Extension: Bent-over,standing-hip-extension-bent-over,,,,UNMATCHED,0.00,Hips,,Cable,,,,UNMATCHED,no deterministic Supabase slug/name/alias/media match
3109,Stiff-leg Deadlift,stiff-leg-deadlift,523,Stiff Leg Deadlift,stiff-leg-deadlift,EXACT_SLUG,1.00,Hips,full legs,Cable,Barbell,,video/full legs/gif-male/stiff leg deadlift male.gif,CONFLICT,local derived slug equals Supabase slug; normalized local name equals normalized Supabase name; local alias equals Supabase name: stiff leg deadlift; local alias equals Supabase slug: stiff leg deadlift; incompatible category equipment
3110,Stiff-leg Deadlift: Straight-back,stiff-leg-deadlift-straight-back,,,,UNMATCHED,0.00,Hips,,Cable,,,,UNMATCHED,no deterministic Supabase slug/name/alias/media match
3111,Step-up: Step Down,step-up-step-down,,,,UNMATCHED,0.00,Hips,,Dumbbell,,,,UNMATCHED,no deterministic Supabase slug/name/alias/media match
3112,Deadlift,deadlift,175,Deadlift,deadlift,EXACT_SLUG,1.00,Hips,BACK and TRAPEZIUS,Lever (plate loaded),Barbell,Deadlift .mp4,video/BACK and TRAPEZIUS/videos/Deadlift .mp4,CONFLICT,local derived slug equals Supabase slug; normalized local name equals normalized Supabase name; local alias equals Supabase name: deadlift; local alias equals Supabase slug: deadlift; local linked video filename equals Supabase media filename: Deadlift .mp4; incompatible category equipment
3113,Deadlift: Stiff-leg Deadlift Straight-back,deadlift-stiff-leg-deadlift-straight-back,,,,UNMATCHED,0.00,Hips,,Lever (plate loaded),,,,UNMATCHED,no deterministic Supabase slug/name/alias/media match
3114,Leg Presses,leg-press,551,Leg Press,leg-press,EXACT_SLUG,1.00,Hips,full legs,Lever (plate loaded),Machine,Leg Press (Feet Shoulder-Width).mp4,video/full legs/gif-female/Leg press femme.gif,VERIFIED,local derived slug equals Supabase slug; normalized local name equals normalized Supabase name; local alias equals Supabase name: leg press; local alias equals Supabase slug: leg press
3115,Leg Presses: 45° Leg Press,leg-press-45-leg-press,551,Leg Press,leg-press,HIGH_CONFIDENCE,0.67,Hips,full legs,Lever (plate loaded),Machine,,video/full legs/gif-female/Leg press femme.gif,HIGH_CONFIDENCE,context-constrained similarity score 0.67
3116,Leg Presses: Lying Leg Press,leg-press-lying-leg-press,551,Leg Press,leg-press,HIGH_CONFIDENCE,0.67,Hips,full legs,Lever (plate loaded),Machine,,video/full legs/gif-female/Leg press femme.gif,HIGH_CONFIDENCE,context-constrained similarity score 0.67
3117,Leg Presses: Seated Leg Press,leg-press-seated-leg-press,551,Leg Press,leg-press,HIGH_CONFIDENCE,0.67,Hips,full legs,Lever (plate loaded),Machine,,video/full legs/gif-female/Leg press femme.gif,HIGH_CONFIDENCE,context-constrained similarity score 0.67
3118,Lying Hip Extension,lying-hip-extension,,,,UNMATCHED,0.00,Hips,,Lever (plate loaded),,,,UNMATCHED,no deterministic Supabase slug/name/alias/media match
3119,Reverse Hyper-extension,reverse-hyper-extension,,,,UNMATCHED,0.00,Hips,,Lever (plate loaded),,,,UNMATCHED,no deterministic Supabase slug/name/alias/media match
3120,Hip Extensions,hip-extension,,,,UNMATCHED,0.00,Hips,,Lever (selectorized),,,,UNMATCHED,no deterministic Supabase slug/name/alias/media match
3121,Hip Extensions: Bent-over,hip-extension-bent-over,,,,UNMATCHED,0.00,Hips,,Lever (selectorized),,,,UNMATCHED,no deterministic Supabase slug/name/alias/media match
3122,Hip Extensions: Lying,hip-extension-lying,,,,UNMATCHED,0.00,Hips,,Lever (selectorized),,,,UNMATCHED,no deterministic Supabase slug/name/alias/media match
3123,Hip Extensions: Standing alternative machine,hip-extension-standing-alternative-machine,,,,UNMATCHED,0.00,Hips,,Lever (selectorized),,,,UNMATCHED,no deterministic Supabase slug/name/alias/media match
3124,Glute Kickback: Bent-over,glute-kick-back-bent-over,,,,UNMATCHED,0.00,Hips,,Lever (selectorized),,,,UNMATCHED,no deterministic Supabase slug/name/alias/media match
3125,Glute Kickback: Kneeling,glute-kick-back-kneeling,,,,UNMATCHED,0.00,Hips,,Lever (selectorized),,,,UNMATCHED,no deterministic Supabase slug/name/alias/media match
3126,Glute Kickback: Standing,glute-kick-back-standing,,,,UNMATCHED,0.00,Hips,,Lever (selectorized),,,,UNMATCHED,no deterministic Supabase slug/name/alias/media match
3127,Squat: V-Squat,squat-v-squat,,,,UNMATCHED,0.00,Hips,,Lever (selectorized),,,,UNMATCHED,no deterministic Supabase slug/name/alias/media match
3128,Squat: Hack Squat,squat-hack-squat,521,Hack Squat,hack-squat,REVIEW,0.74,Hips,full legs,Sled,Barbell,,video/full legs/gif-female/Hack squat femme.gif,CONFLICT,candidate similarity score 1.00; incompatible  equipment
3129,Single Leg Squat,single-leg-squat,,,,UNMATCHED,0.00,Hips,,Weighted,,,,UNMATCHED,no deterministic Supabase slug/name/alias/media match
3130,Split Squat: Single Leg Split Squat,split-squat-single-leg-split-squat,527,Single Leg Dumbbell Squat,single-leg-dumbbell-squat,REVIEW,0.60,Hips,full legs,Body Weight,Dumbbell,,video/full legs/gif-male/Single-leg dumbbell squat male.gif,CONFLICT,candidate similarity score 0.60; incompatible  equipment
3131,Single Leg Stiff Leg Deadlift,single-leg-stiff-leg-deadlift,,,,UNMATCHED,0.00,Hips,,Body Weight,,,,UNMATCHED,no deterministic Supabase slug/name/alias/media match
3132,Single Leg Squat (leg wrapped),single-leg-squat-leg-wrapped,,,,UNMATCHED,0.00,Hips,,Self-assisted,,,,UNMATCHED,no deterministic Supabase slug/name/alias/media match
3133,Step Down,step-down,,,,UNMATCHED,0.00,Hips,,Self-assisted,,,,UNMATCHED,no deterministic Supabase slug/name/alias/media match
3134,Hip Bridge,hip-bridge,,,,UNMATCHED,0.00,Hips,,Suspended,,,,UNMATCHED,no deterministic Supabase slug/name/alias/media match
3135,Hip Abduction,hip-abduction,,,,UNMATCHED,0.00,Hips,,Cable,,,,UNMATCHED,no deterministic Supabase slug/name/alias/media match
3136,Seated Hip Internal Rotation,seated-hip-internal-rotation,,,,UNMATCHED,0.00,Hips,,Cable,,,,UNMATCHED,no deterministic Supabase slug/name/alias/media match
3137,Lying Hip Abduction,lying-hip-abduction,525,Standing Hip Abduction,standing-hip-abduction,REVIEW,0.50,Hips,full legs,Dumbbell,Lever (selectorized),,video/full legs/gif-female/Standing hip abduction femme.gif,CONFLICT,candidate similarity score 0.50; incompatible  equipment
3138,Seated Hip Abduction,seated-hip-abduction,525,Standing Hip Abduction,standing-hip-abduction,REVIEW,0.50,Hips,full legs,Lever (plate loaded),Lever (selectorized),,video/full legs/gif-female/Standing hip abduction femme.gif,REVIEW,candidate similarity score 0.50
3139,Standing Hip Abduction,standing-hip-abduction,525,Standing Hip Abduction,standing-hip-abduction,EXACT_SLUG,1.00,Hips,full legs,Lever (selectorized),Lever (selectorized),,video/full legs/gif-female/Standing hip abduction femme.gif,VERIFIED,local derived slug equals Supabase slug; normalized local name equals normalized Supabase name; local alias equals Supabase name: standing hip abduction; local alias equals Supabase slug: standing hip abduction
3140,Twist,twist,3,Russian Twist,russian-twist,REVIEW,0.50,Hips,ABS,Cable (pull side),Body Only,,video/ABS/gif-male/Russian twist male.gif,CONFLICT,candidate similarity score 0.50; incompatible  equipment
3141,Side Bend,side-bend,10,Side Bend Abs,side-bend-abs,HIGH_CONFIDENCE,0.67,Hips,ABS,Suspended,Suspended,,video/ABS/gif-female/Abs with side bend FEMME.gif,HIGH_CONFIDENCE,context-constrained similarity score 0.67
3142,Assisted Wheel Rollout,assisted-wheel-rollout,,,,UNMATCHED,0.00,Hips,,Cable,,,,UNMATCHED,no deterministic Supabase slug/name/alias/media match
3143,Lying Leg Raise,lying-leg-raise,52,Leg Raise,leg-raise,ALIAS_MEDIA_MATCH,0.99,Hips,ABS,Cable,Bodyweight,leg raises.mp4,video/ABS/videos/leg raises.mp4,CONFLICT,local linked video filename equals Supabase media filename: leg raises.mp4; incompatible  equipment
3144,Lying Leg Raise: on bench,lying-leg-raise-on-bench,33,Bench Leg Raise,bench-leg-raise,REVIEW,0.60,Hips,ABS,Cable,Bench,,video/ABS/gif-male/Bench leg raise abs male.gif,CONFLICT,candidate similarity score 0.60; incompatible  equipment
3145,Lying Leg Raise: Straight Leg,lying-leg-raise-straight-leg,39,Hanging Straight-Leg Raise,hanging-straight-leg-raise,REVIEW,0.60,Hips,ABS,Cable,Weighted,,video/ABS/gif-male/Hanging Leg Raise Straight Leg (Hips) leg raises male.gif,CONFLICT,candidate similarity score 0.60; incompatible  equipment
3146,Standing Leg Raise,standing-leg-raise,52,Leg Raise,leg-raise,REVIEW,0.67,Hips,ABS,Cable,Bodyweight,,video/ABS/videos/leg raises.mp4,CONFLICT,candidate similarity score 0.67; incompatible  equipment
3147,Standing Leg Raise: Straight Leg,standing-leg-raise-straight-leg,39,Hanging Straight-Leg Raise,hanging-straight-leg-raise,REVIEW,0.60,Hips,ABS,Cable,Weighted,,video/ABS/gif-male/Hanging Leg Raise Straight Leg (Hips) leg raises male.gif,CONFLICT,candidate similarity score 0.60; incompatible  equipment
3148,Hip Flexion,hip-flexion,20,Hip Flexion Abs,hip-flexion-abs,HIGH_CONFIDENCE,0.67,Hips,ABS,Lever,Lever,,video/ABS/gif-female/Hip Flexion Abs femme.gif,CONFLICT,context-constrained similarity score 0.67; multiple equal-confidence Supabase candidates
3149,Vertical Leg Raise,vertical-leg-raise,52,Leg Raise,leg-raise,REVIEW,0.67,Hips,ABS,Lever,Bodyweight,,video/ABS/videos/leg raises.mp4,CONFLICT,candidate similarity score 0.67; incompatible  equipment
3150,Hanging Leg Raise: Straight Leg,hanging-leg-raise-straight-leg,39,Hanging Straight-Leg Raise,hanging-straight-leg-raise,HIGH_CONFIDENCE,0.92,Hips,ABS,Weighted,Weighted,,video/ABS/gif-male/Hanging Leg Raise Straight Leg (Hips) leg raises male.gif,HIGH_CONFIDENCE,context-constrained similarity score 1.00
3151,Incline Leg Raise,incline-leg-raise,52,Leg Raise,leg-raise,REVIEW,0.67,Hips,ABS,Weighted,Bodyweight,,video/ABS/videos/leg raises.mp4,CONFLICT,candidate similarity score 0.67; incompatible  equipment
3152,Incline Leg Raise: arms on pads,incline-leg-raise-arms-on-pads,,,,UNMATCHED,0.00,Hips,,Weighted,,,,UNMATCHED,no deterministic Supabase slug/name/alias/media match
3153,Incline Straight Leg Raise,incline-straight-leg-raise,39,Hanging Straight-Leg Raise,hanging-straight-leg-raise,HIGH_CONFIDENCE,0.60,Hips,ABS,Weighted,Weighted,,video/ABS/gif-male/Hanging Leg Raise Straight Leg (Hips) leg raises male.gif,HIGH_CONFIDENCE,context-constrained similarity score 0.60
3154,Incline Straight Leg Raise: arms on pads,incline-straight-leg-raise-arms-on-pads,,,,UNMATCHED,0.00,Hips,,Weighted,,,,UNMATCHED,no deterministic Supabase slug/name/alias/media match
3155,Roman Chair Sit-up,roman-chair-sit-up,2,Sit-Up,sit-up,REVIEW,0.50,Hips,ABS,Weighted,Body Only,,video/ABS/gif-male/conventional sit-up male.gif,CONFLICT,candidate similarity score 0.50; incompatible  equipment
3156,Seated Leg Raise,seated-leg-raise,52,Leg Raise,leg-raise,REVIEW,0.67,Hips,ABS,Weighted,Bodyweight,,video/ABS/videos/leg raises.mp4,CONFLICT,candidate similarity score 0.67; incompatible  equipment
3157,Vertical Leg Raise: on Parallel Bars,vertical-leg-raise-on-parallel-bars,,,,UNMATCHED,0.00,Hips,,Weighted,,,,UNMATCHED,no deterministic Supabase slug/name/alias/media match
3158,Vertical Leg Raise: Straight Leg,vertical-leg-raise-straight-leg,39,Hanging Straight-Leg Raise,hanging-straight-leg-raise,HIGH_CONFIDENCE,0.60,Hips,ABS,Weighted,Weighted,,video/ABS/gif-male/Hanging Leg Raise Straight Leg (Hips) leg raises male.gif,HIGH_CONFIDENCE,context-constrained similarity score 0.60
3159,Leg Raises,leg-raise,52,Leg Raise,leg-raise,EXACT_SLUG,1.00,Hips,ABS,Body Weight,Bodyweight,leg raises.mp4,video/ABS/videos/leg raises.mp4,CONFLICT,local derived slug equals Supabase slug; normalized local name equals normalized Supabase name; local alias equals Supabase name: leg raise; local alias equals Supabase slug: leg raise; local linked video filename equals Supabase media filename: leg raises.mp4; incompatible  equipment
3160,Leg Raises: Hanging Leg Raise with ab straps Straight Leg,leg-raise-hanging-leg-raise-with-ab-straps-straight-leg,39,Hanging Straight-Leg Raise,hanging-straight-leg-raise,REVIEW,0.57,Hips,ABS,Body Weight,Weighted,,video/ABS/gif-male/Hanging Leg Raise Straight Leg (Hips) leg raises male.gif,CONFLICT,candidate similarity score 0.57; incompatible  equipment
3161,Leg Raises: Incline Leg Raise arms on pads,leg-raise-incline-leg-raise-arms-on-pads,,,,UNMATCHED,0.00,Hips,,Body Weight,,,,UNMATCHED,no deterministic Supabase slug/name/alias/media match
3162,Leg Raises: Incline Straight Leg Raise arms on pads,leg-raise-incline-straight-leg-raise-arms-on-pads,,,,UNMATCHED,0.00,Hips,,Body Weight,,,,UNMATCHED,no deterministic Supabase slug/name/alias/media match
3163,Leg Raises: Lying Leg Raise Alternating on floor,leg-raise-lying-leg-raise-alternating-on-floor,19,Floor Leg Raise,floor-leg-raise,REVIEW,0.50,Hips,ABS,Body Weight,Bodyweight,,video/ABS/gif-female/Floor leg raise femme.gif,CONFLICT,candidate similarity score 0.50; incompatible  equipment
3164,Leg Raises: Lying Straight Leg Raise Alternating,leg-raise-lying-straight-leg-raise-alternating,39,Hanging Straight-Leg Raise,hanging-straight-leg-raise,REVIEW,0.50,Hips,ABS,Body Weight,Weighted,,video/ABS/gif-male/Hanging Leg Raise Straight Leg (Hips) leg raises male.gif,CONFLICT,candidate similarity score 0.50; incompatible  equipment
3165,Leg Raises: Seated Leg Raise,leg-raise-seated-leg-raise,52,Leg Raise,leg-raise,REVIEW,0.67,Hips,ABS,Body Weight,Bodyweight,,video/ABS/videos/leg raises.mp4,CONFLICT,candidate similarity score 0.67; incompatible  equipment
3166,Leg Raises: Vertical Leg Raise on parallel bars Straight Leg,leg-raise-vertical-leg-raise-on-parallel-bars-straight-leg,,,,UNMATCHED,0.00,Hips,,Body Weight,,,,UNMATCHED,no deterministic Supabase slug/name/alias/media match
3167,Jack-knife on Ball,jack-knife-on-ball,,,,UNMATCHED,0.00,Hips,,Body Weight,,,,UNMATCHED,no deterministic Supabase slug/name/alias/media match
3168,Wheel,wheel,,,,UNMATCHED,0.00,Hips,,Body Weight,,,,UNMATCHED,no deterministic Supabase slug/name/alias/media match
3169,Wheel: Jack-Knife,wheel-jack-knife,,,,UNMATCHED,0.00,Hips,,Body Weight,,,,UNMATCHED,no deterministic Supabase slug/name/alias/media match
3170,Wheel: Rollout,wheel-rollout,,,,UNMATCHED,0.00,Hips,,Body Weight,,,,UNMATCHED,no deterministic Supabase slug/name/alias/media match
3171,Wheel: Pike,wheel-pike,,,,UNMATCHED,0.00,Hips,,Body Weight,,,,UNMATCHED,no deterministic Supabase slug/name/alias/media match
3172,Discs,discs,,,,UNMATCHED,0.00,Hips,,Body Weight,,,,UNMATCHED,no deterministic Supabase slug/name/alias/media match
3173,Discs: Pike,discs-pike,,,,UNMATCHED,0.00,Hips,,Body Weight,,,,UNMATCHED,no deterministic Supabase slug/name/alias/media match
3174,Pike,pike,,,,UNMATCHED,0.00,Hips,,Suspended,,,,UNMATCHED,no deterministic Supabase slug/name/alias/media match
3175,Single Leg Split Squat: Side Split Squat,single-leg-split-squat-side-split-squat,,,,UNMATCHED,0.00,Thighs,,Barbell,,,,UNMATCHED,no deterministic Supabase slug/name/alias/media match
3176,Squat: Trap Bar Squat,squat-trap-bar-squat,,,,UNMATCHED,0.00,Thighs,,Barbell,,,,UNMATCHED,no deterministic Supabase slug/name/alias/media match
3177,Single Leg Squat (plate loaded),single-leg-squat-plate-loaded,,,,UNMATCHED,0.00,Thighs,,Lever (plate loaded),,,,UNMATCHED,no deterministic Supabase slug/name/alias/media match
3178,Squat: Barbell Machine,squat-barbell-machine,591,Machine Squat,machine-squat,REVIEW,0.67,Thighs,full legs,Lever (plate loaded),Machine,,video/full legs/gif-male/machine squat male.gif,CONFLICT,candidate similarity score 0.67; incompatible category
3179,V-Squat,v-squat,,,,UNMATCHED,0.00,Thighs,,Lever (selectorized),,,,UNMATCHED,no deterministic Supabase slug/name/alias/media match
3180,Single Leg Squat: Box,single-leg-squat-box,,,,UNMATCHED,0.00,Thighs,,Body Weight,,,,UNMATCHED,no deterministic Supabase slug/name/alias/media match
3181,Hyperextension,hyperextension,64,Back Extension,back-extension,ALIAS_MEDIA_MATCH,0.99,Thighs,BACK and TRAPEZIUS,Barbell,Body Only,Back Extensions .mp4,video/BACK and TRAPEZIUS/gif-female/Trunk hyperextension femme.gif,CONFLICT,local linked video filename equals Supabase media filename: Back Extensions .mp4; incompatible  equipment
3182,Hyperextension (45°),hyperextension-45,,,,UNMATCHED,0.00,Thighs,,Barbell,,,,UNMATCHED,no deterministic Supabase slug/name/alias/media match
3183,Straight-leg Deadlift,straight-leg-deadlift,523,Stiff Leg Deadlift,stiff-leg-deadlift,REVIEW,0.50,Thighs,full legs,Barbell,Barbell,,video/full legs/gif-male/stiff leg deadlift male.gif,CONFLICT,candidate similarity score 0.50; incompatible category
3184,Straight-leg Deadlift: Straight-back,straight-leg-deadlift-straight-back,,,,UNMATCHED,0.00,Thighs,,Barbell,,,,UNMATCHED,no deterministic Supabase slug/name/alias/media match
3185,Straight-back Straight-leg Deadlift,straight-back-straight-leg-deadlift,,,,UNMATCHED,0.00,Thighs,,Cable,,,,UNMATCHED,no deterministic Supabase slug/name/alias/media match
3186,Kneeling Leg Curl,kneeling-leg-curl,,,,UNMATCHED,0.00,Thighs,,Lever (plate loaded),,,,UNMATCHED,no deterministic Supabase slug/name/alias/media match
3187,Bent-over Leg Curl,bent-over-leg-curl,,,,UNMATCHED,0.00,Thighs,,Lever (selectorized),,,,UNMATCHED,no deterministic Supabase slug/name/alias/media match
3188,Hamstring Raise,hamstring-raise,,,,UNMATCHED,0.00,Thighs,,Band-assisted,,,,UNMATCHED,no deterministic Supabase slug/name/alias/media match
3189,Glute-Ham Raise: hands behind hips,glute-ham-raise-hands-behind-hips,,,,UNMATCHED,0.00,Thighs,,Body Weight,,,,UNMATCHED,no deterministic Supabase slug/name/alias/media match
3190,Single Leg Hanging Hamstring Bridge,single-leg-hanging-hamstring-bridge,,,,UNMATCHED,0.00,Thighs,,Body Weight,,,,UNMATCHED,no deterministic Supabase slug/name/alias/media match
3191,Single Leg 45° Hyperextension,single-leg-45-hyperextension,,,,UNMATCHED,0.00,Thighs,,Body Weight,,,,UNMATCHED,no deterministic Supabase slug/name/alias/media match
3192,Straight Hip Leg Curl (on ball),straight-hip-leg-curl-on-ball,,,,UNMATCHED,0.00,Thighs,,Body Weight,,,,UNMATCHED,no deterministic Supabase slug/name/alias/media match
3193,Inverse Leg Curl,inverse-leg-curl,,,,UNMATCHED,0.00,Thighs,,Self-assisted,,,,UNMATCHED,no deterministic Supabase slug/name/alias/media match
3194,Hanging Leg Curl,hanging-leg-curl,,,,UNMATCHED,0.00,Thighs,,Suspended,,,,UNMATCHED,no deterministic Supabase slug/name/alias/media match
3195,Straight Hip Leg Curl,straight-hip-leg-curl,,,,UNMATCHED,0.00,Thighs,,Suspended,,,,UNMATCHED,no deterministic Supabase slug/name/alias/media match
3196,Hip Adduction,hip-adduction,,,,UNMATCHED,0.00,Thighs,,Cable,,,,UNMATCHED,no deterministic Supabase slug/name/alias/media match
3197,Seated Hip Adduction,seated-hip-adduction,,,,UNMATCHED,0.00,Thighs,,Lever (plate loaded),,,,UNMATCHED,no deterministic Supabase slug/name/alias/media match
3198,Standing Hip Adduction,standing-hip-adduction,525,Standing Hip Abduction,standing-hip-abduction,REVIEW,0.50,Thighs,full legs,Lever (selectorized),Lever (selectorized),,video/full legs/gif-female/Standing hip abduction femme.gif,CONFLICT,candidate similarity score 0.50; multiple equal-confidence Supabase candidates
3199,Lying Hip Adduction,lying-hip-adduction,,,,UNMATCHED,0.00,Thighs,,Weighted,,,,UNMATCHED,no deterministic Supabase slug/name/alias/media match
3200,Standing Calf Raise: One Arm Single Leg Calf Raise,standing-calf-raise-single-arm-single-leg-calf-raise,,,,UNMATCHED,0.00,Calves,,Cable,,,,UNMATCHED,no deterministic Supabase slug/name/alias/media match
3201,Standing Calf Raise: Single Leg,standing-calf-raise-single-leg,504,Standing Single Leg Calf Raise,standing-single-leg-calf-raise,REVIEW,0.74,Calves,full legs,Dumbbell,Dumbbell,,video/full legs/gif-female/Standing single-leg calf raise femme.gif,CONFLICT,candidate similarity score 1.00; incompatible category
3202,45° Calf Press,45-calf-press,605,45 Degree Leg Press Calf Raise,45-degree-leg-press-calf-raise,REVIEW,0.50,Calves,full legs,Lever (plate loaded),Machine,,video/full legs/gif-male/45-Degree Leg Press Calf Raise male.gif,REVIEW,candidate similarity score 0.50
3203,Calf Extension,calf-extension,,,,UNMATCHED,0.00,Calves,,Lever (plate loaded),,,,UNMATCHED,no deterministic Supabase slug/name/alias/media match
3204,Seated Calf Press,seated-calf-press,597,Seated Calf Raise,seated-calf-raise,REVIEW,0.50,Calves,full legs,Lever (plate loaded),Machine,,video/full legs/gif-female/seated calf raise femme.gif,REVIEW,candidate similarity score 0.50
3205,45° Calf Raise,45-calf-raise,512,Negative Calf Raise,negative-calf-raise,REVIEW,0.50,Calves,full legs,Lever (selectorized),Bodyweight,,video/full legs/gif-male/negative calf raise male.gif,CONFLICT,candidate similarity score 0.50; incompatible  equipment
3206,Donkey Calf Raise,donkey-calf-raise,579,Donkey Calf Raise,donkey-calf-raise,EXACT_SLUG,1.00,Calves,full legs,Lever (selectorized),Lever (selectorized),,video/full legs/gif-male/donkey calf raise male.gif,CONFLICT,local derived slug equals Supabase slug; normalized local name equals normalized Supabase name; local alias equals Supabase name: donkey calf raise; local alias equals Supabase slug: donkey calf raise; incompatible category
3207,Lying Calf Press,lying-calf-press,,,,UNMATCHED,0.00,Calves,,Sled,,,,UNMATCHED,no deterministic Supabase slug/name/alias/media match
3208,Single Leg Calf Raise,single-leg-calf-raise,536,Single Leg Calf Raise,single-leg-calf-raise,EXACT_SLUG,1.00,Calves,full legs,Weighted,Weighted,,video/full legs/gif-male/single-leg calf raise male.gif,CONFLICT,local derived slug equals Supabase slug; normalized local name equals normalized Supabase name; local alias equals Supabase name: single leg calf raise; local alias equals Supabase slug: single leg calf raise; incompatible category
3209,Forward Angled Single Leg Calf Raise,forward-angled-single-leg-calf-raise,,,,UNMATCHED,0.00,Calves,,Suspended,,,,UNMATCHED,no deterministic Supabase slug/name/alias/media match
3210,Safety Barbell Seated Calf Raise,safety-barbell-seated-calf-raise,597,Seated Calf Raise,seated-calf-raise,REVIEW,0.60,Calves,full legs,Barbell,Machine,,video/full legs/gif-female/seated calf raise femme.gif,CONFLICT,candidate similarity score 0.60; incompatible  equipment
3211,Safety Bar Reverse Calf Raise,safety-bar-reverse-calf-raise,,,,UNMATCHED,0.00,Calves,,Barbell,,,,UNMATCHED,no deterministic Supabase slug/name/alias/media match
3212,Reverse Calf Raise,reverse-calf-raise,,,,UNMATCHED,0.00,Calves,,Cable,,,,UNMATCHED,no deterministic Supabase slug/name/alias/media match
3213,Reverse Calf Raise: Single Leg,reverse-calf-raise-single-leg,,,,UNMATCHED,0.00,Calves,,Cable,,,,UNMATCHED,no deterministic Supabase slug/name/alias/media match
3214,45° Reverse Calf Press,45-reverse-calf-press,,,,UNMATCHED,0.00,Calves,,Lever (plate loaded),,,,UNMATCHED,no deterministic Supabase slug/name/alias/media match
3215,45° Reverse Calf Raise,45-reverse-calf-raise,,,,UNMATCHED,0.00,Calves,,Lever (plate loaded),,,,UNMATCHED,no deterministic Supabase slug/name/alias/media match
3216,Reverse Calf Extension,reverse-calf-extension,,,,UNMATCHED,0.00,Calves,,Lever (plate loaded),,,,UNMATCHED,no deterministic Supabase slug/name/alias/media match
3217,45° Reverse Calf Raise (plate loaded),45-reverse-calf-raise-plate-loaded,,,,UNMATCHED,0.00,Calves,,Sled,,,,UNMATCHED,no deterministic Supabase slug/name/alias/media match
3218,45° Reverse Calf Raise (on hack press),45-reverse-calf-raise-on-hack-press,,,,UNMATCHED,0.00,Calves,,Sled,,,,UNMATCHED,no deterministic Supabase slug/name/alias/media match
3219,Hack Reverse Calf Raise,hack-reverse-calf-raise,,,,UNMATCHED,0.00,Calves,,Sled,,,,UNMATCHED,no deterministic Supabase slug/name/alias/media match
3220,Lying Reverse Calf Press,lying-reverse-calf-press,,,,UNMATCHED,0.00,Calves,,Sled,,,,UNMATCHED,no deterministic Supabase slug/name/alias/media match
3221,Seated Reverse Calf Press,seated-reverse-calf-press,,,,UNMATCHED,0.00,Calves,,Sled,,,,UNMATCHED,no deterministic Supabase slug/name/alias/media match
3222,Retraction,retraction,,,,UNMATCHED,0.00,Neck,,Stretch,,,,UNMATCHED,no deterministic Supabase slug/name/alias/media match
3223,Neck Extensor,neck-extensor,,,,UNMATCHED,0.00,Neck,,Stretch,,,,UNMATCHED,no deterministic Supabase slug/name/alias/media match
3224,Doorway,doorway,,,,UNMATCHED,0.00,Shoulder,,Stretch,,,,UNMATCHED,no deterministic Supabase slug/name/alias/media match
3225,Wall,wall,,,,UNMATCHED,0.00,Shoulder,,Stretch,,,,UNMATCHED,no deterministic Supabase slug/name/alias/media match
3226,Side Deltoid,side-deltoid,,,,UNMATCHED,0.00,Shoulder,,Stretch,,,,UNMATCHED,no deterministic Supabase slug/name/alias/media match
3227,Rear Deltoid,rear-deltoid,,,,UNMATCHED,0.00,Shoulder,,Stretch,,,,UNMATCHED,no deterministic Supabase slug/name/alias/media match
3228,Overhead,overhead,,,,UNMATCHED,0.00,Upper Arms,,Stretch,,,,UNMATCHED,no deterministic Supabase slug/name/alias/media match
3229,Towel,towel,,,,UNMATCHED,0.00,Upper Arms,,Stretch,,,,UNMATCHED,no deterministic Supabase slug/name/alias/media match
3230,Seated,seated,187,Seated Shrug,seated-shrug,REVIEW,0.50,Upper Arms,BACK and TRAPEZIUS,Stretch,Lever (plate loaded),,video/BACK and TRAPEZIUS/videos/Seated Shrug.mp4,CONFLICT,candidate similarity score 0.50; incompatible  equipment
3231,Standing,standing,,,,UNMATCHED,0.00,Forearm,,Stretch,,,,UNMATCHED,no deterministic Supabase slug/name/alias/media match
3232,Kneeling,kneeling,,,,UNMATCHED,0.00,Forearm,,Stretch,,,,UNMATCHED,no deterministic Supabase slug/name/alias/media match
3233,Single Arm,single-arm,461,Cable One Arm Curl,cable-one-arm-curl,REVIEW,0.50,Forearm,Full Arms,Stretch,Cable,,video/Full Arms/Biceps and Forearm/gif-female/cable-one-arm-curl femme.gif,CONFLICT,candidate similarity score 0.50; incompatible  equipment
3234,Fixed Bar,fixed-bar,,,,UNMATCHED,0.00,Back,,Stretch,,,,UNMATCHED,no deterministic Supabase slug/name/alias/media match
3235,Lever,lever,,,,UNMATCHED,0.00,Back,,Stretch,,,,UNMATCHED,no deterministic Supabase slug/name/alias/media match
3236,Bar,bar,,,,UNMATCHED,0.00,Back,,Stretch,,,,UNMATCHED,no deterministic Supabase slug/name/alias/media match
3237,Supine Lat,supine-lat,,,,UNMATCHED,0.00,Back,,Stretch,,,,UNMATCHED,no deterministic Supabase slug/name/alias/media match
3238,Standing Side Reach,standing-side-reach,,,,UNMATCHED,0.00,Back,,Stretch,,,,UNMATCHED,no deterministic Supabase slug/name/alias/media match
3239,Upper Trapezius,upper-trapezius,,,,UNMATCHED,0.00,Back,,Stretch,,,,UNMATCHED,no deterministic Supabase slug/name/alias/media match
3240,Hugging,hugging,,,,UNMATCHED,0.00,Back,,Stretch Fixed Bar Hugging,,,,UNMATCHED,no deterministic Supabase slug/name/alias/media match
3241,Broomstick,broomstick,,,,UNMATCHED,0.00,Back,,Stretch,,,,UNMATCHED,no deterministic Supabase slug/name/alias/media match
3242,Side Lying,side-lying,,,,UNMATCHED,0.00,Back,,Stretch,,,,UNMATCHED,no deterministic Supabase slug/name/alias/media match
3243,Side Lying Teres Minor,side-lying-teres-minor,,,,UNMATCHED,0.00,Back,,Stretch,,,,UNMATCHED,no deterministic Supabase slug/name/alias/media match
3244,Behind Head,behind-head,,,,UNMATCHED,0.00,Chest,,Stretch,,,,UNMATCHED,no deterministic Supabase slug/name/alias/media match
3245,Straight Arm,straight-arm,,,,UNMATCHED,0.00,Chest,,Stretch,,,,UNMATCHED,no deterministic Supabase slug/name/alias/media match
3246,Lying,lying,,,,UNMATCHED,0.00,Hips,,Stretch,,,,UNMATCHED,no deterministic Supabase slug/name/alias/media match
3247,Lying: Modified,lying-modified,,,,UNMATCHED,0.00,Hips,,Stretch,,,,UNMATCHED,no deterministic Supabase slug/name/alias/media match
3248,Lying: PNF,lying-pnf,,,,UNMATCHED,0.00,Hips,,Stretch,,,,UNMATCHED,no deterministic Supabase slug/name/alias/media match
3249,Lying Wall,lying-wall,,,,UNMATCHED,0.00,Hips,,Stretch,,,,UNMATCHED,no deterministic Supabase slug/name/alias/media match
3250,Seated: Chair,seated-chair,,,,UNMATCHED,0.00,Hips,,Stretch,,,,UNMATCHED,no deterministic Supabase slug/name/alias/media match
3251,Seated: Floor PNF,seated-floor-pnf,,,,UNMATCHED,0.00,Hips,,Stretch,,,,UNMATCHED,no deterministic Supabase slug/name/alias/media match
3252,Squatting,squatting,,,,UNMATCHED,0.00,Hips,,Stretch,,,,UNMATCHED,no deterministic Supabase slug/name/alias/media match
3253,Lying Crossover,lying-crossover,,,,UNMATCHED,0.00,Hips,,Stretch (Gluteus Medius & Minimus),,,,UNMATCHED,no deterministic Supabase slug/name/alias/media match
3254,Lying Crossover: PNF,lying-crossover-pnf,,,,UNMATCHED,0.00,Hips,,Stretch (Gluteus Medius & Minimus),,,,UNMATCHED,no deterministic Supabase slug/name/alias/media match
3255,Seated Hip Internal Rotator,seated-hip-internal-rotator,,,,UNMATCHED,0.00,Hips,,Stretch (Gluteus Medius & Minimus),,,,UNMATCHED,no deterministic Supabase slug/name/alias/media match
3256,Seated Hip Internal Rotator: Bent Leg Down,seated-hip-internal-rotator-bent-leg-down,,,,UNMATCHED,0.00,Hips,,Stretch (Gluteus Medius & Minimus),,,,UNMATCHED,no deterministic Supabase slug/name/alias/media match
3257,Seated Pretzel,seated-pretzel,,,,UNMATCHED,0.00,Hips,,Stretch (Gluteus Medius & Minimus),,,,UNMATCHED,no deterministic Supabase slug/name/alias/media match
3258,Standing Iliotibial,standing-iliotibial,,,,UNMATCHED,0.00,Hips,,Stretch (Tensor Fasciae Latae),,,,UNMATCHED,no deterministic Supabase slug/name/alias/media match
3259,Wall Iliotibial,wall-iliotibial,,,,UNMATCHED,0.00,Hips,,Stretch (Tensor Fasciae Latae),,,,UNMATCHED,no deterministic Supabase slug/name/alias/media match
3260,Bentover Lunging,bentover-lunging,,,,UNMATCHED,0.00,Hips,,Stretch (Iliopsoas),,,,UNMATCHED,no deterministic Supabase slug/name/alias/media match
3261,Lying Piriformis Stretch (single leg),lying-piriformis-stretch-single-leg,,,,UNMATCHED,0.00,Hips,,Stretch (Piriformis),,,,UNMATCHED,no deterministic Supabase slug/name/alias/media match
3262,PNF Lying Piriformis Stretch,pnf-lying-piriformis-stretch,,,,UNMATCHED,0.00,Hips,,Stretch (Piriformis),,,,UNMATCHED,no deterministic Supabase slug/name/alias/media match
3263,Seated Piriformis Stretch (chair or bench),seated-piriformis-stretch-chair-or-bench,,,,UNMATCHED,0.00,Hips,,Stretch (Piriformis),,,,UNMATCHED,no deterministic Supabase slug/name/alias/media match
3264,Lying (Side),lying-side,,,,UNMATCHED,0.00,Thighs,,Stretch,,,,UNMATCHED,no deterministic Supabase slug/name/alias/media match
3265,PNF Lying (prone) Quadriceps Stretch,pnf-lying-prone-quadriceps-stretch,,,,UNMATCHED,0.00,Thighs,,Stretch,,,,UNMATCHED,no deterministic Supabase slug/name/alias/media match
3266,Lever: Seated,lever-seated,,,,UNMATCHED,0.00,Thighs,,Stretch,,,,UNMATCHED,no deterministic Supabase slug/name/alias/media match
3267,Lever: Lying,lever-lying,560,Lever Lying Leg Curl,lever-lying-leg-curl,REVIEW,0.50,Thighs,full legs,Stretch,Machine,,video/full legs/gif-male/Lever Lying Leg Curl male.gif,CONFLICT,candidate similarity score 0.50; incompatible  equipment
3268,Seated: Single Leg,seated-single-leg,,,,UNMATCHED,0.00,Thighs,,Stretch,,,,UNMATCHED,no deterministic Supabase slug/name/alias/media match
3269,Seated Single Leg (Bench),seated-single-leg-bench,,,,UNMATCHED,0.00,Thighs,,Stretch,,,,UNMATCHED,no deterministic Supabase slug/name/alias/media match
3270,Seated Adductor Magnus Stretch (chair or bench),seated-adductor-magnus-stretch-chair-or-bench,,,,UNMATCHED,0.00,Thighs,,Stretch,,,,UNMATCHED,no deterministic Supabase slug/name/alias/media match
3271,Lying Wall Groin,lying-wall-groin,,,,UNMATCHED,0.00,Thighs,,Stretch,,,,UNMATCHED,no deterministic Supabase slug/name/alias/media match
3272,Seated Groin,seated-groin,,,,UNMATCHED,0.00,Thighs,,Stretch,,,,UNMATCHED,no deterministic Supabase slug/name/alias/media match
3273,Seated Groin: Apparatus,seated-groin-apparatus,,,,UNMATCHED,0.00,Thighs,,Stretch,,,,UNMATCHED,no deterministic Supabase slug/name/alias/media match
3274,Seated Groin: Chair or Bench,seated-groin-chair-or-bench,,,,UNMATCHED,0.00,Thighs,,Stretch,,,,UNMATCHED,no deterministic Supabase slug/name/alias/media match
3275,Seated Groin: Lever,seated-groin-lever,,,,UNMATCHED,0.00,Thighs,,Stretch,,,,UNMATCHED,no deterministic Supabase slug/name/alias/media match
3276,Side Lunge,side-lunge,,,,UNMATCHED,0.00,Thighs,,Stretch,,,,UNMATCHED,no deterministic Supabase slug/name/alias/media match
3277,Walking Quadriceps Stretch,walking-quadriceps-stretch,,,,UNMATCHED,0.00,Thighs,,Dynamic Stretch,,,,UNMATCHED,no deterministic Supabase slug/name/alias/media match
3278,Soldier Kick,soldier-kick,,,,UNMATCHED,0.00,Thighs,,Dynamic Stretch,,,,UNMATCHED,no deterministic Supabase slug/name/alias/media match
3279,Floor Board,floor-board,,,,UNMATCHED,0.00,Calves,,Stretch,,,,UNMATCHED,no deterministic Supabase slug/name/alias/media match
3280,Step,step,,,,UNMATCHED,0.00,Calves,,Stretch,,,,UNMATCHED,no deterministic Supabase slug/name/alias/media match
